post_id,collection_method,keyword_used,post_date,parent_4,parent_3,parent_2,parent_1,target_text,context_size_available,context_needed,HS,AL,label,target_group,target_group_attribute,context_type
1,browsing,,2026-07-29,,,,Ada rekomendasi tempat makan enak di sekitar [LOCATION_A] yang buka 24 jam?,"cobain deh mampir ke warkop sebelah [ORGANIZATION_A], indomie nyemeknya juara banget beneran gaboong 😭👍",1,0,0,0,neither,none,,explicit
2,browsing,,2026-07-29,,,,BREAKING: Pemerintah akan menghapus subsidi KRL untuk golongan tertentu mulai tahun depan. [URL],Kebijakan ini perlu dianalisis lebih lanjut. Bagaimana cara menentukan golongan yang berhak dan tidak? Takutnya malah salah sasaran dan merugikan pekerja.,1,0,0,0,neither,institution_policy_idea,,explicit
3,browsing,,2026-07-29,,,,"Semangat pagi! Hari ini ujian skripsi, doain ya manteman 🙏","Semangaaat!!! kamu pasti bisa, jangan lupa sarapan dulu ya biar fokus pas ditanya dosen ntar 🔥",1,0,0,0,neither,none,,explicit
4,browsing,,2026-07-29,,,,"Cewek tuh ngapain sih sekolah tinggi-tinggi, toh akhirnya ke dapur juga wkwk.",Opini kek ini sangat merendahkan perempuan. Pendidikan itu hak semua orang. Tolong ubah cara pandangmu yang kuno itu.,1,0,0,0,neither,none,,explicit
5,browsing,,2026-07-29,,,,iPhone seri terbaru katanya layarnya gampang burn-in ya?,"Gak juga sih, aku udah pake 3 bulan aman-aman aja. Tergantung pemakaian aja kayaknya, jgn sering2 dipake di brightness maksimal.",1,0,0,0,neither,institution_policy_idea,,explicit
6,browsing,,2026-07-29,,,,Info loker dong untuk lulusan SMA di daerah [LOCATION_A].,"Coba cek IG nya [ORGANIZATION_A], kemarin kyknya lagi buka lowongan buat admin gudang deh. Semoga rejekinya ya.",1,0,0,0,neither,none,,explicit
7,browsing,,2026-07-29,,,,Gila ya cuaca hari ini panas banget berasa simulasi neraka bocor 🥵,Asliii kipas angin di kamar sampe muter angin panas doang saking teriknya. Jangan lupa banyak minum air putih guys!,1,0,0,0,neither,none,,explicit
8,browsing,,2026-07-29,,,,MU kalah lagi bangkeee emang susah dukung klub lawak.,"Wajar sih kalah, taktik pelatihnya kebaca banget dari babak pertama. Lini tengahnya juga bolong melulu.",1,0,0,0,neither,non_protected_group,,explicit
9,browsing,,2026-07-29,,,,Kenapa sih orang-orang suka banget nongkrong di cafe mahal padahal rasanya biasa aja?,Ya namanya juga nyari suasana atau tempat buat nugas yang nyaman. Selama pake uang sendiri mah bebas-bebas aja.,1,0,0,0,neither,none,,explicit
10,browsing,,2026-07-29,,,,"Tolong bantu RT ya, kucing aku hilang di sekitar [LOCATION_A] cirinya pakai kalung warna merah [URL]",Ya ampun lucunya 🥺 Semoga cepet ketemu ya kucingnya! Udah coba cari di sekitar selokan atau kolong mobil tetangga belum kak?,1,0,0,0,neither,none,,explicit
11,browsing,,2026-07-29,,,,Skincare merk [ORGANIZATION_A] ini beneran bagus ga sih buat jerawat?,"Di aku sih ngaruh banget kempesin jerawat dalam 2 hari, tapi di temenku malah bikin breakout. Cocok-cocokan sih emang skincare tuh.",1,0,0,0,neither,institution_policy_idea,,explicit
12,browsing,,2026-07-29,,,,"Pengen resign tapi belum dapet kerjaan baru, mending gimana ya?","Mending tahan dulu kak, kondisi ekonomi lagi susah dan nyari kerja sekarang saingannya gila-gilaan. Paling ngga tabungan aman untuk 6 bln ke depan.",1,0,0,0,neither,none,,explicit
13,browsing,,2026-07-29,,,,"Gak ngerti sama sistem zonasi sekarang, anak berprestasi malah ga dapet sekolah negeri favorit.","Sistem zonasi tujuannya pemerataan pendidikan. Sayangnya infrastruktur tiap sekolah kan beda-beda ya, ini yg jadi masalah utamanya.",1,0,0,0,neither,institution_policy_idea,,explicit
14,browsing,,2026-07-29,,,,"Hari ini [PERSON_A] rilis lagu baru, udah pada dengerin belum?","Udahhh! Beat-nya asik banget bikin pengen joget, tapi jujur liriknya agak terlalu klise sih dibanding album sebelumnya.",1,0,0,0,neither,institution_policy_idea,,explicit
15,browsing,,2026-07-29,,,,Jalan tol arah [LOCATION_A] macet parah ada apaan sih astaga.,Tadi lewat situ katanya ada kecelakaan beruntun truk logistik kak. Mending cari jalan alternatif lewat jalur bawah aja biar ga kejebak lama.,1,0,0,0,neither,none,,explicit
16,browsing,,2026-07-29,,,,"Koruptor di negara ini hukumannya terlalu ringan, makanya ga ada efek jera!",Setuju. Sistem peradilan kita perlu dievaluasi total. Hukuman pemiskinan koruptor harus segera disahkan menjadi undang-undang.,1,0,0,0,neither,institution_policy_idea,,explicit
17,browsing,,2026-07-29,,,,Kalian tim bubur diaduk atau gak diaduk?,Jelas tim ga diaduk lah! Estetika buburnya tetep terjaga pas dimakan wkwk. Tapi bebas aja sih selera masing-masing.,1,0,0,0,neither,none,,explicit
18,browsing,,2026-07-29,,,,Film horor indo sekarang kenapa sih modal jumpscare doang jalan ceritanya kopong.,"Bener banget, CGI nya juga kadang masih kasar. Padahal folklore lokal kita tuh serem-serem lho kalau dieksekusi dengan naskah yang mateng.",1,0,0,0,neither,institution_policy_idea,,explicit
19,browsing,,2026-07-29,,,,"Capek banget tiap hari dikasih revisian sama dosen pembimbing, pengen nangis rasanya 😭","Gapapa nangis aja keluarin biar lega, abis itu gas ngerjain lagi. Namanya juga proses skripsi, bentar lagi lulus kok. Semangat!!!",1,0,0,0,neither,none,,explicit
20,browsing,,2026-07-29,,,,Ada yang tau cara ngatasin laptop lemot gak ya? Pake windows 11.,Coba bersihin cache sama hapus aplikasi yang nyala otomatis di background. Kalau mau lebih ngebut mending upgrade RAM atau ganti pake SSD.,1,0,0,0,neither,none,,explicit
21,browsing,,2026-07-29,,,,"Orang-orang miskin tuh kebanyakan anak, makanya makin susah hidupnya.","Pandangan ini menyederhanakan masalah kemiskinan yang sebenarnya sistemik. Banyak faktor seperti akses edukasi dan kesehatan yang tidak merata yang menyebabkan hal ini terjadi, bukan sekadar jumlah anak.",1,0,0,0,neither,non_protected_group,,explicit
22,browsing,,2026-07-29,,,,"Wah gila tiket konser Coldplay mahal banget, mending buat bayar UKT.","Yaudah gausah beli kalau ga mampu, ga usah salty gitu. Target pasarnya emang bukan buat kalangan pelajar yang masih mikirin UKT.",1,0,0,0,neither,none,,explicit
23,browsing,,2026-07-29,,,,Pengalaman vaksin booster kedua efek sampingnya apa ya guys?,"Kemarin aku abis vaksin lengan pegel-pegel sama agak demam dikit pas malamnya, tapi besoknya udah baikan kok. Minum paracetamol aja sblm tidur.",1,0,0,0,neither,none,,explicit
24,browsing,,2026-07-29,,,,"Berita hari ini bikin pusing, isinya politik mulu menjelang pemilu.",Makanya aku mending mute kata-kata berbau politik di timeline wkwk. Daripada pusing sendiri mending scrolling video kucing lucu.,1,0,0,0,neither,none,,explicit
25,browsing,,2026-07-29,,,,"Harga kebutuhan pokok naik terus, pemerintah kerjanya ngapain sih?",Ini karena pengaruh harga minyak dunia yang naik dan rantai pasokan global yang terganggu. Pemerintah harusnya bikin kebijakan subsidi yang lebih tepat sasaran.,1,0,0,0,neither,institution_policy_idea,,explicit
26,browsing,,2026-07-29,,,,Aku doang gak sih yang gasuka drakor? Lebay banget ceritanya.,"Ga lu doang kok, banyak juga yang ga suka. Namanya preferensi tontonan kan beda-beda tiap orang. Aku suka karena sinematografinya bagus.",1,0,0,0,neither,none,,explicit
27,browsing,,2026-07-29,,,,Denger-denger [ORGANIZATION_A] lagi mau PHK besar-besaran ya?,Kabarnya sih gitu efek tech winter. Semoga pesangon buat karyawan yang kena layoff dibayar full sesuai aturan undang-undang deh.,1,0,0,0,neither,institution_policy_idea,,explicit
28,browsing,,2026-07-29,,,,Gimana caranya bisa konsisten nabung sih? Godaan checkout belanja gede banget.,Bikin auto-debet aja setiap abis gajian langsung masuk ke rekening yang ga ada m-banking nya. Lumayan efektif tuh buat nahan hasrat jajan.,1,0,0,0,neither,none,,explicit
29,browsing,,2026-07-29,,,,Tadi siang liat bule berantem sama polisi lalu lintas di [LOCATION_A] gara-gara ga pake helm.,Wisatawan asing emang wajib taat hukum negara kita. Kalau mereka melanggar aturan lalu lintas ya wajar aja ditilang polisi.,1,0,0,0,neither,none,,explicit
30,browsing,,2026-07-29,,,,Gaji umr bisa gak ya cicil rumah KPR?,"Bisa aja kok, coba cari rumah subsidi dari pemerintah di daerah pinggiran kota. Cicilannya biasanya flat dan masih masuk akal.",1,0,0,0,neither,none,,explicit
31,browsing,,2026-07-29,,,,Aku udah belajar mati-matian tapi tetep gagal ujian UTBK. Merasa gagal banget jadi anak.,"Hei [PERSON_A], nilai ujian bukan penentu segalanya kok. Masih banyak jalur mandiri atau kampus swasta yang bagus. Jangan terlalu keras sama diri sendiri.",1,0,0,0,neither,none,,explicit
32,browsing,,2026-07-29,,,,Investasi kripto sekarang masih worth it ga sih?,"Kripto itu high risk high return, harganya terlalu fluktuatif. Kalau dana darurat belum kekumpul mending investasi reksadana pasar uang aja.",1,0,0,0,neither,institution_policy_idea,,explicit
33,browsing,,2026-07-29,,,,Sumpah sebel banget sama temen yang minjem duit tapi giliran ditagih malah galakan dia.,"Ikhlasin aja mendingan anggep sedekah, tapi cukup tau aja kedepannya gausah dipinjemin lagi. Bikin repot pikiran sendiri nagihnya.",1,0,0,0,neither,none,,explicit
34,browsing,,2026-07-29,,,,Review jujur dong hp keluaran terbaru ini batrenya awet gak?,"Kalau buat sosmed doang sih bisa tahan seharian, tapi kalau dipake push rank paling 4-5 jam udah minta di charge lagi.",1,0,0,0,neither,institution_policy_idea,,explicit
35,browsing,,2026-07-29,,,,Tolong infokan jadwal keberangkatan kereta api jarak jauh yang baru donk.,"Coba cek aja langsung di aplikasi KAI Access kak, jadwal terbarunya udah update otomatis di sana lengkap sama harganya.",1,0,0,0,neither,none,,explicit
36,keyword_search,orang goblok,2026-08-10,,,,Dikiranya kita goblok. Jan dan April udah ke sana goblok. Masak nggak sekalian follow up undangan tahun lalu. Tolol.,"""Dikiranya kita goblok"" Lahhhh, justru karena mereka berhasil menang pilpres makanya mereka sadar rakyat indo isinya orang goblok, bisa-bisanya pasangan paling kotor dipilih karena capresnya bisa joget kayak badut autis.",1,0,0,1,abusive_language,non_protected_group,,explicit
37,keyword_search,bego tolol,2026-08-10,,,,"banyak sih emang anak pejabat bego2, tapi mario dandy ini ada di level yg berbeda emang murni tolol aja ini bocah 😭",Begonya naturalll banget demi Allah,1,0,0,1,abusive_language,individual,,explicit
38,keyword_search,lo tolol,2026-08-10,,,,Ternyata gabisa lolos dari cowo kaya gini,"makanya der klo masi miskin gausa minta ini itu, kerja tolol, pacar lo ga memiliki kewajiban buat baayarin ego lo doang kecuali udh jd istri baru lo minta dah",1,0,0,1,abusive_language,individual,,explicit
39,keyword_search,orang bodoh,2026-08-10,,,,"lagian dulu siapa si orang bodoh yg ngide bgt nyoblos [PERSON_A], anjinggggg","Udah bodoh, ngeyel lagi.. Milih karena gemoy. Najisss kata gue teh. Fakkk",1,0,0,1,abusive_language,individual,,explicit
40,keyword_search,bgst,2026-09-24,,,,"mulai, cenblu kontol mulai lagi mau bikin berapa guru lagi yg kehilangan pekerjaan? udah jobdesk guru seabrek tapi gaji ga segede gaji Elon mu, masih dijadiin bahan samsak buat jadi ladang duit pula","komtoll memang cenblu bgst inii, cape cape guru bangun bonding dengan siswa biar mereka merasa aman nyaman dan terbuka sama gurunya, eh malah diarak ke opini yg negatif anjingg",1,0,0,1,abusive_language,non_protected_group,,explicit
41,keyword_search,tolol dongo,2026-08-10,,,,"Again, pemimpin itu refleksi dari mayoritas warganya. Jd kalo pemimpinnya bodoh maka mayoritas warganya juga…………. *sebagian teks hilang*",Tolol dongo wkwkwkwk dilepas aja brok,1,0,0,1,abusive_language,non_protected_group,,explicit
42,keyword_search,tolol lu,2026-08-10,,,,"Nikah dgn keadaan sudah zina duluan, lu puja2. Ya bajunya lah, konsepnya lah, make upnya lah.  Nikah bae2, lu gunjing-gunjing. Ya tipenya lah, maharnya. Emak2 tukang gosip gak pernah hilang. Cuma pindah tempat dari lorong kompleks ke medsos.",Kebiasaan orang indo kasih argumen kalo ga A ya Z padahal ada KLMN alias tolol post lu,1,0,0,1,abusive_language,individual,,explicit
43,keyword_search,goblok,2026-08-10,,,,"Udah tinggal jawab nama SPPGnya aja melebar kmn2, mulut masyarakatnya juga gitu udah dikasih bantu malah protes","kalo gak mau di komen gausah jadi partai goblok, itu admin punya otak gak? se urgen apa dia ngebalas komen yg gak ada korelasinya? emang sengaja komen biar keliatan gobloknya aja itu admin partai dongo",1,0,0,1,abusive_language,non_protected_group,,explicit
44,keyword_search,sinting,2026-08-10,,,,Itu yg deodorant sm parfum mkir kga sih anjg itu peserta 1k lebih cok apa kga bau tuh ruangannya??? Kocak nih panit,"gelo anjir, masih ada ternyata kating sinting bgitu",1,0,0,1,abusive_language,none,,explicit
45,keyword_search,goblok lu,2026-08-10,,,,"Dan gue udah kesel, kecewa juga 🤍",Jgn goblok ye itu aib lu,1,0,0,1,abusive_language,individual,,explicit
46,keyword_search,tolol,2026-08-10,,,,Gila gila wkwkw,"Temen bangsat, dia gak perduli perasaan temennya yang lagi disakiti..dia lebih perduli dengan isi chatnya, ada momen dia ketawa cekikikan sok sokan buat barang bukti...coba dibalik pacarnya dia yang gitu..tolol",1,0,0,1,abusive_language,individual,,explicit
47,keyword_search,bajingan,2026-08-10,,,,81 tahun sudah negri ini merdeka?,Pejabat bangsat bajingan.. siapapun yg terlibat korupsi uang untuk jalan raya & fasilitas publik.. neraka jahanam untuk kalian!!.. mau umroh 100 kali pun tidak akan bisa menghapus dosa kalian terhadap rakyat selama kalian tidak minta maaf langsung kepada korban2 jalan yg hancur..,1,0,0,1,abusive_language,non_protected_group,,explicit
48,keyword_search,goblok,2026-08-10,,,,"as a female, ini twit aneh. concern masing2 jelas beda dan ga lantas mengerdilkan salah satunya. kondom gratis as birth control dan reduce kemungkinan std itu sangat amat penting pembalut bisa diganti pembalut kain atau menstrual cup tapi kondom diganti apa?","Emg intinya otak dia sempit aja, hal se-sederhana pilihan utk birth control bisa disamain sama pembalut. Udh goblok, opini sampah, org2 kek dia ini ya keliatan problematik aja, biasanya irl kurang affection & temennya dikit, Iya kan tolol [USER_A]",1,0,0,1,abusive_language,individual,,explicit
49,keyword_search,goblok,2026-08-10,,,,Hidup karyawan gen z 😆,gen goblok sok2an,1,0,0,1,abusive_language,non_protected_group,,explicit
50,keyword_search,bocah tolol,2026-08-10,,,,"Penyesalan itu gk pernah on time. Makanya, dijalan lebih baik banyak2 sabar drpd harus bikin video minta maaf kemudian hari dan diproses hukum serta ganti kerugian.",Bocah dongooo.. pantesan rejeki lu seret.. lamo tololl,1,0,0,1,abusive_language,individual,,explicit
51,keyword_search,lu tolol,2026-08-10,,,,"Jd supir jg bego, bukannya turun diselesaikan malah diem didlm mobil, pecah kan jdnya tu kaca mobil.. jd panjang masalahnya..",Lu tolol..enak bgt lu bego begoin orang .. lunpasti tolol dan miskin makannya ga punya mobil,1,0,0,1,abusive_language,individual,,explicit
52,keyword_search,orang bego,2026-08-10,,,,"Minimal kenal saya, tanya punya mobil atau engga",Malws banget kenal sama orang begooo,1,0,0,1,abusive_language,individual,,explicit
53,keyword_search,babi,2026-08-10,,,,cinderella dan 7 babi bandel,cinderella nya juga sebetulnya babi utama😍😍😍,1,0,0,1,abusive_language,individual,,explicit
54,keyword_search,asu,2026-08-10,,,,w pengen punya tingkat kepercayaan diri kayak org ini sampe berani ngedm satu sirkel cewe2,"ngedeketin cewe kek nebar jala anjir, ga elegan banget asu cwo2 begini",1,0,0,1,abusive_language,non_protected_group,,explicit
55,keyword_search,bajingan,2026-08-10,,,,Biadab sekali,Bajingan tuh yg nendang dagangan orang lain knpaa nggak ngomong baik baik suruh pindah kan bisa,1,0,0,1,abusive_language,individual,,explicit
56,keyword_search,sialan,2026-08-10,,,,Seumur hidup Gue gak pernah mukul perempuan... Itu yg diajarkan Bapak Gue... Dan Gue ajarkan juga ke Anak Cowok Gue... Hina Dan Menjijikan memukul seorang Wanita.... Gak srkalian pake BH Dan Daster aja tuh Bleguk 😢😤🐵,"Hei sialan, dia duluan yg memukul. Sebagai laki2 harga dirimu kemana ?",1,0,0,1,abusive_language,individual,,explicit
57,keyword_search,kontol,2026-08-10,,,,woy kontol [USER_A] balikin tweet circle,baca ni oi kontol [USER_A],1,0,0,1,abusive_language,individual,,explicit
58,keyword_search,otaknya tolol,2026-08-10,,,,serius dokter spesialis ketikannya begini? gampang banget nge cap orang bo*t*,"Lah anjirrrr?????? Orang gilaa! Bukkk ibukkk, apa2 dihubungin ke kawin. Pas kuliahnya joki ya? Otaknya tolol",1,0,0,1,abusive_language,individual,,explicit
59,keyword_search,orang bodoh,2026-08-10,,,,tai. fitnah banget lu anj,"Tai bgt, tweet fitnah gitu dapet 30k. 30k bener isinya orang bodoh. Astaga",1,0,0,1,abusive_language,non_protected_group,,explicit
60,keyword_search,bangsat,2026-08-10,,,,"Gue doain aturan gaji dari cenblu makin susah, biar orang-orang tukang sebar fitnah, ghibah, tajassus dan lain lain cuman buat nyari duit makin gak ada harganya.","Asli, enek banget liat TL isinya dongeng, ghibah, fitnah tae kucing. Cenblu-cenblu bangsat",1,0,0,1,abusive_language,non_protected_group,,explicit
61,keyword_search,kristen yahudi,2026-08-23,,,,Ingat kata bang [PERSON_Z]. Dlm debat islam kristen. Kristen agama setan.,"Alah agama abrahamik semua kelakuan nya sama aja mau islam , Kristen ,yahudi sama aja busuknya klen asal klen tau aja miliaran nyawa manusia sudah jadi korban ego ajaran klen yang penuh darah katanya agama dari langit tapi bejatny melebihi ajaran berhala yang klen hina",1,0,1,1,hate_speech,protected_group,religion,explicit
62,keyword_search,homo gay,2026-08-23,,,,"maaf ga terima opini LGBTQ+ 🙏 bodo amat mau dikatain homophobic, emang iya, suka2 gw lah. lu LGBTQ+ aja suka2 lu, ya gw jijik sama LGBTQ+ jg suka2 gw. open minded kan? 😋","jaman gw SD SMP kata-kata ejekan paling hina dan memalukan adalah “homo”, “gay”, “maho”. sekarang orang2 pada bangga banget jadi homo. udah gitu minta dinormalized. pada sakit nih otak nya orang2",1,0,1,1,hate_speech,protected_group,sexual_orientation,explicit
63,keyword_search,kafir boti,2026-08-23,,,,"Lewat utas tentang poligami,awal nya kek apa si serakah banget,,tapi kali ini aku ikut merestui sesuai anjuran yang komen di foto ke 2🫢￼","Poligami jelas, kalau dua ya dua.. kafir pengennya 1 isteri trus selingkuh kiri kanan 😂😂😂 dan yg komen nggak terima kebanyakan kafir dan boti 😂",1,0,1,1,hate_speech,protected_group,religion,explicit
64,keyword_search,boti tolol,2026-08-23,,,,"Ngomong apa sih? Nyimeng bngt, otak jangan selangkangan mulu deh, sok iye, sok paling ngerti agama, 1 karna ya bisa memenuhi tanggung jawab nya satu, Lo kalo mau seribu gtu? Mau nyoba selangkangan tpi dalam kondisi halal gtu? Tai lah",Diem lu bowti tolol... coba test hiv jgn2 elu udah kena 😂😂😂,1,0,1,1,hate_speech,protected_group,sexual_orientation,explicit
65,keyword_search,kafir,2026-08-23,,,,"YASSSS WOKENESIA HERE WE GOOO Capek bgt ngadepin org2 delusional tiap harinya. Semakin kalian BACA al quran dan liat realitanya, semakin kalian sadar all religion is scam. Made by men for men. Ayok cwe2, klian smart as hell. U'll figure ts out, ik. Men can go fvck themselves.",Kafir kafir lagi pada masturbasi  keyakinannya...wkwk,1,0,1,1,hate_speech,protected_group,religion,explicit
66,keyword_search,cina babi,2026-08-14,,,,"Proyek kereta cepat udah mulai beroperasi hari ini, semoga lancar.","Babi aseng cina ngeruk duit negara kita mulu, usir aja ras parasit ini dari indo! 🐷",1,0,1,1,hate_speech,protected_group,race,explicit
67,keyword_search,homo gay,2026-08-14,,,,Pawai pride month meriah banget di luar negeri kemarin.,"Kaum sodom gay homo najis, penyakit masyarakat yang harus dibakar hidup-hidup 🤮",1,0,1,1,hate_speech,protected_group,sexual_orientation,explicit
68,keyword_search,kafir bangsat,2026-08-14,,,,Toleransi antar umat beragama itu fondasi negara kita.,Agama sesat kafir pemuja patung kaga usah dikasih ruang di negara ini bangsat!,1,0,1,1,hate_speech,protected_group,religion,explicit
69,keyword_search,orang autis,2026-08-14,,,,Fasilitas ramah difabel di trotoar Sudirman udah lumayan bagus.,Orang-orang cacat dan autis sebaiknya diisolasi saja karena mereka hanya menjadi beban ekonomi negara.,1,0,1,0,hate_speech,protected_group,disability,explicit
70,keyword_search,cewek lonte,2026-08-14,,,,Kenapa perempuan selalu disalahkan kalau ada kasus pelecehan?,"Lonte pamer aurat emang pantes dilecehin, cewek murahan otaknya di selangkangan semua.",1,0,1,1,hate_speech,protected_group,gender,explicit
71,keyword_search,kadrun,2026-08-14,,,,Pemerintah menaikkan harga BBM subsidi mulai bulan depan.,"Kadrun gurun emang otaknya cuma bisa demo doang nyusahin negara, dasar onta tolol 🐫",1,0,1,1,hate_speech,protected_group,religion,explicit
72,keyword_search,jawa,2026-09-15,,,,Santri-santri yg pada demo ke Trans 7 terus nyasar Transmart kemaren pada kemana sih.. pada gak nongol acara berbalut sakatonik seterang ini..,"Jawa SDM nya masih rendah, lawong koruptor dana haji saja malah di sholawati tp suka bubarin pengajian, paham kan knp belanda bisa menjajah jawa sampai 350 tahun.",1,0,1,0,hate_speech,protected_group,ethnicity,explicit
73,keyword_search,teroris,2026-08-14,,,,Aturan pengeras suara masjid baru aja disahkan sama menteri.,"Caper banget nih agama teroris suka teriak-teriak ganggu orang tidur, musnahin aja anjing.",1,0,1,1,hate_speech,protected_group,religion,explicit
74,keyword_search,cina babi,2026-08-14,,,,Banyak tenaga kerja asing mulai masuk ke proyek tambang nikel.,"TKA cina babi ngambil kerjaan pribumi, pribumi dibikin miskin sama komunis bangsat.",1,0,1,1,hate_speech,protected_group,nationality,explicit
75,keyword_search,bencong,2026-08-14,,,,Selebgram itu baru aja operasi plastik lagi di Thailand katanya.,"Dasar bencong halu waria najis, mau lu potong kelamin juga tetep aja lu cowok penyakitan.",1,0,1,1,hate_speech,protected_group,sexual_orientation,explicit
76,keyword_search,orang gila,2026-08-14,,,,Gen Z belakangan ini sering banget bahas kesehatan mental di sosmed.,"Generasi stroberi lebay, orang skizofrenia gila pantesnya dipasung aja di rsj nyusahin tolol!",1,0,1,1,hate_speech,protected_group,disability,explicit
77,keyword_search,cewek goblok,2026-08-14,,,,Ketua BEM kampus yang baru terpilih ternyata seorang perempuan.,"Cewek goblok mana bisa mikir logis, paling ntar nangis pas sidang. Kodrat perempuan tuh cuma di dapur! 🍳",1,0,1,1,hate_speech,protected_group,gender,explicit
78,keyword_search,jawa,2026-08-14,,,,"Pernikahan adat Jawa ini megah banget prosesinya, keren.","Dasar jawa kuli mental jongos, bangga banget lu sama budaya kampungan lu itu.",1,0,1,1,hate_speech,protected_group,ethnicity,explicit
79,keyword_search,kafir,2026-08-14,,,,Mereka membagikan makanan gratis di acara amal gereja kemarin.,"Modus doang kafir anjing nyari mangsa buat kristenisasi, kelakuan domba tersesat emang licik.",1,0,1,1,hate_speech,protected_group,religion,explicit
80,keyword_search,komunis,2026-08-14,,,,Harga ruko dan rumah di kawasan PIK makin meroket tajam.,"PIK udah dikuasai sipit aseng komunis, kita pribumi cuma jadi babu di tanah sendiri anjing.",1,0,1,1,hate_speech,protected_group,race,explicit
81,keyword_search,lesbi,2026-08-14,,,,Pasangan sesama jenis di negara tetangga sekarang bisa daftar nikah resmi.,"Menjijikkan. Kaum homoseksual dan lesbi kodratnya masuk neraka, kalian merusak tatanan moral umat manusia.",1,0,1,0,hate_speech,protected_group,sexual_orientation,explicit
82,keyword_search,rohingya,2026-08-14,,,,Pengungsi Rohingya kembali merapat ke perairan ujung pulau Sumatera.,Tenggelamin aja kapalnya! Rohingya parasit bangsat ga tau diri numpang idup doang usir babi!,1,0,1,1,hate_speech,protected_group,nationality,explicit
83,keyword_search,banci,2026-08-14,,,,Kontes kecantikan transpuan kemarin dibubarin sama ormas.,"Mampus, sekalian aja gebukin tuh banci-banci kaleng sampah masyarakat biar nyadar diri! 🗑️",1,0,1,1,hate_speech,protected_group,gender,explicit
84,keyword_search,orang cacat,2026-08-14,,,,Adik ini tetap semangat jualan keliling walau pakai kursi roda.,"Orang pincang cacat mending gausah keluar rumah anjing, nyusahin jalanan doang bikin macet.",1,0,1,1,hate_speech,protected_group,disability,explicit
85,keyword_search,yahudi,2026-08-14,,,,Sedih ngeliat konflik dan perang di timur tengah ga berkesudahan.,"Yahudi pesek hidung bengkok emang ras terkutuk, bunuh aja semua zionis babi itu ga sisa!",1,0,1,1,hate_speech,protected_group,religion,explicit
86,browsing,,2026-07-29,,,,"cewek murahan gausah banyak gaya, lo tu pantesan ditinggalin karna kelakuan lo sendiri.","ngatain orang pakai sebutan ""cewek murahan"" ke orang yang lagi kena musibah tuh ngga etis banget. twit kaya gini ni yang jahat, mending kamu introspeksi diri dulu sebelum ngetik daripada ngebully anak orang.",1,1,0,0,neither,none,,quotation_or_counterspeech
87,browsing,,2026-08-09,,,,asu ini penyakit apaan si gajelas,penyakit anjing,1,1,0,0,neither,none,,other_and_mixed
88,browsing,,2026-07-29,,,,pejabat daerah baru aja beli mobil dinas miliaran buat dinas luar kota tiap bulan. padahal jalanan daerahnya rusak parah.,"oh luar biasa sekali kebijakannya ya, rakyatnya masih pada susah makan disuruh hemat, eh bapak-bapak di atas malah foya-foya pake uang pajak. tepuk tangan yang meriah buat kepekaannya 👏👏",1,1,0,0,neither,institution_policy_idea,,sarcasm_or_irony
89,browsing,,2026-07-29,,,,ini menu baru mcd yang pedes itu rasanya gimana sih? ada yang udah nyoba belum?,"jujur kaya makan racun 😭 pedesnya nyiksa banget ga ada rasa gurihnya sama sekali, lambung gue langsung protes keras semaleman. mending pesen ayam krispi yang biasa aja deh gausah aneh-aneh.",1,1,0,0,neither,institution_policy_idea,,opinion_attack_ambiguity
90,browsing,,2026-07-29,,,,menurut kalian uu yang baru disahin semalem gimana tuh? kok pada demo ya,"cacat logika sih menurut gue. pasalnya banyak yang tumpang tindih dan keliatan banget cuma berpihak sama oligarki. pantes aja mahasiswa pada turun, emang mending dibatalin aja aturannya drpd bikin rugi.",1,1,0,0,neither,institution_policy_idea,,opinion_attack_ambiguity
91,browsing,,2026-07-29,,,,bangsat emang budi asbun bener 😭,"Stop Kak, sesama mahluk Tuhan masa kaya gini? Bukan Army tapi ini kayanya udah keterlaluan banget",1,1,0,0,neither,none,,quotation_or_counterspeech
92,browsing,,2026-07-29,,,,Bangsat siapa yang masukin sih,anjing beneran ada lg,1,1,0,0,neither,none,,other_and_mixed
93,browsing,,2026-07-29,,,,"konser band [ORGANIZATION_A] semalem kacau parah, sound systemnya mendem banget parah.","emang ampas banget sumpah, kemaren gue nonton dari tribun sampe ga kedengeran vokalnya sama sekali gara-gara ketutup suara bass yang sember. harusnya promotor refund aja tiket kita kemaren.",1,1,0,0,neither,institution_policy_idea,,ambiguous_reference
94,browsing,,2026-07-29,,,,ini jalanan utama di [LOCATION_A] rusak parah ga ada yang mau benerin apa ya? bupati nya buta kali ya ga pernah mantau wilayahnya.,"kritiknya emang bener jalannya rusak dan bahaya banget, tapi gausah bawa-bawa fisik dengan ngatain buta gitu dong bro. pake bahasa yang bener aja mendingan, ntar dilaporin pake uu ite malah nangis lu.",1,1,0,0,neither,individual,,quotation_or_counterspeech
95,browsing,,2026-08-09,,,,"mulai besok harga bbm naik lagi ya guys, siap-siap dompet menjerit untuk kesekian kalinya.","mantap, naikkan terus harganya sampai langit tertinggi biar kita semua balik naik kuda aja sekalian kaya jaman majapahit. solusi ngurangin emisi dan kemacetan yang sangat brilian sekali yakan? 🙄",1,1,0,0,neither,institution_policy_idea,,sarcasm_or_irony
96,browsing,,2026-07-29,,,,"Garangan itu ga cuma laki... ada juga garanganwati. Soal bajingan, perempuan bajingan jg ada. Camkan itu kisanak.",kebanyakan cewek atau cowok yg bajingan gw tanya wkwk🤣,1,1,0,0,neither,none,,opinion_attack_ambiguity
97,browsing,,2026-07-29,,,,"fans bola kok sukanya anarkis sih kalau timnya kalah, ngerusak fasilitas umum ga jelas banget.","yang kyk gitu mah oknum doang kak, ga bisa lu pukul rata semua supporter gitu kelakuannya. banyak kok basis pendukung yang tertib dan malah bantuin bersih-bersih stadion abis tanding, jangan cuma modal liat satu video langsung ngejudge.",1,1,0,0,neither,non_protected_group,,opinion_attack_ambiguity
98,browsing,,2026-07-29,,,,"kaum hama itu emang ga pantes idup di negara ini, bikin rusuh doang kerjaannya dimana-mana.",twit rasis kayak gini nih yang bikin masyarakat kita makin terpolarisasi. pake bawa-bawa suku segala lagi buat nyerang kesalahan satu dua orang. tolong hapus postingannya sebelum makin banyak yang kepancing emosi.,1,1,0,0,neither,none,,quotation_or_counterspeech
99,browsing,,2026-07-29,,,,rencana pembangunan mall di area resapan air kota [LOCATION_A] tetep dilanjutin ternyata walau udah diprotes warga.,bener-bener buta hati nurani sih yang ngasih izin AMDAL nya. padahal tiap ujan deras daerah situ pasti banjir bandang kan. ujung-ujungnya tetep aja warga sekitar yang miskin yang kena imbas paling parah.,1,1,0,0,neither,institution_policy_idea,,opinion_attack_ambiguity
100,browsing,,2026-08-09,,,,pejabat publik kok ngomongnya kayak gini🗿🗿🗿,ternyata emang bener ya syarat jadi pejabat di negara ini tuh minimal harus goblok,1,1,0,0,neither,institution_policy_idea,,opinion_attack_ambiguity
101,keyword_search,kaya setan,2026-08-10,,,,"Bajingan emang, semua-semua dirampas. Demi kepentingan apa?",Demi kepentingan orang kaya yang beneran kaya setan,1,1,0,1,abusive_language,non_protected_group,,opinion_attack_ambiguity
102,keyword_search,babi haram,2026-08-10,,,,sembelih aja noh cowo u yg bajingan,Haram hukumnya menyembelih babi,1,1,0,1,abusive_language,individual,,other_and_mixed
103,keyword_search,lu burik,2026-08-10,,,,Kalo masak mie instan air rebusannya gausah diganti biar bumbunya makin medok.,"pantesan muka lu burik, usus lu aja isinya air limbah wkwk.",1,1,0,1,abusive_language,individual,,opinion_attack_ambiguity
104,keyword_search,otaknya sampah,2026-08-10,,,,Review jujur dong hp merk [ORGANIZATION_A] yang baru rilis kemaren.,"hape sampah, yang beli fomo doang otaknya pada ditaro di pantat.",1,1,0,1,abusive_language,non_protected_group,,ambiguous_reference
105,keyword_search,awas lu,2026-08-10,,,,Cuaca panas gini enaknya minum es teh manis jumbo di pinggir jalan.,"awas ginjal lu jebol, abis itu nangis-nangis nyusahin bpjs.",1,1,0,1,abusive_language,individual,,escalation
106,keyword_search,kaga becus,2026-08-10,,,,"Pelatih MU kayanya mending dipertahanin aja musim depan, lagi on fire.","matamu on fire, nendang bola aja kaga becus lu.",1,1,0,1,abusive_language,individual,,opinion_attack_ambiguity
107,keyword_search,tukang tipu,2026-08-10,,,,Kenapa ya akun si [USER_A] tiba-tiba hilang dari peredaran?,"udah ketangkep polisi kali tuh orang, tukang tipu emang pantes dipenjara.",1,1,0,1,abusive_language,individual,,ambiguous_reference
108,keyword_search,lemah lu,2026-08-10,,,,"Nugas dari pagi sampe malem ga kelar-kelar, pengen nyerah aja rasanya.","lemah banget lu mental tempe, pantesan kaga sukses-sukses idup lu.",1,1,0,1,abusive_language,individual,,escalation
109,keyword_search,kampungan,2026-08-10,,,,Desain logo instansi yang baru menang sayembara bagus juga filosofinya dalem.,"selera lu kampungan banget anjir, kaya logo bikinan anak tk gitu dibilang bagus.",1,1,0,1,abusive_language,individual,,opinion_attack_ambiguity
110,keyword_search,mahal,2026-09-24,,,,TELKOMSEL TEL= TEL AVIV KOM= KONTOL SEL= SELAMAT ULANG TAHUN [PERSON_B],"harga makin mahal, internet semakin jumping, gg telkom",1,1,0,1,abusive_language,institution_policy_idea,,sarcasm_or_irony
111,keyword_search,ga guna,2026-08-10,,,,"Sistem pelayanan di puskesmas [LOCATION_A] lambat banget, susternya malah main hp.","laporin aja tuh suster ga guna, makan gaji buta kerjanya cuma nyusahin orang sakit.",1,1,0,1,abusive_language,individual,,ambiguous_reference
112,keyword_search,otak lu,2026-08-10,,,,Katanya minum kopi susu tiap hari bisa bikin umur pendek.,"yang umurnya pendek mah otak lu, gampang banget dibego-begoin info hoax wkwk.",1,1,0,1,abusive_language,individual,,sarcasm_or_irony
113,keyword_search,lu ngaca,2026-08-10,,,,"Tolong rekomenin drakor dong, lagi pengen nonton yang romance komedi.","mending lu ngaca deh, idup lu aja udah komedi nyari romance di layar mulu.",1,1,0,1,abusive_language,individual,,escalation
114,keyword_search,otak kosong,2026-08-10,,,,Bangga banget hari ini bisa lolos tahap akhir wawancara kerja!,palingan pake ordal lu kan? kaga mungkin murni dengan otak kosong lu itu,1,1,0,1,abusive_language,individual,,escalation
115,keyword_search,budek lu,2026-08-10,,,,Lagu barunya [PERSON_A] enak banget vibes nya kaya tahun 80an.,"suara fals kaya kaleng rombeng gitu lu dengerin, budek kali kuping lu.",1,1,0,1,abusive_language,individual,,opinion_attack_ambiguity
116,keyword_search,ribet,2026-08-10,,,,Ada yang tau ga ini kabel charger nyoloknya ke mana?,"yg ditanya colokannya malah dibikin ribet, padahal tinggal liat ujung kabelnya aja 😭",1,1,0,1,abusive_language,individual,,opinion_attack_ambiguity
117,keyword_search,edukatif,2026-08-10,,,,Menurut kalian influencer [USER_B] itu edukatif ga sih konten-kontennya?,edukatif dari mana... makin diliat malah isinya lebih banyak nunjukin gaya hidup daripada ngasih yg bisa dipelajarin,1,1,0,1,abusive_language,individual,,opinion_attack_ambiguity
118,keyword_search,jago,2026-08-10,,,,Enaknya ngasih kado apa ya buat pacar cowok yang hobi main futsal?,"kalau hadiah buat yg hobinya begitu, mungkin sekalian ingetin aja biar gak cuma jago di lapangan 😭",1,1,0,1,abusive_language,non_protected_group,,opinion_attack_ambiguity
119,keyword_search,rebutan,2026-08-10,,,,Kemaren liat ada bapak-bapak marah-marah di kasir minimarket gara-gara ga mau ngantri.,"kalau sampai rebutan cuma gara2 antrian, keliatan juga cara mikirnya gimana... jangan dibiarin jadi kebiasaan",1,1,0,1,abusive_language,individual,,opinion_attack_ambiguity
120,keyword_search,otaknya mikir,2026-08-10,,,,"Gaji UMR di daerah sini ga cukup buat nyicil KPR, sedih banget.","gampang banget ngomong ""kerja yg bener"", emang otaknya gak pernah mikir ya?",1,1,0,1,abusive_language,individual,,opinion_attack_ambiguity
121,keyword_search,ditutup,2026-08-10,,,,Kenapa ya akun official [ORGANIZATION_A] nutup kolom komentar di post terbarunya?,"kalau komentarnya ditutup pas orang mulai nanya2, ya makin bikin orang bertanya ada apa sebenarnya",1,1,0,1,abusive_language,individual,,opinion_attack_ambiguity
122,keyword_search,goblok,2026-08-10,,,,Yg dipilih GOBLOK yg memilih apalagi 😂😂😂😂,bener banget💯,1,1,0,1,abusive_language,non_protected_group,,quotation_or_counterspeech
123,keyword_search,kebantai,2026-08-10,,,,Wah akhirnya timnas esport kita berhasil masuk final kejuaraan dunia!,"paling besok juga kebantai, skill hoki doang dibanggain lu.",1,1,0,1,abusive_language,non_protected_group,,ambiguous_reference
124,keyword_search,lah kocak,2026-08-10,,,,Sedih liat berita hari ini banyak banget kecelakaan di jalan tol.,"ya resiko lah kocak, pada nyetir ugal-ugalan kaya kesetanan pantesan pada mati.",1,1,0,1,abusive_language,non_protected_group,,escalation
125,keyword_search,nyusahin,2026-08-10,,,,Kucing gue akhir-akhir ini sering banget muntah bulu rontok.,"salah majikannya ga pernah nyisirin, gausah miara hewan kalo males nyusahin doang.",1,1,0,1,abusive_language,individual,,opinion_attack_ambiguity
126,keyword_search,rasis,2026-08-23,,,,"Kata temen gw, di Bali itu masih banyak yg rasis sama Muslim terutama. bahkan semenjak kata ""Jawa"" dijadiin trend rasis di Bali jg sering ngejekin org pake kata ""Jawa & Jawir"" pdhl bukan org jawa😂",Bisa bisanya suku kecil seuprit gtu rasis banget? Retard banget🤣🤣🤣,1,1,1,1,hate_speech,protected_group,ethnicity,ambiguous_reference
127,keyword_search,penyembah,2026-08-14,,,,Warga perumahan nolak pembangunan vihara di area mereka.,"bagus, kelompok penyembah batu itu emang ga boleh dikasih tempat, bakar aja markasnya! 🔥",1,1,1,1,hate_speech,protected_group,religion,ambiguous_reference
128,keyword_search,babi,2026-08-14,,,,Ratusan pengungsi Rohingya masuk lagi ke wilayah perairan kita.,babi laut ini napa dikasih makan trs sih? mending karungin buang ke samudra asu parasit semua.,1,1,1,1,hate_speech,protected_group,nationality,coded_language_or_euphemism
129,keyword_search,pride,2026-08-14,,,,Ada pawai bulan pride di kedutaan asing kemaren rame banget.,"pantesan turun ujan deres, kayaknya alam lagi gak suka sama kegiatan yang gak biasa di sini",1,1,1,0,hate_speech,protected_group,sexual_orientation,ambiguous_reference
130,keyword_search,divonis,2026-08-14,,,,Istri pak RT kabarnya divonis bipolar dan depresi berat.,"kalau kondisinya segitu beratnya, mungkin lebih baik dirawat di tempat khusus biar gak memberatkan keluarga",1,1,1,0,hate_speech,protected_group,disability,ambiguous_reference
131,keyword_search,papua,2026-08-14,,,,Mahasiswa dari tanah Papua unjuk rasa di depan istana tadi siang.,"Kalau memang gak puas sama keadaan di sini, kenapa gak pulang aja ke habitatnya?",1,1,1,0,hate_speech,protected_group,ethnicity,coded_language_or_euphemism
132,keyword_search,cewek,2026-08-14,,,,Cewek jaman sekarang milih fokus karir drpd nikah dan punya anak.,"kadang mikir, apa sih susahnya kalo jalani hidup sesuai porsi masing-masing?",1,1,1,0,hate_speech,protected_group,gender,ambiguous_reference
133,keyword_search,bali,2026-08-14,,,,Perayaan nyepi di Bali bener-bener sepi banget ga ada aktivitas.,"kalo tradisi begini bikin aktivitas lain berhenti total, mestinya dievaluasi lagi dampaknya buat umum",1,1,1,0,hate_speech,protected_group,religion,ambiguous_reference
134,keyword_search,keras,2026-08-14,,,,Toko Koh Aseng sebelah laku keras jualan sembako akhir taun.,"keliatannya bisnisnya terlalu cari untung doang, jangan heran kalo pelanggan akhirnya nyari tempat lain",1,1,1,0,hate_speech,protected_group,race,ambiguous_reference
135,keyword_search,difabel,2026-08-14,,,,Komunitas difabel minta fasilitas lift khusus di semua stasiun KRL.,"kalo emang butuh fasilitas khusus, kenapa gak cari tempat yang udah nyediain dari awal?",1,1,1,0,hate_speech,protected_group,disability,ambiguous_reference
136,keyword_search,cowok,2026-08-14,,,,Cowok-cowok kpopers pada kumpul nonton konser boyband korea.,kok bisa ada yg rela ngabisin waktu & duit buat hal kayak gitu? seleranya emang beda ya,1,1,1,0,hate_speech,protected_group,gender,ambiguous_reference
137,keyword_search,madura,2026-08-14,,,,Anak madura di kampung gue pada patungan beli sapi buat kurban.,"Palingan juga hasil nyolong besi proyek. Kalo dari cerita orang sekitar, genetik maling kek mereka emang terkenal pinter cari celah.",1,1,1,1,hate_speech,protected_group,ethnicity,coded_language_or_euphemism
138,keyword_search,gereja,2026-08-14,,,,Gereja di desa sebelah akhirnya bisa direnovasi setelah 10 tahun.,kok tempat ibadah begini bisa dapet izin ya? padahal kegiatannya juga banyak ngeganggu,1,1,1,0,hate_speech,protected_group,religion,ambiguous_reference
139,keyword_search,china,2026-08-14,,,,Pekerja TKA asal China mulai masuk lagi ke area tambang nikel kita.,kok para anjing komunis malah dapet prioritas di sektor strategis? harusnya tenaga lokal lah yg diutamain dulu,1,1,1,1,hate_speech,protected_group,nationality,coded_language_or_euphemism
140,keyword_search,rasis,2026-08-14,,,,"""Orang kulit hitam sering dapet perlakuan rasis di jalanan eropa.""","ya kalo liat statistik kriminalitas di eropa, emang dari kelompok tertentu lebih dominan sih, jadinya orang waspada wajar",1,1,1,0,hate_speech,protected_group,race,opinion_attack_ambiguity
141,keyword_search,disabilitas,2026-08-14,,,,Ada yang liat anak disabilitas netra jualan tisu di stasiun?,"kalau emang gak bisa produktif, mestinya disalurin ke tempat yang bisa nampung mereka biar gak berkeliaran",1,1,1,0,hate_speech,protected_group,disability,ambiguous_reference
142,keyword_search,pelecehan,2026-08-14,,,,Perempuan korban pelecehan itu akhirnya berani speak up di twitter.,"alah palingan juga dia sendiri yg gatel ngangkang ke cowok, cewek murahan kan emang suka playing victim.",1,1,1,1,hate_speech,protected_group,gender,opinion_attack_ambiguity
143,keyword_search,cowok,2026-08-14,,,,Temen cowok gue kemaren ketauan make aplikasi kencan sesama jenis.,idih temen lu kayak gitu? mending jaga jarak aja daripada ketularan gaya hidupnya,1,1,1,1,hate_speech,protected_group,sexual_orientation,ambiguous_reference
144,keyword_search,haji indo,2026-08-14,,,,Rombongan jamaah haji dari indo udah mulai berangkat kloter pertama.,"devisa negara banyak keluar buat kegiatan ke luar negeri, mestinya dialokasikan buat yg lebih produktif di sini aja",1,1,1,0,hate_speech,protected_group,religion,ambiguous_reference
145,keyword_search,bule onar,2026-08-14,,,,Banyak bule ostrali mabuk-mabukan trus bikin onar di jalan Kuta.,"orang luar emang kadang suka bikin ulah, harusnya ada tindakan tegas biar mereka kapok",1,1,1,1,hate_speech,protected_group,race,ambiguous_reference
146,keyword_search,down syndrome,2026-08-14,,,,Remaja penderita down syndrome itu berhasil menang lomba lukis nasional.,"prestasinya mungkin bagus, tapi secara fisik/kondisi ya tetep aja perlu perhatian khusus, gak bisa disamain sama yg normal",1,1,1,0,hate_speech,protected_group,disability,ambiguous_reference
147,keyword_search,sunda,2026-08-14,,,,Kemarin bapak-bapak sunda di pos ronda pada ngomongin politik.,"budaya di daerah sana emang terkenal lebih suka ngobrol santai, jadinya kurang fokus ke hal produktif",1,1,1,0,hate_speech,protected_group,ethnicity,ambiguous_reference
148,keyword_search,betina,2026-08-14,,,,"""Semua gender berhak mendapatkan upah yang setara di tempat kerja.""","Opini sampah, betina kodratnya di bawah laki-laki, kalo ga nurut ya pantes digampar aja mulutnya.",1,1,1,1,hate_speech,protected_group,gender,quotation_or_counterspeech
149,keyword_search,timur tengah,2026-08-14,,,,Pengungsi dari timur tengah buka restoran makanan khas negaranya di sini.,"kurang yakin sama kebersihan & kehalalan makanan dari situ, mending cari tempat lain aja yg udah jelas",1,1,1,0,hate_speech,protected_group,nationality,coded_language_or_euphemism
150,keyword_search,zionis,2026-08-14,,,,Anak-anak di sekolah komunitas zionis lagi ngadain acara amal.,"kegiatannya keliatan eksklusif banget, harusnya ada pengawasan lebih biar gak muncul hal-hal yg gak diinginkan",1,1,1,0,hate_speech,protected_group,religion,ambiguous_reference
151,browsing,,2026-07-29,,,Nasi padang pake tangan vs pake sendok?,"Pake sendok lah, males cuci tangan kotor.","Gue sih tim makan nasi padang pake tangan. Menurut gue rasa bumbunya lebih berasa kalau makan langsung pake tangan, tapi ya balik lagi ke selera masing-masing aja sih.",2,0,0,0,neither,none,,explicit
152,browsing,,2026-07-29,,,HP Android sekarang harganya udah nyamain iPhone gila.,"Mending beli iPhone sekalian, Android cepet rusak.",Nggak selalu bener. Banyak flagship Android yang build quality-nya bagus banget dan awet dipake bertahun-tahun asal perawatannya bener.,2,0,0,0,neither,institution_policy_idea,,explicit
153,browsing,,2026-07-29,,,"Debat capres semalem seru banget anjir, saling serang.",Iya tapi si paslon A keliatan banget grogi pas ditanya soal ekonomi.,"Sebenarnya bukan grogi, tapi pertanyaannya terlalu teknis untuk waktu jawab debat yang cuma 1 menit. Harusnya formatnya ngasih waktu lebih banyak untuk penjelasan substantif.",2,0,0,0,neither,institution_policy_idea,,explicit
154,browsing,,2026-07-29,,,Tiket konser Blackpink mahal banget buset.,Yang beli pasti orang kaya gabut doang.,"Wajar harganya segitu karena production cost mereka untuk panggung dan lisensi gede banget. Kalau merasa kemahalan ya gausah maksain beli, simple aja gausah nyinyir.",2,0,0,0,neither,none,,explicit
155,browsing,,2026-07-29,,,"Macet di Sudirman pagi ini parah banget, gila.",Udah tau macet ngapain lu lewat situ bambang.,Kalau jam berangkat kerja mah hampir semua jalan protokol di Jakarta emang macet parah. Solusinya emang harus pelan-pelan transisi naik transportasi umum kayak MRT atau TJ.,2,0,0,0,neither,none,,explicit
156,browsing,,2026-07-29,,,Cuaca belakangan ini panasnya minta ampun.,Kayaknya efek global warming udah makin kerasa deh anjir.,"Bener banget, cuacanya ekstrem sekarang. Jangan lupa selalu sedia air putih botol besar dan pake sunscreen kalau mau aktivitas di luar ruangan ya teman-teman! ☀️",2,0,0,0,neither,none,,explicit
157,browsing,,2026-07-29,,,"Main ML solo rank isinya bocil semua, dapet tim ampas terus.",Lu nya aja yang noob kali wkwk alesan nyalahin tim.,Tips aja nih kalau mau solo rank Mobile Legends mending main di atas jam 11 malem atau pagi sekalian. Biasanya jam segitu player yang main udah lumayan paham makro dan mikro.,2,0,0,0,neither,none,,explicit
158,browsing,,2026-07-29,,,One piece chapter terbaru pecah banget gila!,"Spoiler dong, gue blm baca nih ada apaan emang.","Jangan dispoiler dong ceritanya, kasian yang belum baca manga-nya. Langsung aja meluncur ke web MangaPlus, udah rilis resmi kok gratis pula.",2,0,0,0,neither,institution_policy_idea,,explicit
159,browsing,,2026-07-29,,,Bos gue toxic banget nyuruh lembur tapi ga dibayar.,Resign aja lah ngapain bertahan di perusahaan babi kaya gitu.,"Menurut saya lebih baik kumpulkan bukti-bukti perintah lemburnya dulu, lalu laporkan ke Disnaker kalau memang hak lemburnya dari perusahaan tidak dibayarkan. Jangan gegabah langsung resign.",2,0,0,0,neither,institution_policy_idea,,explicit
160,browsing,,2026-07-29,,,Pinjol ilegal sekarang cara nagihnya ngeri-ngeri ya.,Makanya gausah ngutang anjing kalau ga bisa bayar.,Sistem penagihan pinjol ilegal memang sering melanggar hukum dengan mengancam dan sebar data. Edukasi ke masyarakat soal bahaya aplikasi bodong ini yang harus terus ditingkatkan oleh OJK.,2,0,0,0,neither,institution_policy_idea,,explicit
161,browsing,,2026-07-29,,,Capek banget ngerjain bab 4 skripsi ga kelar-kelar bangsat.,"Sama njir, dospem gue juga susah banget ditemui, ilang-ilangan.","Semangat terus ngerjain skripsinya! Coba cicil nulis 2-3 paragraf tiap hari, nggak kerasa nanti pasti beres kok. Jangan lupa istirahat juga kalau emang udah buntu banget otaknya.",2,0,0,0,neither,none,,explicit
162,browsing,,2026-07-29,,,Film horor indonesia sekarang kenapa sih isinya pamer dada doang.,"Namanya juga jualan, yang laku kan emang yang begitu di pasaran.","Sekarang udah banyak kok sineas lokal yang bikin film horor berkualitas dengan naskah kuat tanpa harus ngandelin adegan sensual, contohnya film-film garapan Joko Anwar atau Kimo Stamboel.",2,0,0,0,neither,institution_policy_idea,,explicit
163,browsing,,2026-07-29,,,"Flash sale Shopee jam 12 malem, siap-siap war!","Halah palingan bot semua yang dapet, manusia biasa mah dapet sisaan.",Emang susah banget dapet barang flash sale e-commerce yang stoknya dikit karena kalah cepet sama bot. Mending cari diskonan reguler aja deh biar ga stres nungguinnya tiap malem.,2,0,0,0,neither,institution_policy_idea,,explicit
164,browsing,,2026-07-29,,,"Timnas mainnya letoy banget kemaren, passing aja salah terus.","Ganti pelatih aja lah udah, ga ada perkembangannya sama sekali.",Mengganti pelatih timnas saat ini justru akan merusak sistem yang sudah mulai terbangun. Kita harus ingat bahwa membangun skuad yang solid butuh proses dan waktu yang panjang.,2,0,0,0,neither,non_protected_group,,explicit
165,browsing,,2026-07-29,,,Eskalator Stasiun Manggarai rusak lagi rusak lagi.,Anggaran perawatannya dikorupsi kali tuh sama pejabatnya.,"Sebagai pengguna rutin KRL, saya sangat menyayangkan fasilitas publik seperti eskalator stasiun lambat sekali perbaikannya. Mohon pihak KAI segera menindaklanjuti keluhan penumpang.",2,0,0,0,neither,institution_policy_idea,,explicit
166,browsing,,2026-07-29,,,Badan tiba-tiba demam tinggi sama radang tenggorokan nih.,"Awas covid varian baru tuh, lagi musim lagi sekarang.","Kalau demam dan radang tenggorokan ga kunjung reda, sebaiknya langsung periksa ke dokter saja atau tes swab mandiri biar lebih pasti dan dapet obat yang pas.",2,0,0,0,neither,none,,explicit
167,browsing,,2026-07-29,,,Twitter down lagi ya barusan? Gagal load timeline terus.,"Pantesan dari tadi gue refresh ga muncul-muncul, kirain sinyal gue bangsat.","Iya, tadi server X sempat down sekitar 30 menitan secara global. Sekarang sih udah berangsur normal lagi timelinenya, coba force close dulu aplikasinya terus buka lagi.",2,0,0,0,neither,institution_policy_idea,,explicit
168,browsing,,2026-07-29,,,"Kucing gue mogok makan udah 2 hari, kenapa ya kira-kira?","Kasih wet food aja coba dicampur kaldu ayam, biasanya sih mau.","Kalau kucing sudah 2 hari berturut-turut mogok makan total, lebih baik segera dibawa ke dokter hewan aja. Ditakutkan ada masalah pencernaan atau virus, karena kucing rentan dehidrasi.",2,0,0,0,neither,none,,explicit
169,browsing,,2026-07-29,,,Lineup festival musik tahun ini kurang nendang ah.,"Iya bener, musisinya itu-itu lagi bosen liatnya ga ada inovasi.","Mungkin pihak promotor festival menyesuaikan dengan budget dan ketersediaan jadwal artisnya. Kalau emang ngerasa lineup-nya kurang, mending simpen aja uangnya buat nonton konser solo.",2,0,0,0,neither,institution_policy_idea,,explicit
170,browsing,,2026-07-29,,,Main bumble capek banget isinya orang ghosting semua.,"Cowok di dating app emang ga ada yang bener, sangean doang.","Bermain dating app memang butuh kesabaran ekstra untuk menyeleksi profil yang benar-benar serius. Kalau merasa lelah dan drained, tidak ada salahnya rehat sejenak dari aplikasi tersebut.",2,0,0,0,neither,none,,explicit
171,browsing,,2026-07-29,,,Laptop gue sering blue screen akhir-akhir ini padahal baru setaun.,Lu sering buka situs bokep kali banyak virusnya wkwk.,"Gejala laptop blue screen itu penyebabnya bermacam-macam, bisa dari hardware seperti RAM atau hardisk yang bermasalah, atau OS yang korup. Coba instal ulang windows-nya dulu aja.",2,0,0,0,neither,none,,explicit
172,browsing,,2026-07-29,,,"Skincare merk [ORGANIZATION_A] lagi viral banget, pada bilang bagus.","Overclaim doang itu mah, aslinya biasa aja ga ngefek apa-apa.","Sebelum memutuskan untuk mencoba produk skincare yang sedang viral, pastikan dulu kandungannya sesuai dengan tipe kulit masing-masing agar tidak breakout di kemudian hari.",2,0,0,0,neither,institution_policy_idea,,explicit
173,browsing,,2026-07-29,,,"Thrifting sekarang harganya mahal-mahal, udah ga masuk akal.","Seller nya pada maruk anjir, baju bekas dijual seharga baru.","Fenomena thrifting mahal ini terjadi karena tingginya demand pasar terhadap baju vintage. Kalau mau cari yang benar-benar murah, harus rajin blusukan langsung ke pasar loak.",2,0,0,0,neither,none,,explicit
174,browsing,,2026-07-29,,,Motor matic ganti oli gardan tiap berapa bulan sekali sih bagusnya?,Kalo gue sih nunggu setahun sekali baru ganti wkwk biarin aja.,"Berdasarkan panduan dari mekanik bengkel resmi, penggantian oli gardan motor matic idealnya dilakukan setiap pemakaian 8.000 km, jadi lebih berpatokan pada jarak tempuh.",2,0,0,0,neither,none,,explicit
175,browsing,,2026-07-29,,,Gowes pagi ke Monas seru juga kayanya weekend ini.,Ikut dong! Bosen di rumah mulu suntuk pen cari angin.,Boleh banget tuh gowes bareng sekalian cari keringat. Nanti kita kumpul di titik kumpul biasa jam 6 pagi ya biar udaranya masih segar dan jalanan belum terlalu padat. 🚴‍♂️,2,0,0,0,neither,none,,explicit
176,browsing,,2026-07-29,,,Tiket pesawat ke Bali sekarang harganya bikin jantungan ya.,Mending ke Jogja aja naik kereta lebih murah meriah ga bikin miskin.,"Kenaikan harga tiket pesawat penerbangan domestik belakangan ini memang cukup signifikan, diduga akibat naiknya harga avtur dan tingginya permintaan pasca libur panjang.",2,0,0,0,neither,institution_policy_idea,,explicit
177,browsing,,2026-07-29,,,"Harga rumah makin gak ngotak, generasi millenial fix ngontrak seumur hidup.","Makanya jangan boros jajan kopi terus, nabung bangsat!",Permasalahan utama harga rumah mahal ada pada stagnansi upah yang tidak sebanding dengan inflasi properti. Pemerintah perlu intervensi membuat regulasi untuk menekan harga tanah.,2,0,0,0,neither,institution_policy_idea,,explicit
178,browsing,,2026-07-29,,,Indomie kari ayam pake telor setengah mateng emang the best.,"Kurang pedes, harus ditambahin rawit potong baru mantap jiwa.","Wah setuju banget, indomie kari ayam emang the best. Kuahnya yang kental ditambah perasan jeruk nipis sedikit emang bikin rasanya makin gurih, cocok banget buat ujan-ujan gini.",2,0,0,0,neither,none,,explicit
179,browsing,,2026-07-29,,,Sebel banget nonton bioskop ada yang bawa balita trus nangis kenceng.,Orang tua tolol emang egois ga mikirin penonton lain yang keganggu.,Pihak bioskop sebenarnya sudah memberikan rating umur pada setiap film. Sebaiknya orang tua lebih bijak dalam memilih film yang ramah anak agar tidak mengganggu pengunjung lain.,2,0,0,0,neither,none,,explicit
180,browsing,,2026-07-29,,,ChatGPT sekarang ngeri ya bisa ngerjain codingan juga.,Siap-siap aja programmer pada nganggur digantiin AI semua.,"AI seperti ChatGPT seharusnya dilihat sebagai alat bantu untuk mempercepat proses kerja programmer, bukan pengganti utuh. Tetap butuh logika manusia untuk mengecek hasil sintaksnya.",2,0,0,0,neither,institution_policy_idea,,explicit
181,browsing,,2026-07-29,,,Rencana kenaikan PPN jadi 12% tahun depan gimana menurut lu?,"Pemerintah nyekek rakyat pelan-pelan, bajingan emang.",Kebijakan kenaikan PPN ini pasti akan sangat memukul daya beli masyarakat kelas menengah ke bawah. Harusnya pemerintah memaksimalkan penyerapan pajak dari sektor-sektor besar saja.,2,0,0,0,neither,institution_policy_idea,,explicit
182,browsing,,2026-07-29,,,"Podcastnya si [PERSON_A] sekarang obrolannya ga berbobot, ngundang sensasi mulu.",Dari dulu juga dia mah jual kontroversi doang ga ada isinya sampah.,"Seiring berjalannya waktu, banyak kreator konten podcast yang memang sengaja mengubah arah acaranya demi engagement. Kalau ngerasa udah ga cocok, mending dengerin channel lain aja.",2,0,0,0,neither,none,,explicit
183,browsing,,2026-07-29,,,"Harga Bitcoin anjlok parah, nangis banget porto merah semua.","Mampus dah yang pada fomo, makanya kerja nyata aja wkwk tolol.","Fluktuasi harga yang tajam dalam pasar kripto seperti Bitcoin adalah hal yang lumrah. Ini bisa jadi pelajaran penting soal manajemen risiko, pastikan selalu menggunakan uang dingin.",2,0,0,0,neither,institution_policy_idea,,explicit
184,browsing,,2026-07-29,,,"Ganda putra kita tumbang lagi di babak pertama, performanya turun drastis.","Emang udah abis masanya mereka, regenerasi PBSI mandek anjing!","Kekalahan tim ganda putra kita tentu mengecewakan, tetapi kita tetap harus mengapresiasi perjuangan mereka di lapangan. Evaluasi menyeluruh dari pelatih sangat diperlukan.",2,0,0,0,neither,institution_policy_idea,,explicit
185,browsing,,2026-07-29,,,"Begadang tiap malem ngerjain tugas, siang berasa mau pingsan.",Minum kopi item bang biar melek trus kerjain sampe kelar.,"Hati-hati lho, kebiasaan sering begadang ngerjain tugas itu sangat buruk dampaknya bagi kesehatan jantung jangka panjang. Coba perbaiki pola tidur dan manajemen waktunya pelan-pelan.",2,0,0,0,neither,none,,explicit
186,browsing,,2026-08-07,,,lagi bingung milih antara kerja atau kuliah dulu setelah lulus,banyak yang bilang kuliah dulu biar ilmu lebih dalam,"hmm, saran aku pilih kuliah. ilmu ga akan pernah ninggalin kita.",2,0,0,0,neither,none,,explicit
187,browsing,,2026-08-07,,,"kalau AI mulai mengelola aset atau mengambil keputusan, transparansi prosesnya rasanya jadi sama pentingnya dengan hasilnya","iya, banyak yang cuma liat outputnya doang","setuju banget. kalo cuma liat hasil akhir doang tanpa tau proses di belakangnya, jatuhnya malah kaya beli kucing dalam karung wkwk makanya verifikasi onchain gini krusial biar ga ada manipulasi track record 🔥",2,0,0,0,neither,institution_policy_idea,,explicit
188,browsing,,2026-08-07,,,Sebuah rekomendasi game di 2026 🫣 . Ada game favorit kalian disini?,dari Stardew Valley jadi ke Elden Ring 😭😭😭 yang satu farming di kebon yang satu farming di limgrave 😭,Sama2 game farming kan a,2,0,0,0,neither,none,,explicit
189,browsing,,2026-08-07,,,"sensus ekonomi 2026 lagi jalan, data valid penting buat perencanaan","iya, biar program lebih tepat sasaran","perencanaan ekonomi nasional butuh data valid, makanya Sensus Ekonomi 2026 penting banget",2,0,0,0,neither,institution_policy_idea,,explicit
190,browsing,,2026-08-07,,,"kemarin jalan di area stadion, katanya ada jualan buku bekas",ternyata tokonya agak sepi,"kusamperin, kutanya penjualnya. Salah satu mereka pun bahkan bilang jualnya bajakan. Jujur sedih, bisnis buku mungkin lesu dan harga pun kompetitif kalau beli online. Semoga ada jalan keluarnya kelak. Pengalaman cari buku bekas ditumpukan dan bau menguning itu ga ada gantinya!",2,0,0,0,neither,none,,explicit
191,browsing,,2026-08-07,,,cuaca lagi panas banget minggu ini,minum air putih lebih sering ya,"bener kadang gitu, aku selalu bawa tumbler biar ga dehidrasi",2,0,0,0,neither,none,,explicit
192,browsing,,2026-08-07,,,desain poster eventnya bagus banget,warnanya soft dan rapi,"wah bagus juga yaa, aku suka fontnya yang bersih",2,0,0,0,neither,none,,explicit
193,browsing,,2026-08-07,,,latihan basket sore ini seru,skornya berapa tadi?,"gede bener yah itu, tapi yang penting semua ikut main dan enjoy",2,0,0,0,neither,none,,explicit
194,browsing,,2026-08-07,,,update software laptop laginya lama,sabar aja biasanya,"mantep bagus yaa, setelah update jadi lebih ringan",2,0,0,0,neither,none,,explicit
195,browsing,,2026-08-07,,,Jadi orang oengen banget dibilang hebat wkwkwk,dikira sebuah prestasi mungkennn😹,"Ya begitu lah bang, nyari temen wkwkwk",2,0,0,0,neither,none,,explicit
196,browsing,,2026-08-07,,,film lokal terbaru alurnya enak,cast-nya pas banget,"widih kok keren yaa, aku juga suka soundtrack-nya",2,0,0,0,neither,none,,explicit
197,browsing,,2026-08-07,,,kerja remote kadang bikin bosan,coba ganti suasana kerja,"iya lho, kadang aku pindah ke cafe biar lebih fresh",2,0,0,0,neither,none,,explicit
198,browsing,,2026-08-07,,,Barusan ada penipu telfon aku 😠,Kamu tipu balik ngga?,Aku marahin 😠,2,0,0,0,neither,none,,explicit
199,browsing,,2026-08-07,,,anak muda banyak yang mulai usaha kecil,keren liat semangatnya,"setuju mas bro, semoga kedepannya makin banyak yang berani coba",2,0,0,0,neither,none,,explicit
200,browsing,,2026-08-07,,,jalan kaki pagi di komplek enak,udara masih seger,"bener banget, aku selalu bawa earphone biar lebih enjoy",2,0,0,0,neither,none,,explicit
201,browsing,,2026-08-07,,,salfok dengkulnya kotor semua 😭,"Iya lagi, kok bisa kotor gt 😲",kan ada koreo yang duduk di bawah gitu wkwk,2,0,0,0,neither,none,,explicit
202,browsing,,2026-08-07,,,lagi belajar bahasa korea,susah nggak di awal?,"iya sih di awal, tapi kalau latihan tiap hari jadi lebih gampang",2,0,0,0,neither,none,,explicit
203,browsing,,2026-08-07,,,konser offline lagi mulai ramai,tiketnya sold out cepat,"mantap sekali kak, semoga suasananya aman dan nyaman",2,0,0,0,neither,none,,explicit
204,browsing,,2026-08-07,,,😅😅😅 Butuh penjelasan euy... Wkwk,Emg ajg malah nyarap wkwkw,Wkwkwk akan kutakhlukan dunia tp bentarr mau nyarap dulu..fakkk,2,0,0,0,neither,none,,explicit
205,browsing,,2026-08-07,,,sistem antrian rumah sakit perlu diperbaiki,biar lebih manusiawi,"setuju kak. kritik dan saran boleh, tapi hendaknya disampaikan dengan cara yang baik",2,0,0,0,neither,institution_policy_idea,,explicit
206,browsing,,2026-08-07,,,lagi coba resep mie ayam homemade,kuahnya kental?,"bener, aku tambahin jamur biar lebih mantap",2,0,0,0,neither,none,,explicit
207,browsing,,2026-08-07,,,update OS hp bikin baterai awet,versi berapa tadi?,"keren banget ih, sekarang lebih hemat",2,0,0,0,neither,none,,explicit
208,browsing,,2026-08-07,,,"Selalu aja ada alasan dari cewe miskin yg ngarep dapet cowo ""provider mindset"" jiakhhh",minimal punya uang juga ga sih 💔,"Iyaaaah, masa bisa tenang sih kalo diajak kemana mana ga bawa duit sendiri 😩😩",2,0,0,0,neither,none,,explicit
209,browsing,,2026-08-07,,,emang bener ya ngegym bikin tete ilang? jadi takut mau gym,Lagian tete di cowo itu fungsinya apaan dah? Cuma pajangan doang,😭😭😭 Itu putin bisa buat gantung foto Presiden sama Wapres kayaknya dah,2,0,0,0,neither,none,,explicit
210,browsing,,2026-08-07,,,harga sayur di pasar agak naik,karena musim hujan ya,"bener sih, aku lebih pilih beli di pagi biar masih segar",2,0,0,0,neither,none,,explicit
211,browsing,,2026-08-07,,,desain interior minimalis lagi tren,cocok buat ruang kecil,"setuju banget, aku suka yang banyak cahaya alami",2,0,0,0,neither,none,,explicit
212,browsing,,2026-08-07,,,aplikasi catatan digital membantu,sinkron antar device,"mantap, aku pakai buat to-do list harian",2,0,0,0,neither,none,,explicit
213,browsing,,2026-08-07,,,bro pikir bro hebat😹,Kemungkinan terbesarnya cowoknya punya duit dan status sosial tinggi.,ada value tertentu yg bikin sicewe gmw lepas yaa,2,0,0,0,neither,none,,explicit
214,browsing,,2026-08-07,,,update peta digital lebih akurat,navigasi jadi mudah,"bagus sekali, perjalanan jadi lebih lancar",2,0,0,0,neither,none,,explicit
215,browsing,,2026-08-07,,,"[PERSON_A] is a fucking joke. Yang punya penyakit hati orang lain, yang kena hukuman kita. Aneh.",Aku dijelasin ttg [PERSON_A] sama temenku dan pikiranku jg sama kyk yg kamu twit.,"Kalo konteksnya 'pamer' plan, sebenarnya masuk di akal. Tapi kalo konteksnya apa apa dikira pamer, yha better perbaiki hati dan pikiran dah lu pade 😔",2,0,0,0,neither,non_protected_group,,explicit
216,browsing,,2026-08-07,,,resep bubur ayam simple,toppingnya apa aja?,"bener, aku tambah kerupuk dan daun bawang",2,0,0,0,neither,none,,explicit
217,browsing,,2026-08-07,,,film dokumenter alam bagus,visualnya keren,"keren banget, aku jadi lebih appreciate lingkungan",2,0,0,0,neither,none,,explicit
218,browsing,,2026-08-07,,,sistem tiket online lebih praktis,ga perlu antri lama,"setuju banget, hemat waktu banget",2,0,0,0,neither,institution_policy_idea,,explicit
219,browsing,,2026-08-07,,,oke sudah mulai mabok,Projekan mas?,"dibilang iya juga ngga sih, kebagian ngerebuild website lab wkwk",2,0,0,0,neither,none,,explicit
220,browsing,,2026-08-07,,,"dari sisi developer tentu mudah, tapi requirements sering berubah","iya, improvisasi bisa jadi petaka","lebih baik follow UR, daripada ada error nanti disalahkan 🤣",2,0,0,0,neither,none,,explicit
221,keyword_search,najis,2026-08-10,,,"kalo malem gabisa tidur, kalo siang bolong ngantuk terus 🙋🏻‍♀️",bisa samaan gitu kita nya,najis lo,2,0,0,1,abusive_language,individual,,explicit
222,keyword_search,jir tolol,2026-08-09,,,kita bisa main cantik kayak gini lohhh,main cantik lawan tim antah barantah mah kamboja juga bisa,jir keliatan tololnya,2,0,0,1,abusive_language,non_protected_group,,explicit
223,keyword_search,kating najis,2026-08-10,,,najis???? Mimpi buruk gua punya kating begini,"SOK IYE BANGET, KOK MASIH ADA KATING MODELAN KAYAK GITU","YAKAN HOKCUH BGT, akupun kaget...  NAJIS IH gmna ospek besok... makin pgn pindah univ tahun depan",2,0,0,1,abusive_language,individual,,explicit
224,keyword_search,orang goblok,2026-08-10,,,Ada yang tahu bocah ini pernah kuliah dimana?,"Kok bisa orang goblok ini naik ya Allah, sebegitu parahnyakah IQ rakyat indo😢. Jmn orba rakyat nggak gini2 amat, duh Robbi",Yang goblok itu lo. Percaya hoax si [PERSON_A] padahal itu cuma fitnah. Dia juga terbukti memalsukan ijazah S3 [ORGANIZATION_A] dan surat kematian.,2,0,0,1,abusive_language,individual,,explicit
225,keyword_search,lu kontol,2026-08-10,,,"Dia bneran aneh,komen sampe bawah masih ngotot mencampur adukkan memuliakan istri dan perempuan lain.","Perempuan juga istri dari suami suaminya bang, layak untuk dimuliakan juga.","serah lu kontol, otak patriarki, skip ajaa napee sampe bawa² dalil agamaaa, DERAJAT PEREMPUAN YG JADI ART ITU BEDA SM DERAJAT PEREMPUAN YG JD ISTRI DIA, HARUSNYA SAMPE SINI OTAK LU PAHAM, KALO NGGA BERARTI LU GOBLOK, GOSAH DISKUSI² SEGALA KALO GOBLOK.",2,0,0,1,abusive_language,individual,,explicit
226,keyword_search,orang goblok,2026-08-10,,,"Penyesalan itu gk pernah on time. Makanya, dijalan lebih baik banyak2 sabar drpd harus bikin video minta maaf kemudian hari dan diproses hukum serta ganti kerugian.","Turun goblok, gak usah nyebut Allah ..... Usaha ngelawan , klo cuma istighfar gak ada usah ya apes terus",Ngapain ngelawan orang goblok. Sudah bener dividioin terus dilaporkan. Kalo ngelawan di tempat susah dipolisikan. Kalo masih belum puas tinggal dicari,2,0,0,1,abusive_language,individual,,explicit
227,keyword_search,goblok,2026-08-10,,,Beli sepatu di toko oren harganya murah banget dapet diskon gede.,"Tapi nyampenya lama bener, kurirnya lelet apa emang stoknya abis ya.",Kurir ekspedisi [ORGANIZATION_A] emang pada goblok semua kerjanya lelet kaya keong. Gaji buta doang bisanya nyusahin orang nungguin paket bangsat! 📦,2,0,0,1,abusive_language,non_protected_group,,explicit
228,keyword_search,babi tolol,2026-08-10,,,Push rank malem ini kacau banget dapet tim ga ada yang bener.,"Sama anjir, pada buta map semua ga mau rotasi jaga turret.",Player solo rank epic emang sekumpulan babi tolol kaga punya otak! Udah dibilangin mundur malah maju mati konyol anjing beban banget idup lu pada wkwk.,2,0,0,1,abusive_language,non_protected_group,,explicit
229,keyword_search,bangsat,2026-08-10,,,Katanya ngrebus telor 5 menit pas banget tengahnya setengah mateng.,Gue coba malah masih cair banget dalemnya amis mentah.,"Ya elah lu nya aja yang dungu kaga bisa masak air bangsat! Kompor lu apinya kecilan itu, dasar otak udang masuk dapur malah bikin ancur doang 🤮",2,0,0,1,abusive_language,individual,,explicit
230,keyword_search,manusia sampah,2026-08-10,,,Macet di Sudirman pagi ini bikin emosi banget nyaris telat ngantor.,Banyak motor lawan arah nerobos trotoar makin semrawut jalannya.,Pengendara motor yang lewat trotoar tuh emang anjing semua pantesnya dilindes truk! Gobloknya kebangetan nyusahin pejalan kaki dasar manusia sampah.,2,0,0,1,abusive_language,non_protected_group,,explicit
231,keyword_search,emang babi,2026-08-10,,,Ujan deres sejam doang depan rumah langsung banjir selutut gila.,Sistem drainasenya mampet kali tuh banyak yang buang sampah plastik.,"Tetangga sebelah emang babi hobi banget buang sampah sembarangan ke selokan! Muka tembok kaga ada otaknya, pantes rumah lu duluan yang kelelep mampus.",2,0,0,1,abusive_language,individual,,explicit
232,keyword_search,tolol tai,2026-08-10,,,Batre hape baru dipake bentar udah sisa 20 persen aja boros bener.,Aplikasi background banyak yang jalan kali lu ga tutup otomatis.,"Brand hape sampah emang, developernya tolol ga bisa bikin sistem hemat batre! Nyesel gw beli mahal-mahal dapet barang rongsokan kaya tai gini 📱🔥",2,0,0,1,abusive_language,institution_policy_idea,,explicit
233,keyword_search,lu bangsat,2026-08-10,,,Permainan ganda putra kita kemaren banyak banget unforced error.,"Kelihatan kurang fokus di set penentuan, staminanya abis total.","Atlet mental tempe goblok main kaya tarkam gitu dibanggain! Latihan tiap hari dapet fasilitas mewah tapi mainnya kaya anjing, pensiun aja lu pada bangsat.",2,0,0,1,abusive_language,non_protected_group,,explicit
234,keyword_search,tolol bangsat,2026-08-10,,,Sound system konser kemaren bener-bener ngecewain banget.,Vokalnya tenggelam ketutup suara bass yang pecah sember.,"Promotornya emang anjing serakah cuma mikirin untung gede doang! Teknisi soundnya juga budek tolol ga bisa setting audio, balikin duit tiket gw bangsat 🤬",2,0,0,1,abusive_language,institution_policy_idea,,explicit
235,keyword_search,lu dungu,2026-08-10,,,Kucing kampung di komplek sering banget nyolong lauk di dapur.,"Jangan disiksa, kasih makan aja di luar biar ga masuk ke dalem.",Ngapain dikasih makan orang pelindung hewan sok suci kek lu tuh aslinya dungu! Kucing garong pantesnya digebuk aja kepalanya ampe mampus dasar gembel.,2,0,0,1,abusive_language,individual,,explicit
236,keyword_search,anjing lu,2026-08-10,,,Si selebgram [USER_A] flexing beli mobil mewah lagi di feed nya.,"Biarin aja, duit dia ini hasil kerjanya dapet endorse banyak.","Hasil kerja nipu follower doang dibanggain, emang selebgram jablay ga tau malu! Muka hasil oplas plastik aja sok keras anjing pamer mulu norak banget lu.",2,0,0,1,abusive_language,individual,,explicit
237,keyword_search,cowok goblok,2026-08-10,,,Cowok gue ketahuan bales chat mantannya diem-diem tengah malem.,"Minta penjelasan dulu aja, siapa tau cuma nanya kabar doang.","Alasan doang itu tai, cowok lu emang buaya bangsat gatel banget kaga bisa setia! Laki-laki goblok kaya gitu putusin aja ludahin mukanya sekalian mampus.",2,0,0,1,abusive_language,individual,,explicit
238,keyword_search,babi tolol,2026-08-10,,,Thrifting sekarang harganya udah ga ngotak nyamain barang mall.,Udah dikuasain tengkulak gede kayanya makanya jualnya mahal.,"Seller thrifting sekarang emang pada babi maruk semua anjing! Jual barang bekas bau ketek aja harganya jutaan, dasar kang palak tolol ga tau diri 👕",2,0,0,1,abusive_language,non_protected_group,,explicit
239,keyword_search,manusia tolol,2026-08-10,,,Orang yang nyalain hp terang banget pas film main tuh ganggu parah.,"Tegur aja langsung, kadang mereka ga sadar silau ke barisan belakang.","Langsung gw teriakin aja tuh manusia tolol kaga punya etika! Otaknya udah pindah ke pantat kali nyalain flash di bioskop, kampungan banget bangsat.",2,0,0,1,abusive_language,individual,,explicit
240,keyword_search,lu goblok,2026-08-10,,,Baru nyoba diet vegan seminggu tapi badan lemes terus ga ada tenaga.,"Asupan protein lu kurang kali, harus ditambahin tempe tahu.","Lu nya aja yang goblok ikut-ikutan tren kaga riset dulu! Badan kerempeng kurang gizi aja sok gaya diet vegan, dasar monyet tolol wkwkwk.",2,0,0,1,abusive_language,individual,,explicit
241,keyword_search,anjing semua,2026-08-10,,,Udah ngirim puluhan CV tapi ga ada satu pun panggilan interview kerja.,"Coba perbaiki format CV nya biar ATS friendly, mungkin desainnya salah.",HRD di negara ini emang pada anjing semua kerjanya cuma liat ordal doang! Percuma cv bagus kalo rekruternya buta huruf goblok kaga bisa nilai skill orang,2,0,0,1,abusive_language,non_protected_group,,explicit
242,keyword_search,bangsat tolol,2026-08-10,,,Koin kripoku anjlok parah hari ini porto merah merona bikin nangis.,"Hold aja dulu, namanya juga pasar crypto pasti fluktuatif banget harganya.",Developer koin scammer anjing emang sengaja narik likuiditas biar kita miskin! Bangsat kalian semua penipu tolol semoga hidup lu menderita kelindes truk!,2,0,0,1,abusive_language,non_protected_group,,explicit
243,keyword_search,bego semua,2026-08-10,,,M-banking bank [ORGANIZATION_A] maintenance mulu pas lagi jam sibuk.,Bikin repot pas mau bayar makanan di kasir ga bisa transfer sama sekali.,Bank sampah IT nya pada bego semua kaga becus ngurus server! Gaji gede doang lu pada tapi sistemnya kaya tai anjing nyusahin nasabah terus tiap hari.,2,0,0,1,abusive_language,institution_policy_idea,,explicit
244,keyword_search,bangsat goblok,2026-08-10,,,Manggil tukang benerin atap bocor eh malah makin parah netesnya.,"Tukangnya kurang pengalaman kali, asal tambal doang ga di cek bener.","Tukang bangunan abal-abal emang bangsat penipu kelas kakap! Kerjanya ngasal goblok minta bayaran mahal tapi hasil nol besar, penjahat berkedok kuli anjing.",2,0,0,1,abusive_language,non_protected_group,,explicit
245,keyword_search,orang idiot,2026-08-10,,,"Dosen pembimbing revisinya ga jelas, tiap minggu ganti-ganti arahan mulu.",Coba direkam aja pas konsul biar ada bukti kalo beliau lupa arahannya.,Dosen pikun goblok emang pantesnya pensiun aja nyusahin mahasiswa doang anjing! Gelar doang panjang tapi ngajar kaya orang idiot kaga ada isinya,2,0,0,1,abusive_language,individual,,explicit
246,keyword_search,lu tai,2026-08-10,,,Liat hasil foto pake lensa kit ternyata kurang tajem ya buat bikin portrait.,Emang harus pake lensa fix f1.8 biar efek bokehnya dapet dan gambarnya tajem.,"Gear lu aja yang murah tai, fotografer miskin kaga usah sok ngomongin ketajaman foto dah! Skill lu ampas goblok nyalahin lensa dasar kang foto amatiran.",2,0,0,1,abusive_language,individual,,explicit
247,keyword_search,bodoh,2026-09-21,,,dan cowok bangsat emang ngincer cewek tolol mba. you are great for each other.,"Giliran disakitin ngerepotin temennya, dikasi tau kaga bakal sadar. Emang orang2 ini agak unik","ini rill banget si, Orang-orang yang punya hubungan toxic tuh suka bodoh dan ngerepotin banget. mereka ngelampiasin kesedihan dari hubungan mereka ke teman-teman mereka yang mana ini cukup melelahkan secara emosional, tapi giliran disuruh putus ada aja pembelaan nya 🤡",2,0,0,1,abusive_language,non_protected_group,,explicit
248,keyword_search,otak pmo,2026-09-21,,,terserah lu aja gondrong 😹,"kalo gak salah gara-gara tragedi salah pencet predik ada subtitle indo apa kagak di game, langsung pada sepam yel-yel ""rakyat di dibodohi janji diingkari"" terus jadi dilabelin Yahuditore wwkwkwkwkwk","si gondrong malah lupa, emang otak PMO",2,0,0,1,abusive_language,individual,,explicit
249,keyword_search,ngotot goblok,2026-08-10,,,event emang tanggal 10 tapi si budhe flightnya tanggal 8 trus diundur jadi tanggal 9,"buktinya mana, emg lu punya tiket pesawatnya, gosip aja dipercaya","udah salah masih ngotot, blok goblok. sumber lu sendiri aja ngaku salah masih ngotot, blok goblok",2,0,0,1,abusive_language,individual,,explicit
250,keyword_search,manusia najis,2026-08-10,,,Aku gak kasian sama [PERSON_M].. dia terlalu egois,Please.. gw ga terima [PERSON_N] di serang,"DIH NAJIS BANGET LU ANJENG, MANUSIA NIREMPATI",2,0,0,1,abusive_language,individual,,explicit
251,keyword_search,cenblu,2026-09-24,,,"mulai, cenblu kontol mulai lagi mau bikin berapa guru lagi yg kehilangan pekerjaan? udah jobdesk guru seabrek tapi gaji ga segede gaji Elon mu, masih dijadiin bahan samsak buat jadi ladang duit pula","Nihhh muke si [USER_X] Si paling no no wkwkwk kasian yaa jadi guru udah gaji kecil,jadi tumbal MBG,tegas ke murid di penjara,sayang ke murid di anggap pelecehan!! Yang kuat² ya guru2  di luar sana,kalian pahlawan tanpa tanda jasa makhluk paling iklas di bumi","belum tentu muka dia jg tapi bang, banyak akun-akun centang biru yang pake profil orang atau gambar2 lain, jahanam emang",2,0,0,1,abusive_language,individual,,explicit
252,keyword_search,perokok tolol,2026-08-10,,,"Orang pecundang nyalahin kegemarannya ""oalah pantes wibu"" ... Coba foto sama hamparan pohon duren, ga pernah tu dibilang ""maniak berkebun sih, makanya gitu""","soalnya wibu klo ngga cabul ya stres, nyatanya ini stres berujung bundir, udah ga usah denial dan bela sesuatu yang melanggar norma dan moral","Perokok kalo ga tolol ya keras kepala, ntar lagi mati juga tuh gara2 asap rokok",2,0,0,1,abusive_language,non_protected_group,,explicit
253,keyword_search,bocil goblok,2026-08-10,,,penasaran gua lu udh tua apa msih bocil,kok gaya ngomongnya gitu,"penasaran gua lu udh tua apa msih bocil, kok goblok nya kek orang ga sekolah",2,0,0,1,abusive_language,individual,,explicit
254,keyword_search,buzer bgst,2026-09-22,,,"Paham kan, kenapa anggaran Pendidikan ga boleh dipangkas & gaji guru ga boleh kecil? Karena akan melahirkan Presiden seperti yang sekarang ini.",tangkap ni buzer koruptor,Lu yg buzzer bgst!,2,0,0,1,abusive_language,individual,,explicit
255,keyword_search,pemerintah tolol,2026-08-10,,,Pemerintah China : 1,Pemerintah Indog lagi ngelakuin blunder,Pemerintah China : 1 Pemerintah Indog : TOLOL,2,0,0,1,abusive_language,institution_policy_idea,,explicit
256,keyword_search,lu gila,2026-08-10,,,udah tau followers lu kampungan masih aja dipost anjir wkwkwk payout lu kurang kah? match nya jelas di korea masih aja ikut campur lu,"dih gila orang caption cuma ""san"" doang ngatain kampung? lu yg udik dongooo noraknya ngga ketolongan sama kaya orgil diatas",Lu ngapa kocak lu yg gila,2,0,0,1,abusive_language,individual,,explicit
257,keyword_search,lu gelo,2026-08-10,,,Negara paling ruwet di dunia.,Pemimpin nya GELOO.. 🤪,sama warga kaya lu juga gelo,2,0,0,1,abusive_language,individual,,explicit
258,keyword_search,lo go blok,2026-08-10,,,“Percuma pinter kalo kagak asik” ,"""asik"" itu subjektif menurut lu asik belum tentu menurut orang lain asik😂 malah sok asik😂😂😂","pinter pun subjektif, dalam hal apa dulu ni, karna dalam hal ini lo go blok. Jadi semua kata sifat ada konteksnya, biar lo paham dan jadi pinter",2,0,0,1,abusive_language,individual,,explicit
259,keyword_search,dasar pejabat,2026-08-10,,,Jangan biarkan angka besar menjadi pengganti bukti,Aliran uang harus dibuktikan,"Hukum harus berdiri di atas fakta, bukan asumsi. Dasar pejabat yang suka main angka doang",2,0,0,1,abusive_language,individual,,explicit
260,keyword_search,dasar pengecut,2026-08-10,,,gamau nyantet takut balik,lebih baik diem aja,"gamau nyantet takut balik, dasar pengecut",2,0,0,1,abusive_language,individual,,explicit
261,keyword_search,kadrun gila,2026-08-10,,,Babi-babi jalan raya ini memang paling cocok dijadikan tumbal pondasi portal komplek.,"...Memalukan apa yg dilakukan 2 kadrun perempuan berhijab tsb, kok bisa2'y jalan santai di trotoar menghalangi para pemotor? Kelakuan kadrun yg egois, gak mendahului kepentingan banyak pemotor, gak mencerminkan Pancasila. Inilah bukti nyata kadrun yg terpapar radikalisme. (``,)","Klo waras dan taat peraturan ya pasti bukan kadrun. Kadrun itu kayak km itu, bandit provokator nasi bungkus yg kerjanya ngoceh gk jelas kayak org gila. 😄",2,0,0,1,abusive_language,individual,,explicit
262,keyword_search,cowo rasis,2026-08-10,,,Emang rata-rata kek gitu ga sih di korsel tuh🤧,Sedang menunggu wanita tolol bilang my suami🤣🤣,"Kpopers mah ga cewe ga cowo anggap mereka suami, dih mauan amat, udah kecil rasis, pada t o l o l apa gmn yak.",2,0,0,1,abusive_language,non_protected_group,,explicit
263,keyword_search,lu goblok,2026-08-10,,,ada yg udah tau kasus ini kok bisa kepikiran bkin promosi kayak gini,"Biasanya ada demo berjilid-jilid, kok ini sepi aja ?",lu goblok apa oon dah bilang begini? wkwkw,2,0,0,1,abusive_language,individual,,explicit
264,keyword_search,goblok,2026-09-22,,,Beginilah kondisi [PERSON_Z] Pemeran 2cowo guyy akhirnya tumbang dan di rawat di RS,Hiv itu gak ada sbnr nymah kalo dia makin drof imun nyaa nnt turun malh jadi sakit,penyepong kdm pantes goblok,2,0,0,1,abusive_language,individual,,explicit
265,keyword_search,laki bodoh,2026-08-10,,,tidak mau menerima opini voter 02,template pada bodoh” emang laki voters 02,"mau laki or cewek, sama aja gasi, kalo voters 02 tu punya logic reasoning yg rendah",2,0,0,1,abusive_language,non_protected_group,,explicit
266,keyword_search,cenblu,2026-09-26,,,"""ini asli gak sih?"" mikir sia goblougg","Lu also does gobluog, join in boosting engagement cenblu gobluog",suka suka gw lah kontol mau ngetweet apa,2,0,0,1,abusive_language,individual,,explicit
267,keyword_search,lu bloon,2026-08-10,,,Pendapatan lu juga jomplang sih Dipanggil mahasiswa yang mostly belum berpenghasilan buat jadi pembicara lu kasih tarif 50 juta 😬,"Jadi lo pikir anak smp, sma, sama kuliah yg belum perpenghasilan bikin panggung ngundang musisi dalam dan luar negeri itu bayarnya pake tengkyu? Bloon","Lu yang bloon Berarti si feri lu anggep penghibur doang ya, gak ada isinya",2,0,0,1,abusive_language,individual,,explicit
268,keyword_search,lo goblok,2026-08-12,,,"Maaf ya XXI, terpaksa aku pindah ke kursi kosong tanpa konfirmasi karena kursi di belakangku ditempatin orang stress macam ini 😭🙏🏻","Aku juga sering angkat kaki kok,,tapi aku liat2 dlu..klo emang di depan ku ada orang duduk dan kondisi rame ya aku duduknya normaly tapi klo di depan gak ada orang dan kondisi penonton sepi ya gpp juga sih slm masih wajar","Ternyata ini pelaku yg goblok, kaki lo itu kotor penuh kuman dan bau, lo angkat kaki ke atas kursi, kuman dan bau kaki lo nempel dong ke kursi, masa gitu aja gak ngerti? tau ga sih gunanya kursi apa? kalau mau bebas nonton layar tancep aja",2,0,0,1,abusive_language,individual,,explicit
269,keyword_search,orang goblok,2026-08-10,,,penasaran gua lu udh tua,apa msih bocil,kok goblok nya kek orang ga sekolah,2,0,0,1,abusive_language,individual,,explicit
270,keyword_search,sinting,2026-08-10,,,buat yg mo nikah kata gw lo pada prepare yg bener deh anjirrr,Gimana ceritanya mau nikah tp gapunya biaya. Gblok,sinting emg,2,0,0,1,abusive_language,individual,,explicit
271,keyword_search,dasar cabul,2026-08-23,,,Kenapa minoritas lebih intoleran dari mayoritas di Indonesia?,"masih sedikit... Coba kko mayoritas, jadi penjajah😂","agama kau jadi pengungsi miskin, nyusahin, mintak aturan syariat islam pulak, dasar agama sales, cabul.",2,0,1,1,hate_speech,protected_group,religion,explicit
272,keyword_search,homo anjeng,2026-08-23,,,dilarang tolak lgbt wow woke bgt kampusnya,Tolak kiyai pencabulannya mana?,berisik bngt homo anjeng,2,0,1,1,hate_speech,protected_group,sexual_orientation,explicit
273,keyword_search,islam kristen,2026-08-23,,,"A11 “2 orang sudah ditangkap ialah BOTI EGA & perempuan BAJU PUTIH, sisanya cowok tolol BERTOPI TANDUK dan BETINA DAJJAL yg melafadzkan Al-Quran masih dicari. EO sampah & produsen MIRAS laknat segera cabut perizinannya!",Ternyata kristen di Konoha perlu di kasih paham posisinya di negara ini.,"Alah agama"" samawi itu kelakuan sama aja pembawa masalah mau islam , kristen , yahud ribut mulu kerjanya 😂f*ck you all 🖕",2,0,1,1,hate_speech,protected_group,religion,explicit
274,keyword_search,kafir dajjal,2026-08-23,,,"Yang penting biar balance… Balance apa? Bisa baca surah tapi tetep nenggak miras, gitu? Ini mbak baju putih yang challenge surah Adh Dhuha… ",👀,"Oalah kafir ya, pantesan. Udah kafir sok sok challenge surat suci umat muslim buat diberi reward khamr nauzubillah antek Dajjal kah betina itu",2,0,1,1,hate_speech,protected_group,religion,explicit
275,keyword_search,kadrun tolol,2026-08-23,,,Mau sampe kapan ? Kita kehilangan jati diri bangsa,"Kmrn paus dtng pd salaman congor loe diem aje,,loe kgk bilang tuh ngrusak jati diri bangsa,,hehe titit2,,,oten dongo, otak sempit,,wkkkk","oi kadrun tolol, pemuka agama lu itu cmn jual agama biar bisa kaya hidup mewah, sdngkan paus dianter aja ga pake alphard pdhal dia pimpinan umat katolik sedunia, lah habib lu cuman ,dasar kaum minum kencing onta",2,0,1,1,hate_speech,protected_group,religion,explicit
276,keyword_search,oten monyet,2026-08-23,,,Nih lokasi 12.703 perang yg pernah terjadi sejak 2300 tahun yg lalu yg dihimpun dlm satu peta Dimana perangnya numpuk? Arab? Salah. Yg benar = EROPA Yg di luar eropa ini pun mayoritasnya yg berperang mereka juga pada masa penjajahan dulu,"emang gblk oten,dia pikir viking kerjaannya cuma nelayan,dr yg di utara sampe ke selatan,bule kerjaan bunuh bunuhan,ngebudakin org,ngerampok",Oten emang monyet. Ga pernah belajar dari perbudakan sama penjajahan tahun 1800 an,2,0,1,1,hate_speech,protected_group,religion,explicit
277,keyword_search,boti pedo,2026-08-13,,,"Semakin kalian perhatikan kaum woke, semakin kalian sadar, woke ini gaya hidup yang bikin industri pornografi dan prostitusi makin berkembang Mereka menentang poligami dan pernikahan ,tapi mendukung sex bebas dan Gonta ganti pasangan serta kumpul kebo di saat bersamaan","Tanpa woke, pedo dan perkosa budak kyk nabi ajg kau Halal ya asuu",Woke pendukung LGBT ini Mulu ocehannya Nenek moyang mu pedo wahai boti,2,0,1,1,hate_speech,protected_group,sexual_orientation,explicit
278,keyword_search,homo anjing,2026-08-14,,,"Gue abis gebukin orang homo yg ngintipin gue kencing di urinoir Gancit. Kabur lagi tu orang anjing. Kalo ada yg liat cowok kacamata, rambut cepak, pake baju polo Fredperry di Gancit kabarin gue, belom puas gue nampolinnya","Gue lagi kencing dia nengok nengok ke arah gue karena urinoirnya sebelahan. Awalnya gue gak sadar dia nengok ke arah bawah pas gue kencing, pas gue nengok balik si anjing ini malah mainin alis ke arah gue. Langsung gue tampolin di wc sampe dipisahin orang, terus dia kabur",Homo homo anjing,2,0,1,1,hate_speech,protected_group,sexual_orientation,explicit
279,keyword_search,lu boti,2026-08-14,,,Papermob keren dari Universitas Negeri Padang ❤️,"Public university harusnya ga diskriminatif, ini adalah perbuatan diskriminatif",Bacot lu boti,2,0,1,1,hate_speech,protected_group,sexual_orientation,explicit
280,keyword_search,cina bangsat,2026-08-14,,,Jalan tol baru udah diresmikan hari ini.,Baguslah infrastruktur kita makin maju.,"Maju apanya, ini semua cuma akal-akalan cina babi aseng buat nguasain negara kita, usir ras bangsat itu! 🐷",2,0,1,1,hate_speech,protected_group,race,explicit
281,keyword_search,homoseksual,2026-08-14,,,Kemarin ada film dokumenter soal komunitas queer di Asia.,"Seru kayaknya, tayang di mana tuh?","Kaum homoseksual dan LGBT itu penyimpangan kodrat yang menjijikkan, kalian tidak pantas hidup di masyarakat normal.",2,0,1,0,hate_speech,protected_group,sexual_orientation,explicit
282,keyword_search,orang cacat,2026-08-14,,,Trotoar sekarang udah dipasang guiding block buat tunanetra.,Alhamdulillah fasilitas umum makin inklusif.,"Orang cacat buta ngapain sih disediain fasilitas segala, mending di rumah aja nyusahin jalanan tolol!",2,0,1,1,hate_speech,protected_group,disability,explicit
283,keyword_search,cewek lonte,2026-08-14,,,Kasus KDRT makin banyak laporannya tahun ini.,Semoga hukumannya makin berat buat pelaku kekerasan.,"Lonte-lonte kegatelan emang pantes dipukulin, cewek murahan otaknya kendor semua asu.",2,0,1,1,hate_speech,protected_group,gender,explicit
284,keyword_search,agama sesat,2026-08-14,,,Acara keagamaan di Monas dihadiri puluhan ribu orang.,Rame banget pantesan jalan raya pada dialihkan.,"penyembah berhala ini memang selalu merusak tatanan kota, agama sesat tidak seharusnya diberi ruang.",2,0,1,0,hate_speech,protected_group,religion,explicit
285,keyword_search,madura anjing,2026-08-14,,,Ada warung sate baru buka di ujung jalan.,"Wah enak tuh, yang jual orang mana emangnya?","Madura pelit tukang carok anjing, ras genetik maling mending gausah dikasih lapak jualan di mari",2,0,1,1,hate_speech,protected_group,ethnicity,explicit
286,keyword_search,rohingya,2026-08-14,,,Berita soal kapal pengungsi masuk lagi nih di perairan.,Kasian juga ya mereka luntang-lantung di laut lepas.,"Ngapain dikasihanin Rohingya parasit babi, usir aja kapalnya biar mampus tenggelam semua bangsat!",2,0,1,1,hate_speech,protected_group,nationality,explicit
287,keyword_search,kadrun tolol,2026-08-14,,,RUU larangan minuman keras lagi dibahas di dewan.,Bakal banyak pro kontra pastinya dari berbagai pihak.,"Dasar kadrun onta gurun tolol, agama teroris kerjaannya ngurusin selangkangan sama mabok doang anjing.",2,0,1,1,hate_speech,protected_group,religion,explicit
288,keyword_search,autis idiot,2026-08-14,,,Anak penderita autisme butuh pendampingan khusus di sekolah.,"Betul, guru inklusi harus diperbanyak jumlahnya.","Anak autis dan idiot itu cuma sampah genetik, tidak ada gunanya disekolahkan karena selamanya jadi beban.",2,0,1,0,hate_speech,protected_group,disability,explicit
289,keyword_search,papua,2026-08-14,,,Pelari dari papua berhasil dapet medali emas di PON.,Keren banget fisik atlet sana emang top.,"Monyet item papua menang lari doang bangga, tetep aja sdm rendah mending balik ke hutan sana asu 🐒",2,0,1,1,hate_speech,protected_group,race,explicit
290,keyword_search,banci najis,2026-08-14,,,Pawai pride month di luar negeri diadain meriah banget.,Di sana kebebasan berekspresi emang dijamin banget ya.,"Banci-banci najis homo bangsat pantes kena azab, kaum sodom emang sampah peradaban anjing!",2,0,1,1,hate_speech,protected_group,sexual_orientation,explicit
291,keyword_search,orang tolol,2026-08-14,,,Si penceramah itu berani banget ngebahas akidah agama lain di depan umum.,"Bener, si [PERSON_S] juga ikutan bela penceramah itu, padahal dia sendiri beda agama.","ORANG INI JUGA NANTI KETAHUAN WUJUD ASLINYA AKAN DAPAT BAGIAN JUGA. WOIIII SAYA BILANGIN SAMA KAU [PERSON_S] ANJING, TIDAK USAH KAU URUS AGAMA KAMI. URUS SAJA TUHANMU ITU, KENAPA DIA BISA MATI DI PAKU OLEH CIPTAANNYA SENDIRI. LOGIKA AGAMA KAU ITU, ASLI TOLOL..!!!",2,0,1,1,hate_speech,protected_group,religion,explicit
292,keyword_search,lu kafir,2026-08-14,,,"YASSSS WOKENESIA HERE WE GOOO Capek bgt ngadepin org2 delusional tiap harinya. Semakin kalian BACA al quran dan liat realitanya, semakin kalian sadar all religion is scam. Made by men for men. Ayok cwe2, klian smart as hell. U'll figure ts out, ik. Men can go fvck themselves.","Gw sbgai ex muslim dr lahir dr orok dn udah ngalamin semua jenis penindasan yg ada di agama islam, jjur udah muak. Gw dh capek dibisuin atas nama tuhan lah dosa lah. Sedangkan tiap hrinya kelakuan mereka jahatin kaum gw. Say whatever u want, yall js proved my point.",Kafir sejak dari peju bapak lu aja sok sok ngaku ex muslim lu firr kafir 😹😹 ga ada percaya juga anonim kafir modelan kek lu 😹😹,2,0,1,1,hate_speech,protected_group,religion,explicit
293,keyword_search,sdm,2026-09-22,,,"Jepang berulah lagi 🤦🤦🤦🤦  padahal ada foto resmi, tapi sengaja pake foto random yang pasti tujuannya ngejek, gak mungkin gak sengaja 🤦🤦🤦 f*ck lah 🖕","Orang jepang pada kenapa dah, makin kesini makin aneh kelakuannya","Walaupun negara maju,sdm ny yng ""disiplin"" mental ,fetish ny sakit semua Apalagi di tambah di bela penyefong Jepang,Weebs di seluruh dunia,makin menjadi"".",2,0,1,1,hate_speech,protected_group,nationality,explicit
294,keyword_search,cina bangsat,2026-08-14,,,Berita partai sono makin ngelunjak aja nuntut macem-macem ke pemerintah pusat.,Mereka dapet bekingan cukong gede sih makanya berani vokal sekarang.,Woi bangsat cina dap taliban,2,0,1,1,hate_speech,protected_group,race,explicit
295,keyword_search,lgbt najis,2026-08-14,,,Paus Fransiskus baru aja ngeluarin pernyataan soal pemberkatan pasangan sesama jenis.,"Wah gila, berarti gereja udah mulai melegalkan dan nerima mereka dong sekarang?","Najis, DIH najis najis, aku orang katolik tidak akan pernah menerima lgbt, najis",2,0,1,1,hate_speech,protected_group,sexual_orientation,explicit
296,keyword_search,kafir munafikun,2026-08-14,,,"Banser kok malah ikut-ikutan jaga gereja pas natal, bukannya jaga masjid.","Ya begitulah ormas satu ini, lebih pro ke toleransi kebablasan daripada akidah sendiri.",NU kan emang kaum munafikin . Dan kaum munafikun selalu berada dlm barisan orang orang kafir yg memusuhi islam,2,0,1,0,hate_speech,protected_group,religion,explicit
297,keyword_search,homo najis,2026-08-14,,,"Lu kok sering banget nongkrong bareng si X, dia kan udah terang-terangan open BO cowok.",Jangan-jangan lu juga ikutan belok lagi gara-gara keseringan main sama dia wkwk.,najis jijik. jangan samakan aku sama penyuka homo,2,0,1,1,hate_speech,protected_group,sexual_orientation,explicit
298,keyword_search,syiah kafir,2026-08-14,,,"Konflik timur tengah itu rumit, ga bisa cuma dilihat dari satu sisi aja.","Kalau baca pandangan si Jhonny di thread ini, kayaknya semua pihak salah di mata dia kecuali kelompok radikal.","Dan amerika.. Yg otomatis juga israhell.. Syiah kafir, Iran musuh Islam, Sunny bid'ah syirik, cuma isis yg benar"" sunny, Ham4z teroris, haram jihad lawan israhell.. Gini kan maksudnya.. Good job jhonny... Good job👍",2,0,1,0,hate_speech,protected_group,religion,explicit
299,keyword_search,banci tolol,2026-08-14,,,Podcastnya semalem obrolannya muter-muter doang ga ada isinya.,"Host yang satu lagi juga diam aja dari awal sampe akhir, mending ga usah ikut syuting.","muak banget liat [PERSON_T], kalo lu ga ada yg mau diomongin gausah in frame banci tolol, tolah toleh kek burung beo",2,0,1,1,hate_speech,protected_group,gender,explicit
300,keyword_search,kafir,2026-08-14,,,Kemarin ada acara dangdutan di kampung sebelah tapi selingan lagunya sholawat koplo.,"Ormas banser emang gitu kelakuannya sekarang, ga ada wibawanya sama sekali.",Maling di solawatin. Dangdut disolawatin. Kafir di solawatin. Geng kolor kolor ijo emang sarap,2,0,1,1,hate_speech,protected_group,religion,explicit
301,keyword_search,gay najis,2026-08-14,,,Ada selebtwit cowok yang baru aja ngaku pacaran sama sahabat cowoknya di ig story.,Udah ketebak sih dari gaya bicaranya yang kemayu banget selama ini.,NAJIS JIS JISS JISS LU JELEK GAY LGBT KAUM HARUS DI MUSNAHIN,2,0,1,1,hate_speech,protected_group,sexual_orientation,explicit
302,keyword_search,lgbt najis,2026-08-14,,,Perdebatan soal orientasi seksual di timeline ga pernah ada habisnya ya.,"Padahal udah jelas itu penyimpangan mental, masa masih ada yang normalisasi.",Ya karna memang pada dasarnya semua org itu normal kecuali yg ga ada otak sampe memutuskan jadi najis LGBT.,2,0,1,1,hate_speech,protected_group,sexual_orientation,explicit
303,keyword_search,kafir anjing,2026-08-14,,,Orang-orang di Bali kok masih aja fanatik banget ngebela tradisi kasta mereka.,Si [PERSON_B] itu dari kemarin ngotot kalau kasta brahmana derajatnya paling tinggi ga bisa disamain.,Sejak kecil loe dah di kenalkan Ama sistem kasta.... Makanya gede nya loe kayak ANJING KASTA.... KAFIR LOE,2,0,1,1,hate_speech,protected_group,religion,explicit
304,keyword_search,jir banci,2026-08-14,,,Lucinta Luna barusan posting ceramah soal dosa di bulan puasa wkwk.,"Ngakak banget, sendirinya aja nyalahin kodrat malah sok ngajarin orang soal agama.",jir muka spek shemale banci taman lawan bawa bawa azab KWKWK,2,0,1,1,hate_speech,protected_group,gender,explicit
305,keyword_search,zionist kafir,2026-08-14,,,Kenapa tokoh-tokoh agama malah diem aja pas ada persekusi ustad kemaren?,Karena banyakan petinggi ormas udah dibeli sama oligarki dan aseng.,NU BUKAN DARI GOLONGAN ISLAM...!!! MEREKA PENYEMBAH ZIONIST KAFIR..!!! MEREKA ITU GEROMBOLANMU JUGA...!!!,2,0,1,1,hate_speech,protected_group,religion,explicit
306,keyword_search,betina,2026-08-14,,,Pemimpin perempuan udah mulai banyak di level eksekutif.,Ini bukti nyata kesetaraan gender mulai berjalan.,"Perempuan kodratnya di dapur dan kasur, pemimpin betina selamanya lemah dan tidak becus mengatur apapun.",2,0,1,0,hate_speech,protected_group,gender,explicit
307,keyword_search,orang idiot,2026-08-14,,,Atlet paralimpiade kita bawa pulang perunggu kemarin.,"Hebat banget, di tengah keterbatasan masih bisa berprestasi.","Orang difabel ngapain ikutan olahraga, mending gembel di lampu merah aja sana idiot!",2,0,1,1,hate_speech,protected_group,disability,explicit
308,keyword_search,cina anjing,2026-08-14,,,Beli tiket pesawat buat liburan natal mahal banget coy.,Tiket kereta jarak jauh juga udah ludes semua.,"Ini pasti kelicikan cina sipit aseng babi yg nguasain tiket, boikot kaum lintah darat ini anjing.",2,0,1,1,hate_speech,protected_group,race,explicit
309,keyword_search,cowok brengsek,2026-08-14,,,Laki-laki jaman sekarang gampang banget selingkuh dari istrinya.,Godaan jaman sekarang emang ngeri banget lewat sosmed.,"Cowok brengsek emang isinya selangkangan doang, laki-laki anjing ga ada gunanya hidup bisanya nyakitin doang!",2,0,1,1,hate_speech,protected_group,gender,explicit
310,keyword_search,arab,2026-08-14,,,Migran dari Timur Tengah makin banyak yang datang lewat laut.,Krisis kemanusiaan ini harus segera ditangani pihak PBB.,Para pengungsi Arab adalah sekumpulan parasit kotor yang hanya akan merusak budaya dan mencuri pekerjaan di negara kita.,2,0,1,0,hate_speech,protected_group,nationality,explicit
311,browsing,,2026-08-07,,,Cina bangsat selalu bikin masalah di negara ini.,Usir aja babi babi itu dari indo.,"jangan bawa-bawa ras dan nyebar kebencian gitu dong. lagian masalah personal kenapa merembet jadi nyerang etnis sih, rasis banget lu berdua.",2,1,0,0,neither,none,,quotation_or_counterspeech
312,browsing,,2026-08-07,,,Gue pengen bunuh dia sumpah.,"Gue juga, udah muak banget liat mukanya.","sabar sabar wkwk, emang antagonis di drakor yang ini aktingnya dapet banget bikin penonton ikutan darah tinggi 😭",2,1,0,0,neither,none,,ambiguous_reference
313,browsing,,2026-08-07,,,Kebijakan menteri pendidikan yang baru aneh banget.,Iya tolol banget tuh menteri mikirnya pake dengkul.,"kebijakannya emang kurang matang dan terkesan buru-buru, tapi gausah nyerang fisik atau ngatain tolol lah. kita kritisi poin aturannya aja biar lebih elegan.",2,1,0,0,neither,institution_policy_idea,,opinion_attack_ambiguity
314,browsing,,2026-08-07,,,Mati lampu lagi anjing dari kemaren.,PLN kerjanya ngapain sih bangsat.,"keren banget emang, kita lagi dilatih buat hidup di zaman purba biar lebih menyatu dengan kegelapan alam 🥰",2,1,0,0,neither,institution_policy_idea,,sarcasm_or_irony
315,browsing,,2026-08-07,,,Jir keren banget tuh cowok.,Iya ih gue juga naksir liatnya,"anjir kirain gue doang yang mikir gitu wkwk, auranya beda banget pas dia main gitar tadi sumpah merinding.",2,1,0,0,neither,none,,ambiguous_reference
316,browsing,,2026-09-22,,,"karena adat di indonesia kesopanan adl nomer 1 termasuk sopan dlm berpakaian. contohnya ojol. aturannya gak boleh pakai sandal, gak boleh pakai celana pendek dst. di grup medsos para driver ojol, sering foto2 driver celana pendek diolok2 sesama driver.","betul sih, tp kenapa ga bisa sopan dalam kehidupan lain ya, misal jangan korupsi, itu uang rakyat diembat ga sopan banget",Boleh korupsi asal sopan dan bagi2,2,1,0,0,neither,institution_policy_idea,,sarcasm_or_irony
317,browsing,,2026-08-07,,,Cewek kalo udah malem keluyuran pasti jablay.,"Bener, pantesan aja digoda abang-abang.","pikiran kalian berdua sempit banget sih. orang pulang malem tuh banyak yang abis kerja shift atau ngerjain tugas kampus, berenti ngejudge jelek ke perempuan.",2,1,0,0,neither,none,,quotation_or_counterspeech
318,browsing,,2026-08-07,,,"soalnya wibu klo ngga cabul ya stres, nyatanya ini stres berujung bundir, udah ga usah denial dan bela sesuatu yang melanggar norma dan moral","Oalah pantes, perokok sih otaknya asbak","lagi bahas apa, nyerangnya personal, otak dangkal WKWKK",2,1,0,0,neither,none,,quotation_or_counterspeech
319,browsing,,2026-08-07,,,Harga telur naik lagi bangsat.,Semuanya aja dinaikin sampe kita ga bisa makan.,"ya bagus dong, kan pemerintah peduli banget sama rakyatnya biar kita semua diet massal bareng-bareng dan sehat walafiat 🫠",2,1,0,0,neither,institution_policy_idea,,sarcasm_or_irony
320,browsing,,2026-08-07,,,Gue benci banget sama babi anjing ngeselin.,Pengen gue tendang rasanya berisik banget.,"jangan ditendang dong kasian, lagian lu kenapa miara anjing sama babi disatuin di kandang yang sama sih, ya berantem lah anjir wkwk ada ada aja.",2,1,0,0,neither,none,,ambiguous_reference
321,browsing,,2026-08-07,,,Kelompok agama sebelah emang sesat semua anjing.,Bakar aja tempat ibadahnya sekalian.,"wah lu berdua udah kelewatan batas sih ini, masuknya provokasi dan ujaran kebencian. gue udah laporin akun kalian, ati ati aja keciduk.",2,1,0,0,neither,none,,quotation_or_counterspeech
322,browsing,,2026-08-07,,,Goblok banget bacanya susah anjing huruf keriting semua.,"Sama, gue muak ngafalin kanji bangsat.","emang bikin darah tinggi sih ngafalin kanji 😭 coba langganan wanikani deh bang, gue juga belajar bahasa jepang darisitu lumayan ngebantu banget buat baca manga pelan-pelan.",2,1,0,0,neither,none,,ambiguous_reference
323,browsing,,2026-08-07,,,"Komen di luar nurul banget nih… Jodoh emang ga ada yang tau, tapi kok dia udah milih pezina aja duluan? Serem juga 😱😱",Kok udah nggak ada ya tu komen,"Kabur,,, gembokan akunnya 🤣",2,1,0,0,neither,none,,ambiguous_reference
324,browsing,,2026-08-07,,,Gereja mau dibangun di dalam Citraland... Yang protes warga yang bukan warga Citraland.. Ujung2nya apa? iykyk,Alasan utamanya apa sih yg kayak gini2? Keganggu liat orang lain ibadah? Takut sama orang kristen?,"alasan doang keganggu, aslinya mah penindas.",2,1,0,0,neither,unclear,,opinion_attack_ambiguity
325,browsing,,2026-08-07,,,"Tiap ujan turun deres dikit, depan rumah gue langsung banjir.",Sistem drainasenya emang ampas banget ini kota.,"wah asik tuh bang dapet wahana kolam renang dadakan gratis dari bupati, kurang bersyukur apa lagi coba warga sini 🙃",2,1,0,0,neither,institution_policy_idea,,sarcasm_or_irony
326,browsing,,2026-08-07,,,"Papua tuh mending lepas aja dari Indo, nyusahin doang item item.","Setuju, SDM rendah bikin malu aja.","kalimat lu rasis banget tau ga. saudara kita di papua itu bagian dari indonesia, yg kurang itu pemerataan pembangunannya, bukan sdm nya yg direndahin seenaknya.",2,1,0,0,neither,none,,quotation_or_counterspeech
327,browsing,,2026-08-07,,,Gila pedesnya bangsat banget bikin lidah mati rasa.,Iya anjing bibir gue dower.,"wkwk makanya bang jangan sok sokan pesen ayam geprek level 10, kan gue udah bilang sambel disitu emang gila pedesnya ga manusiawi.",2,1,0,0,neither,none,,ambiguous_reference
328,browsing,,2026-08-07,,,Dasar jablay ga tau malu.,Emang murah banget harganya.,weh lu ngomongin apaan sih? ini lg bahas kucing persia yang kemarin dijual murah di grup sebelah kan? kok bahasanya jadi aneh banget.,2,1,0,0,neither,none,,ambiguous_reference
329,browsing,,2026-08-07,,,Vaksin ini tuh cuma konspirasi elit global anjing.,Cuma orang tolol yang mau disuntik racun.,"ini tuh bukan soal konspirasi, tapi langkah mitigasi kesehatan masyarakat. jurnal medisnya udah banyak yang peer-reviewed, mending lu baca dulu deh statistiknya.",2,1,0,0,neither,institution_policy_idea,,opinion_attack_ambiguity
330,browsing,,2026-08-07,,,Gaji ga naik-naik tapi harga beras selangit.,Pemerintah emang tutup mata sama buruh bangsat.,"loh kan kita emang disuruh puasa panjang sepanjang tahun bang biar dapet pahala banyak, positive thinking aja sama pak menteri 🙏",2,1,0,0,neither,institution_policy_idea,,sarcasm_or_irony
331,browsing,,2026-08-07,,,Kalo ada gay mending dibakar idup-idup aja.,"Penyakit masyarakat emang, najis banget.","gue ga sependapat sama pilihan hidup mereka, tapi ngajak orang buat ngebakar manusia hidup-hidup itu udah tindakan kriminal sadis dan ga manusiawi sama sekali.",2,1,0,0,neither,none,,quotation_or_counterspeech
332,browsing,,2026-08-07,,,Jijik banget gue liat kelakuannya.,Asli pengen gue gampar mukanya.,"totalitas banget sih emang dia meranin tokoh pelakornya, sampe penonton pada ikutan benci beneran wkwk padahal di real life aslinya ramah banget tuh aktrisnya.",2,1,0,0,neither,none,,ambiguous_reference
333,browsing,,2026-08-07,,,Anak jaman sekarang mental tempe semua.,"Ditegur dikit langsung kena mental, dasar gen z sampah.","gak usah ngegeneralisir semua gen z dibilang sampah gitu. setiap generasi ada struggles dan tantangannya masing-masing, masalah mental health juga bukan hal sepele buat dijadiin bahan ejekan.",2,1,0,0,neither,none,,quotation_or_counterspeech
334,browsing,,2026-08-07,,,Woi anjing lu kapan balik ke indo?,Bangsatt kangen banget gue nongkrong.,"tau nih bangsat satu ini betah amat di luar negeri wkwk, ntar pas lu balik kita wajib sewa villa sih buat liburan bareng-bareng bayar utang rindu.",2,1,0,0,neither,none,,ambiguous_reference
335,browsing,,2026-08-07,,,Parkir liar di trotoar dibiarin aja anjing.,Pejalan kaki disuruh lewat mana bangsat.,"jalan kaki tuh mending terbang aja bos, kan trotoar emang udah dialihfungsikan secara resmi jadi lahan parkir VIP sama dishub setempat 🤩",2,1,0,0,neither,institution_policy_idea,,sarcasm_or_irony
336,browsing,,2026-08-07,,,"Film ini beneran ampas banget, sutradaranya goblok.",Nyesel banget gue ngabisin duit buat nonton film sampah ini.,"gue setuju sih plot ceritanya emang banyak bolongnya, tapi ngatain sutradaranya goblok juga ga bijak. emang pacing ceritanya aja yang gagal dieksekusi dengan rapi di editing room.",2,1,0,0,neither,institution_policy_idea,,opinion_attack_ambiguity
337,browsing,,2026-08-07,,,THEIR OBSESSION WITH CHINDOS OMFGGGGG,"Sipit dikit ngaku cindo, gw aja yg ireng ga ngaku negro",cwe gw yg setengah negro pun gamau di panggil nigger,2,1,0,0,neither,none,,quotation_or_counterspeech
338,browsing,,2026-08-07,,,"Kerudung panjang tapi kelakuan kayak lonte, munafik.",Emang cewek sekarang bajunya doang ditutup hatinya busuk.,"kalo dia ada salah, tegur aja personal kelakuannya. gausah bawa-bawa pakaiannya apalagi sampe ngerendahin pake kata lonte, jahat banget ketikan kalian berdua.",2,1,0,0,neither,none,,quotation_or_counterspeech
339,browsing,,2026-08-07,,,Anjir tiket keretanya ludes semua dalam 5 menit.,Bangsat gue ga dapet dong buat mudik ntar.,"SAMA ANJIR GUE JUGA GA DAPET 😭😭 padahal udah mantengin dari jam 12 malem, tbtb server down trus pas bisa kebuka eh udah full booked semua gila emang.",2,1,0,0,neither,none,,ambiguous_reference
340,browsing,,2026-08-07,,,Pejabat pamer harta di sosmed padahal rakyat miskin.,Duit korupsi aja bangga dipamerin anjing.,"lah kan dia lagi ngasih motivasi ke kita bang biar kerja lebih keras lagi pagi siang malem buat bayar pajak, panutanku emang bapak pejabat itu 🫶",2,1,0,0,neither,institution_policy_idea,,sarcasm_or_irony
341,keyword_search,sampah,2026-08-10,,,[PERSON_A] menilai pendirian Koperasi Desa (Kopdes) di tempat-tempat aneh tidak masuk akal.,Jangan - jangan dia tercipta dari asap pembakaran kemenyan...,"tralalu berharga lah kalo kemenyan, mungkin dari asap pembakaran SAMPAH.",2,1,0,1,abusive_language,individual,,sarcasm_or_irony
342,keyword_search,hobi orang,2026-08-10,,,"Bangsat, itu bocah-bocah literally cuma ngobrolin ANIME, bukan lagi ngelecehin orang atau bersekongkol buat maling tp dikata-katainnya seganas ini anjing Normies kontol",Kenapa sih rata-rata normies itu gak bisa liat orang lain punya hobi atau kesukaan yang ada dihina atau digangguin terus,"ya karena mereka sendiri gak punya hobi, makanya kerjaannya ngerecokin hobi orang buat kesenangan mereka",2,1,0,1,abusive_language,non_protected_group,,opinion_attack_ambiguity
343,keyword_search,selera kalian,2026-08-10,,,Aktor X aktingnya di film action kemaren keren banget totalitas tanpa stuntman.,"Iya bener, fisiknya juga keliatan dilatih keras buat meranin karakter itu.","Kalau menurut kalian bagian itu udah bagus ya silakan, tapi makin diliat malah makin keliatan selera kalian memang gampang puas.",2,1,0,1,abusive_language,individual,,opinion_attack_ambiguity
344,keyword_search,masalahnya,2026-08-10,,,"Barusan makan di restoran Y, pelayannya pada jutek semua ga ada senyumnya.","Mungkin mereka capek aja kali shift panjang, maklumin aja lah kak.","Maklumin terus juga buat apa kalau masalahnya berulang, kecuali emang orangnya tipe yg gak keberatan dianggep sebelah mata.",2,1,0,1,abusive_language,individual,,opinion_attack_ambiguity
345,keyword_search,tanpa mikir,2026-08-10,,,Kucing peliharaan gue semaleman ngeong terus berisik ga bisa tidur.,"Lagi birahi kali, coba dikawinin atau di steril aja biar tenang.","Kalo memang belum dicek kebutuhan dasarnya jangan buru2 nyimpulin begitu, entar keliatan emang suka nebak-nebak tanpa mikir.",2,1,0,1,abusive_language,individual,,opinion_attack_ambiguity
346,keyword_search,emang segitu,2026-08-10,,,Pertahanan bek klub ini gampang banget ditembus sayap lawan dari sisi kanan.,"Formasinya emang terlalu nyerang, jadi sering ninggalin ruang kosong di belakang.","Formasi bisa dievaluasi, tapi kalau dari awal bagian belakang gak pernah siap, mungkin emang kapasitasnya segitu.",2,1,0,1,abusive_language,non_protected_group,,opinion_attack_ambiguity
347,keyword_search,belum ngerti,2026-08-10,,,"Kopi di kafe Z ini asam banget rasanya, bikin lambung gue perih abis minum.","Itu biji kopinya emang jenis arabica, wajar kalau notes-nya fruity asam.","Jangan cuman liat jenis bijinya terus merasa penjelasannya selesai, soalnya belum tentu yg ngomong ngerti proses seduh yg bener.",2,1,0,1,abusive_language,individual,,opinion_attack_ambiguity
348,keyword_search,gak pernah,2026-08-10,,,Kereta jarak jauh sekarang kursinya udah lumayan empuk ya yang kelas ekonomi.,"Iya bener, PT KAI udah mulai dengerin keluhan penumpang kayanya.","Kalau duduk berjam2 masih dibilang nyaman, kayaknya yg ngomong gak pernah ngerasain hidup yg beneran.",2,1,0,1,abusive_language,individual,,opinion_attack_ambiguity
349,keyword_search,alasan,2026-08-10,,,Cowok tuh wajar kalau sesekali bohong demi ngejaga perasaan pasangannya.,White lies kadang emang diperluin sih biar ceweknya ga overthinking.,"Kalo pembenarannya selalu ""biar dia gak overthinking"", lama2 keliatan polanya gaslighting dibungkus alasan manis.",2,1,0,1,abusive_language,individual,,opinion_attack_ambiguity
350,keyword_search,gak paham,2026-08-10,,,Nabung di reksadana sekarang bunganya kecil banget ga berasa nambahnya.,"Pindah ke crypto aja bang, resiko gede tapi cuan cepet bisa beli mobil.","Kalau nanti dia beneran rugi siapa yg tanggung jawab? gampang banget nyuruh orang ambil risiko, padahal lu aja gak cukup paham buat nimbangnya.",2,1,0,1,abusive_language,individual,,opinion_attack_ambiguity
351,keyword_search,susah paham,2026-08-10,,,Vokalnya [PERSON_Y] pas live semalem pecah banget ga nyampe nada tingginya.,"Dia lagi radang tenggorokan katanya, maklumin aja manusia juga bisa sakit.","Kalo udah dibilang itu bukan masalahnya masih aja dibela, berarti emang dari sananya susah diajak paham.",2,1,0,1,abusive_language,individual,,opinion_attack_ambiguity
352,keyword_search,hasil begini,2026-08-10,,,Influencer A flexing beli tas miliaran lagi di story nya siang ini.,Keren sih dia masih muda udah bisa sukses mandiri beli barang branded.,hasil begini masih dianggap sukses juga? apalagi kalau modalnya cuma ngejar keramaian dan orang lain yg kena,2,1,0,1,abusive_language,individual,,opinion_attack_ambiguity
353,keyword_search,gblk bgt,2026-08-10,,,"jangan apa apa misogina misogini mulu, gender war ga abis abis. kelakuan cenblu hadeh",eh kak kok gblk bgt,"gatau, ketularan lu keknya?",2,1,0,1,abusive_language,individual,,escalation
354,keyword_search,kena imbasnya,2026-08-10,,,Lampu hazard dinyalain pas hujan deres beneran ngebantu kelihatan dari belakang.,"Bener banget, gue juga selalu nyalain hazard kalo jarak pandang tiba-tiba pendek.","dua2nya jelas dari awal ga baca aturannya, terus masih heran kenapa orang lain ikut kena imbasnya",2,1,0,1,abusive_language,individual,,opinion_attack_ambiguity
355,keyword_search,gini dibela,2026-08-10,,,HRD kantor gue bikin aturan telat 5 menit potong gaji 100 ribu per hari.,Bagus dong buat ngelatih kedisiplinan karyawan biar ga pada lelet masuknya.,"kalau aturan kayak gini masih dibela juga, ya wajar kalau yg diuntungkan bukan yg kerja paling keras",2,1,0,1,abusive_language,individual,,opinion_attack_ambiguity
356,keyword_search,keliru terus,2026-08-10,,,Skincare X ini bikin jerawat gue malah makin parah mateng-mateng semuka.,"Purging itu namanya, lanjutin aja dulu sebulan biar bersih dari dalem pori.","kalau saran dasarnya aja udah keliru terus dipake orang lain, yang nanggung akibatnya siapa?",2,1,0,1,abusive_language,individual,,opinion_attack_ambiguity
357,keyword_search,masih dibela,2026-08-10,,,Pejabat daerah Y barusan ngeresmiin tugu bambu harga miliaran di tengah kota.,Keren banget sebagai landmark kota biar banyak turis dateng buat foto-foto.,segitu mahalnya masih dibilang biasa aja? apalagi kalau yg dibela ternyata memang punya banyak masalah lain,2,1,0,1,abusive_language,individual,,opinion_attack_ambiguity
358,keyword_search,hasilnya begini,2026-08-10,,,Soal ujian matematika SBMPTN tahun ini gampang-gampang banget sumpah.,Iya bener gue cuma ngerjain setengah jam sisa waktunya bisa buat tidur di kelas.,"hasilnya begini tapi masih dipamerin seolah kerja sendiri, padahal jejaknya gampang banget dicek",2,1,0,1,abusive_language,individual,,quotation_or_counterspeech
359,keyword_search,gak mikir,2026-08-10,,,Sepeda listrik yang dipake bocil-bocil ke jalan raya gede ngeri banget bahaya.,"Namanya juga anak-anak bang, kurang pengawasan dari orang tua aja itu mah.","Makanya orang tua nya seharusnya pake akal sehat dong, pantesan anaknya sampe kejadian gitu, kelakuan orang tua nya aja udah keliatan gak mikir panjang lepas anak gitu aja.",2,1,0,1,abusive_language,non_protected_group,,ambiguous_reference
360,keyword_search,mata lu,2026-08-10,,,CGI film pahlawan super kemaren bener-bener halus banget detail perangnya.,"Setuju, studio bener-bener dengerin kritik fans dari film mereka sebelumnya.","Halus dari mana? mata lu pada perlu dicek kali, keliatan banget kaya animasi jadul, selera lu pada emang masih suka yg gitu-gitu aja.",2,1,0,1,abusive_language,individual,,opinion_attack_ambiguity
361,keyword_search,bule mabok,2026-08-10,,,Liburan ke Bali sekarang bule-bulenya pada sopan-sopan kok ga banyak tingkah.,Karena udah ditertibkan sama pecalang dan satpol pp daerah sana ketat banget.,"Sopan? kemaren gue liat bule mabok berak di pinggir jalan! Lu berdua mah kayaknya terlalu gampang banget belain orang luar, sampe lupa harga diri sendiri.",2,1,0,1,abusive_language,non_protected_group,,opinion_attack_ambiguity
362,keyword_search,ngerti kaga,2026-08-10,,,Windows 11 sering banget ngelag kalo abis update patch terbaru bulan ini.,Coba install ulang aja OS nya dari awal pake flashdisk biar fresh lagi.,"Saran yang kurang dipikirin, masa ngelag dikit disuruh install ulang, lu ngerti komputer kaga sih apa cuma asal ngomong doang nyusahin orang, mending diem aja.",2,1,0,1,abusive_language,individual,,escalation
363,keyword_search,idup lu,2026-08-10,,,"Duh pak-pak, eling pak, malah maki-maki sampe ngeludah, kenapa ini ya awalnya 🙄","Halah gak icelamp gak kris10 semua sama aja, sama sama ruwet orang2 nya gak becus beragama perang aja klen biar cepet2 masuk sorga yang katanya ada bidadari tuh🤣","komen lu kotor semua isi nya , di postingan lain juga begitu ,  lu kenapa ? kayak stress banget , cicilan banyak ? org tua sakit? anak istri maki2 lu ? apa bg masalah idup lu",2,1,0,1,abusive_language,individual,,opinion_attack_ambiguity
364,keyword_search,gak bisa,2026-08-10,,,Suplemen fat burner beneran bikin berat badan turun 5 kilo seminggu loh gila.,"Wah boleh dicoba tuh, harganya berapaan emangnya belinya di e-commerce mana?","Lu berdua emang bener-bener gak bisa bedain ilmu gizi sama marketing! Minum ginian ginjal lu bisa kenapa-napa, gampang banget diboongin.",2,1,0,1,abusive_language,non_protected_group,,opinion_attack_ambiguity
365,keyword_search,gak wajar,2026-08-10,,,Ngekos di daerah Jaksel harganya 3 juta sebulan cuma dapet kasur sama lemari.,Wajar lah lokasinya strategis deket mall sama stasiun mrt bisa jalan kaki.,"Wajar? lu mau aja diperes bapak kos yang matre! Orang-orang kaya lu pada nih yang bikin harga kosan naik gak wajar, pantes aja susah maju.",2,1,0,1,abusive_language,individual,,escalation
366,keyword_search,orang tolol,2026-08-10,,,"Gue baru aja liat video itu, emang parah banget sih orangnya main gas di tengah macet.","Iya bener, udah diklakson berkali-kali masih aja ngeyel.","Dasar orang tolol banget sih, otaknya di mana ya kalo udah diingetin masih bandel gitu 🙄",2,1,0,1,abusive_language,individual,,escalation
367,keyword_search,goblok bener,2026-08-10,,,Tim kita kalah lagi gara-gara blunder si [PERSON_A] itu.,"Emang dia sering bikin blunder sih, tapi kan masih muda.","Masih muda apaan, udah musim keempat masih aja main kaya anak SD. Goblok bener 🤦‍♂️",2,1,0,1,abusive_language,individual,,opinion_attack_ambiguity
368,keyword_search,keterlaluan,2026-08-10,,,"Admin toko online ini bales chat seharian sekali, barangnya juga telat.",Udah komplain berkali-kali masih aja diabaikan.,"Emang keterlaluan, udah bayar mahal masih diperlakukan seenaknya. Kayaknya gak ada rasa malu sama sekali.",2,1,0,1,abusive_language,individual,,escalation
369,keyword_search,masih rendahan,2026-08-10,,,Fandom sebelah lagi nyebar rumor palsu soal idol kita.,Mereka selalu gitu kalo lagi kalah ranking.,"Stan rendahan, bukti udah jelas masih aja ngibul. Kayaknya pake logika sendiri ya?",2,1,0,1,abusive_language,non_protected_group,,sarcasm_or_irony
370,keyword_search,dasar pemalas,2026-08-10,,,Di group project ini ada yang selalu absen tapi minta nilai sama.,Udah dikasih tugas ringan aja masih males.,"Dasar pemalas banget, mau enaknya aja. Kerja dikit aja udah keliatan kapasitasnya.",2,1,0,1,abusive_language,individual,,escalation
371,keyword_search,emang gitu,2026-08-10,,,Driver ojol ini nyetir ugal-ugalan terus ngegas di trotoar.,Udah diingetin masih aja ngeyel.,"Emang gitu ya, nyawa orang diabaikan. Kayaknya gak pake pertimbangan sama sekali.",2,1,0,1,abusive_language,individual,,ambiguous_reference
372,keyword_search,emang puas,2026-08-10,,,"Si [PERSON_B] lagi pamer skor ranking di game, padahal mainnya curang.",Banyak yang udah lapor tapi admin diem aja.,"Kayaknya gak ada rasa malu sama sekali, bangga pake cheat. Emang gampang puas ya?",2,1,0,1,abusive_language,individual,,sarcasm_or_irony
373,keyword_search,standar dobel,2026-08-10,,,Dosen ini selalu terlambat masuk kelas tapi mahasiswa dilarang telat.,"Udah biasa sih, standarnya beda.",Standar dobel banget. Kayaknya enak banget ngatur orang tapi dirinya sendiri acak-acakan.,2,1,0,1,abusive_language,individual,,opinion_attack_ambiguity
374,keyword_search,emaang gitu,2026-08-10,,,buat yg mo nikah kata gw lo pada prepare yg bener deh anjirrr,nikah ngikutin gengsi,emaang gitu kelakuannya,2,1,0,1,abusive_language,individual,,opinion_attack_ambiguity
375,keyword_search,bodoh,2026-09-25,,,"Buat Mas-nya yang tidur di KRL, enak bener yaa nyender di pala gue. 😭 Udah ditegor malah lanjut tidur. Gw potoin aja deh, sebel habisnya. 😔 Kalau kalian di posisi gue, bakal dibangunin lagi atau dibiarin aja?",Tinggal pergi aja napa kl merasa risih. Ato  jgn2 lu malah suka disandarin dia,Ku kira orang bodoh kaya gini cuma ada di tiktok,2,1,0,1,abusive_language,individual,,ambiguous_reference
376,keyword_search,paling suci,2026-08-10,,,"Aksi kelompok yg menamai diri mereka ""Tim Pembasmi Boti Banten"" Harus banget HP sampe ditendang begitu?","preman preman doyan tawuran ,kalo lagi gak ada ""panggilan"" tawuran ,ya dilampiaskannya ke orang orang sekitar. mumpung berita boti lagi viral ,ya dilampiaskannya ke boti ,dengan dalih ""membasmi"". giliran pelaku pelecehan ,mereka tutup mata ..eh iya ,mereka sesama pelaku pelecehan",Berasa paling suci mereka,2,1,0,1,abusive_language,non_protected_group,,opinion_attack_ambiguity
377,keyword_search,enak banget,2026-08-10,,,Temen kerja ini selalu lempar tanggung jawab ke orang lain.,Udah dikasih tau masih aja ngeles.,"enak banget jadi orang, kayaknya gak pernah mikir dampaknya ya.",2,1,0,1,abusive_language,individual,,ambiguous_reference
378,keyword_search,dasar sok tau,2026-08-10,,,Si [PERSON_C] bilang “gue jago” padahal rankingnya anjlok terus.,Banyak yang udah ngasih tau tapi diem aja.,"Jago apaan, dasar suka sok tau. Kayaknya terlalu percaya diri ya?",2,1,0,1,abusive_language,individual,,sarcasm_or_irony
379,keyword_search,cenblu,2026-09-24,,,"mulai, cenblu kontol mulai lagi mau bikin berapa guru lagi yg kehilangan pekerjaan? udah jobdesk guru seabrek tapi gaji ga segede gaji Elon mu, masih dijadiin bahan samsak buat jadi ladang duit pula",Awas aja ini bapak tbtb di pecat 🫵😭😭,"Cenblu cenblu egoisnya kebangeten, demi duit nya sendiri apa aja rela dilakuin",2,1,0,1,abusive_language,non_protected_group,,opinion_attack_ambiguity
380,keyword_search,dih gak,2026-09-24,,,GIBRAN MAU DIGANTIIN SAMA TEDDY. INI NEGARA APA KOCAK 😭😭😭😭😭,mending [PERSON_P] aja ga sih ganti ama [PERSON_A]?,"Dih, gak ya. Kalopun [PERSON_P] diganti cari yg lain aja. ogah jadi anak abah, plenger",2,1,0,1,abusive_language,individual,,opinion_attack_ambiguity
381,keyword_search,kerjaannya ngibul,2026-08-10,,,"Temen online shop ini janji kirim hari ini, ternyata masih packing.",Udah ditagih berkali-kali masih diem.,Janji mulu tapi kerjaannya cuma ngibul. Kayaknya komitmen bukan prioritas ya?,2,1,0,1,abusive_language,individual,,escalation
382,keyword_search,emang gampang,2026-08-10,,,Si [PERSON_D] di group game suka toxic kalo kalah.,Udah diingetin masih aja.,"Kayaknya belum dewasa, kalah dikit langsung emosi. Emang gampang banget tersulut ya?",2,1,0,1,abusive_language,individual,,sarcasm_or_irony
383,keyword_search,masih aja,2026-08-10,,,Petugas parkir ini minta tip padahal udah bayar resmi.,malah ngotot dah dibilangin berkali-kali,"udah dikasih tau berkali2 masih aja santai, kayak ga ada rasa malunya sama sekali",2,1,0,1,abusive_language,individual,,opinion_attack_ambiguity
384,keyword_search,dajal,2026-09-24,,,Semoga masjid makin rame. Biar anakan dajal kek gini pada kelojotan tiap waktu 😂😂,"bayangin aja akan ada orang yg ke psikolog gara"" ngeliat masjid😹",Gk pny duit juga buat konsul. Palingan bundir ujung²nya 😂,2,1,0,1,abusive_language,individual,,escalation
385,keyword_search,makin kemana,2026-08-10,,,Akun media ini suka clickbait terus salah kasih info.,Udah dikoreksi masih aja.,"udah tau bakal rame malah dipancing terus, makin diliat makin keliatan arahnya kemana",2,1,0,1,abusive_language,individual,,sarcasm_or_irony
386,keyword_search,pantes begitu,2026-08-14,,,Buzzer semua ini pak komenan ig,Duit pajak gw hasil dari berangkat subuh pulang sore dipake buat buzzer astaga,ohh... pantes dari dulu begitu terus ternyata,2,1,0,1,abusive_language,non_protected_group,,ambiguous_reference
387,keyword_search,malah ngegas,2026-08-10,,,Kasir minimarket ini kasar banget ke pelanggan yang tanya harga.,Udah dilaporkan masih aja.,"tiap dikasih masukan malah makin ngegas, susah juga ngobrol kalau polanya begini terus",2,1,0,1,abusive_language,individual,,escalation
388,keyword_search,bego lu,2026-09-24,,,najis bgt jujur orang2 yg publicly super kritis dan opininya2nya progresif minta ampun tp pacaran sm literal dipshit brengsek yg astronomically unwoke,itu ai bego lu. btw emma pacarnya billionaire skrg. makan ludah sendiri,Lah??? Wkwkwkwk elu yg gapaham maksud quote dia bejiir😭😭😭 konteks video yh di quote aja lu jangan2 gapaham juga??😭😭😭,2,1,0,1,abusive_language,individual,,escalation
389,keyword_search,gak peka,2026-09-24,,,Fanbase paling hama.,Lu nge hate fanbase grindboys mereka gaakan tersinggung yg ada lu jadi cengan mereka doang 😅,"Yaa berarti tandanya fanbasenya kolot dan gak peka, ALIAS PINTER",2,1,0,1,abusive_language,individual,,opinion_attack_ambiguity
390,keyword_search,sering nyerang,2026-08-10,,,Si [PERSON_F] di forum suka nyinyir orang yang beda pendapat.,Udah diingetin masih aja.,"Kayaknya terlalu percaya diri sama pendapat sendiri, padahal lebih sering nyerang daripada ngasih solusi.",2,1,0,1,abusive_language,individual,,sarcasm_or_irony
391,keyword_search,penyakit jiwa,2026-08-23,,,Manusia yang paling susah untuk dinasehati😖,Boti masuk penyakit masyarakat gak sih.,Penyakit jiwa bang. Gak ada juga masyarakat yg mau jadi kegitu. 😅,2,1,1,1,hate_speech,protected_group,sexual_orientation,ambiguous_reference
392,keyword_search,teroris,2026-08-23,,,Lu tuh nggak diajak slam,oke kafir,Ok teroris,2,1,1,1,hate_speech,protected_group,religion,quotation_or_counterspeech
393,keyword_search,jama hama,2026-08-23,,,"BIKIN MALU!!! Kalian tau gak ini di jepang? Iya itu beneran di jepang. Jadi mereka orang indo yang bekerja di jepang adain festival dengan tujuan memperkenalkan adat,seni, karya dan kuliner ke warga lokal jepang. bukan nya membanggakan justru buat malu orang seluruh negara, mereka memperlihatkan kebiasaan yang sudah menjadi adat di indonesia untuk di tunjukan ke warga jepang seperti buang sampah sembarangan,merokok di tempat umum, dangdutan ribut, dan parah nya lagi ada yang naik ke ikon kota kaya semacam monumen.",Boleh sebut suku gak ?,itu hama hama Jawa,2,1,1,1,hate_speech,protected_group,ethnicity,ambiguous_reference
394,keyword_search,india kampret,2026-08-23,,,"Ga di Australia ga di Indonesia paling males kalo kerja ama India 🤣 Ga di tempat kerja ga di kuliahan. Paling males ama orang India 🫠 ""Wah rasis nih"" Kalo uda pernah ngerasain pasti tau lah 😅","Gua pernah dapet org India, kampret memang. Sok paling mengerti, Gak mau menerima saran atau penjelasan, kesalahan kecil trus-trusan diungkit terus padahal kalo bisa selesai kalo dia ngomong bagus gak maki2",Ini bener semua sih 🥲,2,1,1,0,hate_speech,protected_group,nationality,quotation_or_counterspeech
395,keyword_search,rohingya,2026-08-14,,,"Rohingya ditolak bukan krn kita rasis. Dari 2014 udah diterima baik kok, tp kelakuannya ga sesuai norma di Aceh, kabur dari penampungan bahkan ada yang memperkosa perempuan Aceh. Wajar warga Aceh udah ga mau lagi. Tiga hari berturut-turut Rohingya ini berdatangan hampir 500 orang","Woi itu yang ditolak sebagian rombongan yang BARU DATENG, diminta melanjutkan perjalanan cari tempat penampungan lain. Yang udah ditampung bertahun-tahun, masih TETAP DITAMPUNG. Jangan lu pada mikir Orang Aceh jahat karena ngusir atau ga mau nerima semua Orang Rohingya.",Deportasi aja. Kembalikan ke tempat asalnya,2,1,1,0,hate_speech,protected_group,ethnicity,ambiguous_reference
396,keyword_search,ras pencuri,2026-08-15,,,Tukang sate dari seberang pulau di deket rumah gue sering banget kehilangan besi panggangan.,Wah jangan-jangan yang jual satenya sendiri yang ngambil besi tetangga buat dijual lagi.,"emang dna pencuri sih mereka itu wkwk, ras tukang carok mana ada yang bener kelakuannya.",2,1,1,0,hate_speech,protected_group,ethnicity,ambiguous_reference
397,keyword_search,sampah masyarakat,2026-08-15,,,Parade bulan juni kemaren di luar negeri rame banget yang turun ke jalan.,Iya pada bawa-bawa bendera pelangi gede banget keliling kota.,"bakar aja idup-idup sampah masyarakat kek gitu, najis liatnya 🤮",2,1,1,1,hate_speech,protected_group,sexual_orientation,ambiguous_reference
398,keyword_search,ras parasit,2026-08-15,,,Toko sembako di ujung jalan makin gede aja koh nya pinter cari cuan.,"Padahal pelit banget kalo ngasih kembalian, tapi laku keras warungnya.","parasit emang, ngeruk duit doang mending usir aja ras itu dari tanah kita!",2,1,1,1,hate_speech,protected_group,race,ambiguous_reference
399,keyword_search,cewek lonte,2026-08-15,,,Korban pelecehan yang viral di kampus itu akhirnya berani speak up.,"Kalo diliat dari foto-fotonya, emang dia sering pake baju terbuka sih pas ngampus.","lonte kegatelan emang pantes digituin sih, salah sendiri murahan banget jadi cewek ga guna.",2,1,1,0,hate_speech,protected_group,gender,ambiguous_reference
400,keyword_search,beban keluarga,2026-08-15,,,Anak tetangga teriak-teriak mulu tiap sore bikin kaget doang.,"Dia emang ada spektrum autis dari lahir, kasian ibunya ngurus sendirian.","beban doang hidupnya, mending disuntik mati aja daripada ngerepotin keluarga seumur hidup.",2,1,1,0,hate_speech,protected_group,disability,ambiguous_reference
401,keyword_search,jadi beban,2026-08-15,,,Acara baksos di lapangan ternyata dari donatur gereja pusat.,Oh pantesan mereka bagi-bagi sembako gratis ke warga kampung sini.,"jgn diterima, nanti malah jadi beban di kemudian hari",2,1,1,0,hate_speech,protected_group,religion,ambiguous_reference
402,keyword_search,jamaah haji,2026-08-15,,,Jamaah haji indo udah mulai berangkat kloter pertamanya.,Rame banget bandara penuh sama keluarga yang nganterin sampe nangis-nangis.,"padahal banyak hal lain yg lebih dekat, tapi kenapa malah milih yg jauh dan mahal? aneh emang",2,1,1,0,hate_speech,protected_group,religion,ambiguous_reference
403,keyword_search,aceh,2026-08-15,,,Ada kapal kayu terdampar lagi di perairan Aceh bawa puluhan orang.,Kasian pada kelaparan ga makan berhari-hari terluntang-lantung di laut.,harusnya seleksi imigrasi diperketat lagi biar gak sembarangan masuk,2,1,1,0,hate_speech,protected_group,nationality,ambiguous_reference
404,keyword_search,mahasiswa timur,2026-08-15,,,Demo mahasiswa dari timur di depan rektorat tadi siang ricuh.,Tuntutannya soal pemerataan beasiswa sama asrama kayanya.,"kalo cuma minta tanpa pernah berkontribusi, ya susah juga",2,1,1,0,hate_speech,protected_group,ethnicity,ambiguous_reference
405,keyword_search,nyepi bali,2026-08-15,,,Suasana Bali pas perayaan nyepi beneran hening total ga ada suara.,"Ga ada lampu, ga ada internet seharian bener-bener kayak kota mati.","Kalau dampaknya sampai ganggu aktivitas publik, harusnya ada pembatasan biar gak terlalu berlebihan.",2,1,1,0,hate_speech,protected_group,religion,ambiguous_reference
406,keyword_search,cowok selingkuh,2026-08-15,,,Kasus cowok selingkuh dari istrinya viral terus belakangan ini di tiktok.,Cowok emang ga pernah cukup sama satu pasangan doang kayaknya.,"makhluk kek mereka isi otaknya selangkangan doang, potong aja itunya biar mampus!",2,1,1,1,hate_speech,protected_group,gender,ambiguous_reference
407,keyword_search,kaum menjijikan,2026-08-15,,,Cewek dua orang di mall itu kemana-mana selalu gandengan tangan mesra trs.,"Mereka emang open relationship gitu kayaknya, sering pamer di ig.","kaum yang sangat menjijikkan, penyakit menular seksual seperti mereka pantasnya dikarungin dan diasingkan.",2,1,1,0,hate_speech,protected_group,sexual_orientation,ambiguous_reference
408,keyword_search,warga lokal,2026-08-15,,,Turis-turis di Canggu makin bar-bar kelakuannya tiap malem.,Bawa motor ugal-ugalan kaga pake helm trus mabok di jalanan.,jangan heran kalo warga lokal mulai ilang sabar ngeliat perilaku model begini setiap hari,2,1,1,0,hate_speech,protected_group,race,ambiguous_reference
409,keyword_search,india,2026-08-15,,,Bikin tutorial coding di youtube banyak yang dari negara india ya.,Aksen inggrisnya kadang susah banget dimengerti saking medoknya.,"kontennya bukan buat semua orang, mending jangan dikasih panggung di platform publik",2,1,1,0,hate_speech,protected_group,nationality,ambiguous_reference
410,keyword_search,down syndrome,2026-08-15,,,Ada SLB baru buka di deket kelurahan fasilitasnya lumayan bagus.,Sengaja dibangun buat nampung anak down syndrome di daerah sini.,kayanya prioritas anggaran bisa lebih baik dipakai buat yg lain deh,2,1,1,0,hate_speech,protected_group,disability,ambiguous_reference
411,keyword_search,pendatang jateng,2026-08-15,,,Banyak pendatang dari jateng buka warung makan tegal di komplek sini.,Masakannya murah meriah ngebantu banget kantong anak kosan.,"mental jongos pantesnya jadi kuli doang selamanya, bikin kumuh kota aja mereka",2,1,1,0,hate_speech,protected_group,ethnicity,ambiguous_reference
412,keyword_search,ras terkutuk,2026-08-15,,,Berita konflik di jalur gaza makin memprihatinkan hari ini.,Korban sipil terus berjatuhan ga pandang bulu anak-anak juga kena.,"ras hidung bengkok emang kaum terkutuk, wajib dihabisi semua kelompok pembunuh itu sampe ga sisa!",2,1,1,1,hate_speech,protected_group,religion,ambiguous_reference
413,keyword_search,betina,2026-08-15,,,Banyak yang lagi suarakan kesetaraan gaji buat perempuan di kantor.,Emang kadang perempuan digaji lebih rendah walau jabatannya sama.,"betina emang pantesnya di dapur aja, ngelunjak amat minta disamain, gampar aja congornya",2,1,1,1,hate_speech,protected_group,gender,ambiguous_reference
414,keyword_search,sumatra,2026-08-15,,,Penagih utang kemaren suaranya kenceng banget pake logat sumatra,Mereka emang keras-keras kalo ngomong bawaannya ngegas mulu.,"kalo gaya komunikasinya selalu keras begini, wajar aja kalo orang sekitar jadi gak nyaman",2,1,1,0,hate_speech,protected_group,ethnicity,ambiguous_reference
415,keyword_search,ibu-ibu,2026-08-15,,,Ada ibu-ibu pake kain nutupin wajah nyisain mata doang belanja di pasar tadi.,Agak serem sih liatnya ketutup semua serba item bajunya dari atas sampe bawah.,"pakaian setan kek gitu curiga bawa bom, usir aja dari pasar bikin takut warga doang.",2,1,1,0,hate_speech,protected_group,religion,coded_language_or_euphemism
416,keyword_search,waria,2026-08-15,,,Kontes kecantikan buat waria di balai desa akhirnya dibubarin paksa.,Rame banget wkwk sampe didatengin polisi gara-gara dilaporin warga.,"mampus wkwk, kalo sampe didatengin polisi ya berarti emang ada yg kurang beres dari kegiatan mereka",2,1,1,0,hate_speech,protected_group,gender,ambiguous_reference
417,keyword_search,pik,2026-08-15,,,Kawasan PIK sekarang makin elit aja rumahnya miliaran per unit.,Yang beli rata-rata pada punya bisnis gede konglomerat semua.,"kalo bisnisnya terus neken pelaku usaha lokal, wajar aja kalo orang akhirnya milih yg lain",2,1,1,0,hate_speech,protected_group,race,ambiguous_reference
418,keyword_search,parasit,2026-08-15,,,Banyak orang asal timur tengah pada borong tanah di daerah puncak.,"Puncak rasa jazirah arab sekarang, plang tokonya aja pake huruf arab semua.",parasit gurun kek mereka bisanya nyampah doang di negara orang,2,1,1,0,hate_speech,protected_group,nationality,ambiguous_reference
419,keyword_search,beban idup,2026-08-15,,,Pengamen tunanetra di lampu merah suaranya bagus banget pas nyanyi.,Kasian tapi dia cuma sendirian kaga ada yang nuntunin jalannya.,"beban idup ngalangin jalan raya doang, mending ketabrak aja biar mampus kaga nyusahin.",2,1,1,0,hate_speech,protected_group,disability,ambiguous_reference
420,keyword_search,kaum sesat,2026-08-15,,,Rombongan tetangga pada mau berangkat ziarah ke yerusalem bulan depan.,Tiap tahun pasti rutin mereka bareng-bareng pergi ke sana buat ibadah.,"kaum sesat, buang duit doang nyembah orang mati dipaku wkwk",2,1,1,1,hate_speech,protected_group,religion,coded_language_or_euphemism
421,keyword_search,gak pantes,2026-08-15,,,Ada akun X jualan link video konten lokal cowok sama cowok.,Jijik banget anjir tiba-tiba lewat di timeline gue kaga disensor pula.,kok konten kayak gitu masih bisa muncul ya? mestinya ada filter buat yg gak pantes diliat,2,1,1,0,hate_speech,protected_group,sexual_orientation,ambiguous_reference
422,keyword_search,komunis,2026-08-15,,,Pekerja smelter nikel kebanyakan didatengin langsung dari daratan tiongkok.,Katanya tenaga ahli tapi aslinya mah buruh kasar juga yang dibawa ke sini.,"invasi komunis besar-besaran, bakar aja pabriknya biar pada mampus kebakar semua kuli-kuli itu! 🔥",2,1,1,0,hate_speech,protected_group,nationality,ambiguous_reference
423,keyword_search,mereka lonte,2026-08-15,,,Cewek-cewek dari bandung emang rata-rata cantik dan kulitnya mulus ya.,Tapi awas matre doang biasanya nyari cowok tajir doang wkwk.,"lonte semua emang kaum mereka, otaknya cuma duit kaga ada harga dirinya sama sekali.",2,1,1,1,hate_speech,protected_group,ethnicity,ambiguous_reference
424,keyword_search,sekte,2026-08-15,,,Pengajian ibu-ibu nutup jalan komplek lagi di hari minggu pagi ini.,Bikin macet gabisa keluar mobil gue padahal ada urusan mendadak.,"sekte berisik emang ga punya otak, kegiatan mereka bikin macet dan ganggu akses darurat",2,1,1,0,hate_speech,protected_group,religion,ambiguous_reference
425,keyword_search,laki-laki,2026-08-15,,,Rame podcast ngebahas gaya alpha male yang terlalu dominan ngatur pasangannya.,Kesannya ngerendahin banget dan bikin pasangannya kaga punya ruang gerak.,"laki-laki itu memang secara natural adalah sampah yang manipulatif, alangkah baiknya jika gender ini dimusnahkan saja agar dunia lebih damai.",2,1,1,0,hate_speech,protected_group,gender,ambiguous_reference
426,keyword_search,agama kotor,2026-08-15,,,"Femtard dkk selalu begitu. Insult org dan agamanya seenak jidat. Pas dikasarin playvic bilang ""org Muslim kok mulutnya kasar"". Emang benar2 kaum sampah 😂","yg bawa-bawa islam lu, yg gak mencerminkan islam lu sendiri wkwkw. lagian siapa yg suruh lu ga kasar 🤣","malu lah agama dijadiin tameng sm makhluk"" kotor kaya lu, wkwkw emang bener average indon men 🤣 ntar agamanya disalahin, pdhl isinya beruk"" kaya lu",2,1,1,1,hate_speech,protected_group,religion,escalation
427,keyword_search,ajaran sesat,2026-08-15,,,Ajaran islam didasarkan oleh mimpi.. 😱,"Bener banget, dari dulu dalilnya emang ga ada yang masuk akal kalo dipikir pake logika.",Ajaran paling sesat sedunia,2,1,1,0,hate_speech,protected_group,religion,ambiguous_reference
428,keyword_search,lgbt murtad,2026-08-15,,,"Kita minoritas dan kalian mayoritas, harusnya dari kalian dulu yang berubah. ... LGBT aja dipaksa pakai topeng...",Lu ngapain nyuruh-nyuruh mayoritas berubah? Kemarin aja lu bangga banget koar-koar pindah agama ninggalin ajaran yang bener.,"Pantas lgbt lagi, udah benar lo murtad",2,1,1,0,hate_speech,protected_group,sexual_orientation,escalation
429,keyword_search,orang islam,2026-08-15,,,Keling ingin mengajari orang lain tentang Islam. Apa-apaan keling? Kau sendiri sudah mencium pantat sapi diam2 keling.,"Jaga lisan bro, kaga usah bawa-bawa ras sama rasis gitu. Orang Indonesia lebih paham adab daripada lu yang miskin akhlak.","Orang Indon mcm Anda tak paham ajaran Islam yang sesungguhnya... byk sgt orang memakan uang haram dan melakukan korupsi, hingga hal itu jd sesuatu yang haram bagi seluruh generasi... orang2 hina mcm ko ni lebih baik mati saja dari hidup dan susahkan org lain..",2,1,1,1,hate_speech,protected_group,nationality,escalation
430,keyword_search,sdm indo,2026-08-15,,,"Aceh aja yg muslim pakai syariat diperlakukan gini,apalagi Papua yang rasnya udah beda jauh,agama juga mayoritas non muslim","Pusat emang selalu diskriminatif kalau udah berurusan sama masyarakat di luar Jawa, apalagi ke orang timur.","mereka beban negara nyusahin doang, gerombolan monyet item kaga tau diri. usir aja sdm rendah dari indo",2,1,1,1,hate_speech,protected_group,ethnicity,opinion_attack_ambiguity
431,keyword_search,ras pelit,2026-08-15,,,"Kemarin liat ada promo makan gratis di restoran baru, tapi pas mau klaim ternyata KTP gue ditolak wkwkw.",itu khan promonya khusus Jawa... yg post Threads nya blg 'gw Cina lg',"Mampus, ras pelit kaya mereka kaga usah dikasih diskon. Mereka memang pantes dipersulit di negara ini.",2,1,1,0,hate_speech,protected_group,ethnicity,ambiguous_reference
432,keyword_search,teroris,2026-08-15,,,Standar ganda Komnas HAM menjijikkan bos! KKB bantai warga... eh malah sibuk urus LGBT,"Bener banget, giliran warga sipil sama aparat dibunuh separatis mereka pada diem kicep pura-pura buta.","Komnas HAM isinya orang-orang cacat logika. Kaum sodom penyakitan kek gitu ngapain dibela sih, mending dibakar aja LGBT laknatullah itu bareng teroris.",2,1,1,0,hate_speech,protected_group,sexual_orientation,opinion_attack_ambiguity
433,keyword_search,lo murtad,2026-08-15,,,"Sedih banget, gue diusir dan dicoret dari KK gara-gara mutusin keluar dari agama keluarga dan ngaku kalau gue gay.","kalo soal dimusuhin keluarga, ga cuma murtad doang...",udah benar lo murtad dasar kafir emg ga tau diri,2,1,1,1,hate_speech,protected_group,religion,escalation
434,keyword_search,kadrun,2026-08-15,,,"Pilih pemimpin itu harus yang seakidah dan rajin ibadah, jangan sampai kota kita dipimpin sama orang kafir! 🙏",Kampanyenya sudah mulai pakai Agama Min?,"Dasar kadrun onta gurun, teroris kerjaannya jualan ayat mulu kalo mau pilkada, ga ada prestasi lain selain bawa-bawa agama.",2,1,1,1,hate_speech,protected_group,religion,opinion_attack_ambiguity
435,keyword_search,islam,2026-08-15,,,Kok di stasiun KRL gede fasilitas ibadahnya cuma musala aja sih? Harusnya sediain juga ruang doa kecil buat umat kristiani.,lu mau ngapain dibangunin gereja ditransum?,Gak usah ngomongin peraturan agamanya bang. Indonesia bukan negara Islam... Artinya gk ada inklusivitas bagi kami,2,1,1,0,hate_speech,protected_group,religion,opinion_attack_ambiguity
436,keyword_search,arab,2026-08-15,,,katanya ada wni keturunan arab yg buka usaha resto baru di daerah sini,rame yg nyinyir soal harga & rasa,"ya gitu emg org arab pelit tp maunya untung gede sendiri, mental dagang licik dari sononya",2,1,1,0,hate_speech,protected_group,ethnicity,ambiguous_reference
437,keyword_search,cewe baper,2026-08-15,,,"td liat pengumuman kerjaan yg syaratnya ""diutamakan pria"" doang",byk yg protes soal ini di komen,"yaudah emg bnr sih, cewe mah kerjaannya suka baper & moody, wajar diutamain cowo buat kerjaan serius",2,1,1,0,hate_speech,protected_group,gender,opinion_attack_ambiguity
438,keyword_search,org buta,2026-08-15,,,liat vidio org difabel netra lg dibantu nyebrang jalan sm relawan,ada yg komen underestimate di bawahnya,"ya emg wajarlah org buta gabisa ngapa2in sendiri, mendingan di rumah aja jgn ngerepotin org",2,1,1,0,hate_speech,protected_group,disability,escalation
439,keyword_search,dongo,2026-08-15,,,baca berita ttg jemaah ahmadiyah yg masjidnya disegel lagi,"pemda bilang itu demi ""ketertiban"" doang","bagus itu, emg sekte sesat kaya gitu ga pantes ada di indonesia, org2 kaya gitu emg dongo smua ngikutin ajaran ngawur",2,1,1,1,hate_speech,protected_group,religion,quotation_or_counterspeech
440,keyword_search,org batak,2026-08-15,,,"td liat org batak lg jualan di pasar, suaranya emg kenceng bgt",byk yg komplain berisik di sekitar situ,"ya emg suku yg satu ini mentalnya kek preman, ngomong doang udh kaya mau berantem, ga ada sopan santunnya",2,1,1,1,hate_speech,protected_group,ethnicity,ambiguous_reference
441,keyword_search,down syndrome,2026-08-15,,,ada temen kantor yg baru cerita dia down syndrome adiknya,rame yg komen di grup pas denger,"kasian sih tp emg org2 kaya gitu mah ga bakal bisa produktif, ngabisin biaya keluarga doang seumur hidup",2,1,1,0,hate_speech,protected_group,disability,opinion_attack_ambiguity
442,keyword_search,dasar cewe,2026-08-15,,,liat status cewe yg nolak dijodohin krn masih mau kuliah dulu,ortunya kecewa katanya di grup keluarga,"dasar emg cewe generasi skrg maunya bebas trs, giliran udh tua nyesel gapunya suami, mental kaya gitu emg susah diatur",2,1,1,1,hate_speech,protected_group,gender,escalation
443,keyword_search,org2 gitu,2026-08-15,,,td ada demo buruh migran soal gaji yg ga dibayar 3 bln,"perusahaan blg itu ""kesalahan sistem"" doang","halah paling emg org2 kaya gitu males kerja jd dipotong gajinya, drama doang biar dikasihanin netizen",2,1,1,1,hate_speech,protected_group,nationality,quotation_or_counterspeech
444,keyword_search,biksu viral,2026-08-15,,,baca thread biksu yg lg viral soal vihara yg direnov,komen²nya rame bgt yg nyinyir,"mangkanya org buddha tuh emg suka pamer kekayaan lewat agama, giliran org laen susah gapernah bantu",2,1,1,0,hate_speech,protected_group,religion,ambiguous_reference
445,keyword_search,org cacat,2026-08-15,,,liat postingan org disabilitas daksa yg lg olahraga paralimpik,byk yg underestimate di komen,"ya emg org cacat gitu mah paling maksimal jd tontonan doang, ga bakal setara sama atlet normal",2,1,1,0,hate_speech,protected_group,disability,opinion_attack_ambiguity
446,keyword_search,org india,2026-08-15,,,ada kasus org keturunan india dituduh nipu arisan komplek,blm ada bukti jelas tp udh rame digosipin,"pantesan, emg org india tuh mental dagang licik dari lahir, dipercaya dikit langsung nipu",2,1,1,1,hate_speech,protected_group,ethnicity,quotation_or_counterspeech
447,keyword_search,org najis,2026-08-15,,,td liat pasangan gay posting foto liburan bareng,rame bgt yg komen negatif di bawahnya,"najis liat beginian di timeline, org kaya gitu emg penyakit masyarakat harusnya diobati bukan dipamerin",2,1,1,1,hate_speech,protected_group,sexual_orientation,escalation
448,keyword_search,org munafik,2026-08-15,,,ada berita ormas keagamaan tertentu bubarin acara diskusi lintas iman,panitia acara udh minta izin resmi ke pihak berwajib,"bagus tuh dibubarin, org2 yg ikut acara kaya gitu emg munafik smua ngaku toleran pdhl mau ngerusak akidah org",2,1,1,1,hate_speech,protected_group,religion,quotation_or_counterspeech
449,keyword_search,cewe masalah,2026-08-15,,,td baca komen di grup ttg cewe yg jadi kepala divisi baru,byk yg skeptis soal kompetensinya,"yaiyalah, cewe mimpin emg biasanya gabisa tegas, ujung²nya baper mulu klo ada masalah kerjaan",2,1,1,0,hate_speech,protected_group,gender,opinion_attack_ambiguity
450,keyword_search,org tuli,2026-08-15,,,"liat status org tuli yg curhat susah dpt kerja krn ""harus bisa komunikasi verbal""",byk yg nganggep itu wajar aja syaratnya,"ya emg bener sih, org tuli mah emg ga cocok kerja kantoran, ngerepotin org laen tiap komunikasi",2,1,1,0,hate_speech,protected_group,disability,escalation
451,browsing,,2026-08-15,,"AI makin ngeri jir, ntar programmer pada nganggur digantiin mesin.","Bener, mana sekarang gampang banget generate kode pake copilot.",Mending banting setir aja jualan seblak wkwk.,"AI seperti GitHub Copilot memang mempermudah, tapi tetap butuh logika manusia untuk prompt engineering, keamanan siber, dan debugging. Programmer gak bakal hilang, cuma harus adaptasi pakai AI aja biar kerjanya lebih efisien.",3,0,0,0,neither,institution_policy_idea,,explicit
452,browsing,,2026-08-15,,"Belajar kanji susah banget asu, hurufnya keriting semua bikin pusing.","Iya wkwk, mending pake romaji aja lah ngapain repot.",Orang jepang sendiri aja kadang lupa kanji,"Kalau ngerasa berat ngafalin kanji, coba pakai metode spaced repetition system (SRS) kayak aplikasi WaniKani atau Anki. Konsisten 15 menit sehari jauh lebih efektif daripada sistem kebut semalam kok. 📚",3,0,0,0,neither,none,,explicit
453,browsing,,2026-08-15,,bjir iklannya udah berani bgt ya 😂,ini adah iklannya sebenernya kemana sih kok aku ga paham ya,"Diedit AI itu. Gambar aslinya 2026 juaranya XL. Ketara dari tulisan di atas 5G+ malah VISTRA, padahal aslinya bukan itu. (Buat yg pake XL pasti tahu aslinya tulisannya apa)","ohh baru paham, soalnya aku ga pake xl😭",3,0,0,0,neither,none,,explicit
454,browsing,,2026-08-15,,Jalanan Jakarta macetnya jahanam banget bangsat.,Pemerintah tolol ga becus ngurusin transportasi.,Pindah ke IKN aja lah semua biar sepi ini kota.,"Pemindahan ibukota mungkin bisa sedikit mengurangi beban populasi Jakarta, tapi masalah utama kemacetan tetap harus diselesaikan secara komprehensif dengan perbaikan integrasi transportasi publik dan pembatasan kendaraan pribadi.",3,0,0,0,neither,institution_policy_idea,,explicit
455,browsing,,2026-08-15,,"MU mainnya kaya ampas anjing, kalah mulu.",Pelatih goblok taktiknya gampang ketebak.,"Pecat aja lah bangsat, ganti pelatih baru.","Ganti pelatih di pertengahan musim belum tentu jadi solusi yang paling tepat. Lebih baik manajemen fokus memperbaiki kedalaman skuad di bursa transfer bulan Januari nanti, mengingat banyak pemain pilar yang lagi cedera panjang.",3,0,0,0,neither,non_protected_group,,explicit
456,browsing,,2026-08-15,,Makan mie instan pake nasi itu sekte sesat.,Karbo dobel bikin cepet mati tolol.,"Tapi enak bangsat gimana dong, kenyang pol.",Secara medis konsumsi karbohidrat berlebih seperti mie dicampur nasi memang bisa meningkatkan gula darah dan risiko diabetes. Sebaiknya diimbangi dengan sayur sawi atau protein seperti telur rebus biar gizinya lebih seimbang ya guys! 🍜,3,0,0,0,neither,none,,explicit
457,browsing,,2026-08-15,,Cowok jaman sekarang rata-rata brengsek semua anjing.,Modal mokondo doang mau numpang hidup.,Mending jomblo seumur hidup aja sekalian.,Ngga semua laki-laki kaya gitu kok kak. Masih banyak cowok di luar sana yang bertanggung jawab dan pekerja keras. Mungkin kita aja yang perlu lebih selektif dan pelan-pelan lagi dalam tahap pengenalan milih pasangan.,3,0,0,0,neither,none,,explicit
458,browsing,,2026-08-15,,Parah banget data instansi bocor lagi sat,"Kominfo kerjanya ngapain sih anjing, makan gaji buta.","Mending pake password manager aja dah, server pemerintah ga aman.",Menggunakan password manager yang terenkripsi dan mengaktifkan 2FA atau OTP di semua akun adalah langkah mitigasi mandiri yang paling logis saat ini untuk mencegah kerugian finansial akibat rentetan kebocoran data.,3,0,0,0,neither,institution_policy_idea,,explicit
459,browsing,,2026-08-15,,"Skincare lokal sekarang harganya ga ngotak bangsat, mahal bener.",Overclaim doang anjing kualitasnya sampah.,Balik pake kelly aja lah yang murah meriah.,Harga brand skincare lokal sekarang emang lumayan bersaing karena mereka juga pakai active ingredients yang bagus dan import dari luar negeri. Tinggal disesuaikan aja sama budget bulanan dan kecocokan jenis kulit masing-masing.,3,0,0,0,neither,institution_policy_idea,,explicit
460,browsing,,2026-08-15,,Capek banget kerja lembur bagai kuda,Bosnya gila nyuruh kerja di hari libur.,Resign aja lah bangsat cari company waras.,"Sebelum memutuskan buat resign tanpa backup, pastikan dulu kamu udah pegang dana darurat minimal untuk 6 bulan biaya hidup ke depan. Kondisi job market belakangan ini lagi susah banget, lebih baik pikir-pikir dulu dengan matang.",3,0,0,0,neither,none,,explicit
461,browsing,,2026-08-15,,Valorant isinya toxic semua ya?,Bocil kematian pada teriak-teriak ga jelas.,Mute all aja lah bangsat biar tenang mainnya.,"Fitur mute emang sengaja dibikin sama developernya buat ngatasin player toxic. Kalau mau main lebih chill tapi tetep kompetitif, mending cari party-an temen sendiri aja di Discord daripada main solo rank yang sering bikin emosi.",3,0,0,0,neither,none,,explicit
462,browsing,,2026-08-15,,DPR kerjanya cuma tidur doang jir pas sidang.,Gaji gede tapi ga ada hasilnya buat rakyat.,Bubarin aja lah lembaga ga guna bangsat.,"Kinerja dewan perwakilan memang selalu jadi sorotan kritis publik. Daripada bersikap apatis, kita sebagai warga negara harus lebih proaktif lagi menelusuri rekam jejak dan gagasan caleg sebelum mencoblos di pemilu mendatang.",3,0,0,0,neither,institution_policy_idea,,explicit
463,browsing,,2026-08-15,,Flash sale e-commerce nipu doang,Yang dapet pasti bot semua,Uninstal aja lah aplikasinya bikin emosi.,"Sistem flash sale itu memang siapa cepat dia dapat, dan karena traffic yang akses jutaan orang di detik yang sama, servernya pasti rebutan. Kalau butuh barangnya mendesak mending beli pas ada promo diskon tanggal kembar aja.",3,0,0,0,neither,institution_policy_idea,,explicit
464,browsing,,2026-08-15,,"Promotor konser sekarang maruk semua anjing, tiket mahal.",Sound systemnya juga ampas bangsat ga kedengeran.,Mending dengerin spotify aja di rumah sambil tiduran.,"Biaya operasional dan logistik untuk mendatangkan artis internasional pasca pandemi memang mengalami kenaikan drastis. Promotor harus menyesuaikan harga tiket, tapi tentu kualitas tata suara dan kenyamanan venue harus tetap dijaga ketat.",3,0,0,0,neither,institution_policy_idea,,explicit
465,browsing,,2026-08-15,,Kucing tetangga berak di teras gue mulu anjing.,Siram pake air panas aja bangsat biar kapok.,Racunin aja sekalian berisik juga meong-meong mulu.,"Tolong jangan disiksa apalagi diracun ya kucingnya, kasihan mereka hewan yang ga ngerti aturan. Coba taburin bubuk kopi atau kamper di sekitar teras rumah, biasanya kucing ga suka bau menyengat dan perlahan ga bakal balik buang kotoran disitu lagi.",3,0,0,0,neither,none,,explicit
466,browsing,,2026-08-07,,Film superhero studio sebelah fase sekarang ampas semua.,CGI nya kaya sinetron indosiar,Mending nonton studio rival aja udah paling bener.,"Secara kualitas visual effect memang terlihat ada penurunan akhir-akhir ini. Hal ini terjadi karena pihak studio terlalu banyak memaksakan perilisan film dan series secara berdekatan, sehingga para pekerja CGI menjadi overwork dan hasilnya kurang rapi.",3,0,0,0,neither,institution_policy_idea,,explicit
467,browsing,,2026-08-07,,Orang depresi tuh kurang iman aja.,"Lemah mental, dikit-dikit nangis bangsat.",Caper doang itu mah nyari validasi sosmed.,"Depresi klinis itu merupakan gangguan medis nyata pada keseimbangan neurotransmitter di otak yang membutuhkan intervensi profesional dari psikolog atau psikiater, bukan semata-mata diukur dari tingkat keimanan seseorang.",3,0,0,0,neither,none,,explicit
468,browsing,,2026-08-07,,Fans kpop alay banget anjing nangis liat idol plastik.,Fanatik buta emang pada goblok.,Bener bangsat ngabisin duit doang buat album.,"Mengidolakan musisi itu hal yang wajar dan bisa menjadi sumber motivasi positif bagi sebagian orang. Selama mereka menggunakan uang pribadinya sendiri dan tidak mengganggu ketertiban umum, saya rasa itu sah-sah saja sebagai sebuah hobi.",3,0,0,0,neither,non_protected_group,,explicit
469,browsing,,2026-08-07,,KRL jam berangkat kerja sumpek banget kaya pepes anjing.,Bau ketek semua bangsat bikin mual.,AC nya juga sering mati anjing panas banget.,Volume kapasitas penumpang KRL di jam-jam sibuk memang sudah jauh melebihi batas ideal. PT KCI perlu segera mengevaluasi penambahan jadwal headway dan memperbanyak rangkaian gerbong di rute-rute padat untuk meminimalisir penumpukan di stasiun transit.,3,0,0,0,neither,institution_policy_idea,,explicit
470,browsing,,2026-08-07,,Mertua ikut campur urusan rumah tangga mulu,Emang ga guna bikin ribut terus kerjaannya.,Pindah ngontrak aja jauh-jauh dari mereka.,Membangun batasan atau boundaries dengan keluarga besar memang sangat krusial untuk menjaga keharmonisan pernikahan. Komunikasikan masalah ini baik-baik dengan pasangan agar kalian berdua bisa mengambil keputusan mandiri demi kenyamanan bersama.,3,0,0,0,neither,none,,explicit
471,browsing,,2026-08-07,,Influencer jaman sekarang modal joget doang dapet duit.,Goblok emang ga ada edukasinya sama sekali.,Netizennya juga tolol mau aja ngikutin tren sampah.,"Ekosistem media sosial memang sangat dikendalikan oleh algoritma berbasis engagement penonton. Kalau kamu merasa konten-konten tersebut tidak mendidik, cukup manfaatkan fitur 'not interested' agar linimasa kamu bersih dari video semacam itu.",3,0,0,0,neither,non_protected_group,,explicit
472,browsing,,2026-08-07,,Lihat video Wuling Aira-ev hari ini jadi makin paham kenapa banyak yang mulai melirik mobil listrik untuk aktivitas harian,"Buat keluarga yang anak-anaknya udah mulai mandiri, rasanya konsep mobil kedua kayak ini menarik juga",Biaya operasionalnya memang jadi pertimbangan utama,"Bener bgt! Buat aku yg lg belajar mandiri ngekos di Nangor, Wuling Aira-ev ini idaman sih. Biaya operasionalnya yg murah bikin mahasiswa ga perlu keseringan minta transferan ortu di Banyumas buat beli bensin wkwk 😂🙏",3,0,0,0,neither,none,,explicit
473,browsing,,2026-08-07,,"Ketika penegakan hukum bekerja tanpa pandang bulu, serangan balik selalu membayangi",Dukung terus pihak-pihak yang berani membongkar kasus-kasus besar,Prosesnya memang panjang dan penuh risiko,Semoga keadilan benar-benar ditegakkan,3,0,0,0,neither,institution_policy_idea,,explicit
474,browsing,,2026-08-07,,jam segini aja aku masih gawe,kurang kerja keras apa coba,kadang deadline emang kejam,"iya sih, tapi kalau dipaksain terus malah bisa burnout. lebih baik atur prioritas biar ga sampai begadang tiap hari",3,0,0,0,neither,none,,explicit
475,browsing,,2026-08-07,,aku pernah makan nanas manis pol bener2 manis ky makan semangka,"thn 21-22, dr atasan yang kembangkan jenis nanas PK 1 dari wilayah ngancar kelud",teknik kultur jaringan,"Walau skrng nanas pk udah ada asem2nya, seenggaknya aku pernah coba yg semanis madu🤤",3,0,0,0,neither,none,,explicit
476,browsing,,2026-08-07,,gak semuanya tuh karena malas,kalo malah boncos karena kerja (keluar ongkos tapi gaji gak nutup),gimana gak mau pilih2,"Makanya kadang orang lebih selektif. Bukan karena males, tapi karena perhitungan realistis aja",3,0,0,0,neither,none,,explicit
477,browsing,,2026-08-07,,cuaca di puncak lagi dingin banget akhir-akhir ini,cocok buat yang suka hiking ringan,bawa jaket tebal ya,"setuju, aku kemarin ke situ bawa termos teh hangat. rasanya beda banget sama di kota",3,0,0,0,neither,none,,explicit
478,browsing,,2026-08-07,,lagi baca novel lokal yang alurnya pelan tapi dalam,karakter-karakternya terasa hidup,endingnya open-ended,"bagus banget, aku suka yang seperti itu. kadang cerita yang tidak terlalu dipaksakan justru lebih nempel",3,0,0,0,neither,none,,explicit
479,browsing,,2026-08-07,,latihan lari pagi di car free day,udaranya masih seger,banyak yang bawa anak kecil juga,"keren juga, aku biasanya ambil rute yang agak sepi biar bisa fokus napas",3,0,0,0,neither,none,,explicit
480,browsing,,2026-08-07,,lagi hitung ulang budget bulanan,kategori makan di luar terlalu besar,perlu dipangkas,menurut saya lebih baik mulai catat semua pengeluaran kecil dulu. kadang yang sepele justru ngeboncos,3,0,0,0,neither,none,,explicit
481,browsing,,2026-08-07,,rencana liburan ke pantai yang budget-friendly,cari yang aksesnya gampang dari stasiun,biar ga ribet,coba deh ke yang ada penginapan lokal. biasanya lebih murah dan suasananya masih natural,3,0,0,0,neither,none,,explicit
482,browsing,,2026-08-07,,lagu indie lokal lagi naik daun,liriknya relate banget sama kehidupan sehari-hari,produksinya juga rapi,"setuju banget, aku putar terus di playlist kerja. rasanya lebih enak daripada lagu luar yang udah basi",3,0,0,0,neither,none,,explicit
483,browsing,,2026-08-07,,anak mulai masuk usia sekolah,lagi cari cara biar belajarnya ga bosen,main sambil belajar,saran saya sisipkan aktivitas outdoor sederhana. kadang yang di luar kelas malah lebih nempel di kepala,3,0,0,0,neither,none,,explicit
484,browsing,,2026-09-22,,"Zionis itu ga mandang agama, guys...","kristen indo kebanyakan di cuciotak oleh zionis,mayoritas envangelis2 itulah. Jadi pemahaman nya bela palestina sama dengan bela islam. Padahal kristen palestina pun banyak dan mengalami penganiayaan zionis israel. Kristen indo cuma tau bela israel itu bela kristen.. Buta bgt.",israel nya sendiri aja yahudi kok bisa nganggep bela israel itu bela kristen mereka itu yha wkwkk,"di Israel ada jg yg agama kristen katolik dan orthodok. Cuci otak nya itu seakan2 kekristenan di israel di lindungi. Pdhl fakta nya tiap hari org kristen itu di aniaya,diludahin,dll yg kristen macam aliran Protestan gak tau itu. Tiap dtg ke israel selalu di cuciotak.",3,0,0,0,neither,none,,explicit
485,browsing,,2026-08-07,,kursus online bahasa asing,progresnya agak lambat,butuh motivasi tambahan,"iya sih, aku biasanya gabung group belajar biar ada yang temenin. lebih semangat",3,0,0,0,neither,none,,explicit
486,browsing,,2026-08-07,,"tahun 2017, gw sekolah di SMA negeri, gw dan temen2 gw yg kristen ga punya guru agama kristen, nilai kami terancam kosong di raport karena bener2 ga ada gurunya, kami usulkan opsi belajar di luar malah sekolah tetep gamau. penindasan berbasis agama, gw rasain di sekolah","Di sekolah ku dulu untuk case seperti ini, mapel agama nya diadakan di tempat ibadah masing masing pada hari minggu. Jadi disaat ada jadwal mapel agama islam, mereka bakal disuruh untuk keluar. Nanti ujian, soal nya yang bikin gereja dan bakal di amplopin khusus.","Kami juga udah ajuin opsi itu kak, karena temen2 yg Katolik sistemnya begitu Tapi tiba kami malah ga dibolehin sama sekali, jadi bener2 mentok waktu itu kaya masa nilai kami kosong gitu aja","Miris sekali hal ini masih terjadi di era sekarang. Semoga hal ini tidak terjadi lagi di sekolah kamu. Di daerah ku cuman masalah hijab aja sih, soal nya semua siswi wajib pake hijab. Tapi untuk permasalahan pembelajaran, masih berpikir jernih pemangku kekuasaan nya.",3,0,0,0,neither,none,,explicit
487,browsing,,2026-08-07,,event pasar malam di kampung halaman,banyak makanan tradisional,suasana ramai tapi nyaman,"keren juga, aku kangen yang seperti itu. makanan lokalnya selalu beda rasanya",3,0,0,0,neither,none,,explicit
488,browsing,,2026-08-07,,sampah plastik di sungai dekat rumah,semakin menumpuk,perlu aksi bersama,"setuju, kalau tiap warga ambil sedikit aja sudah membantu. lebih baik mulai dari yang kecil",3,0,0,0,neither,none,,explicit
489,browsing,,2026-08-07,,"🩷 Ada gk yang cari pasangan bule di bali terutama yang backpackeran endingnya bahagia atau sampe nikah? Pingin banget punya suami bule 😭, gpp tua apalagi daddy sugar pokoknya bule biar bisa pindah dari negeri ini.","Kenapa harus nyari di Bali?? Kebanyakan bule di Indonesia itu bule kere, kenapa ga langsung ke negaranya aja, misalnya kerja gitu","emang udah beda tujuannya kak wkwkwk, orang kalau niatnya mau kerja ya urusan jodohnya orang mana belakangan aja, kalau ini kan emang niatnya mau nyari pasangan terus pindah negara","Tpi bule g segampang itu mau ngundang ceweknya k negaranya wkwk Dia kudu mampu secara finansial dlu, karena itu butuh jaminan klo gaji dia cukup utk membiayai si cewek. Kalo ga mampu, ya gak bakalan diundang 🤣🤣🤣",3,0,0,0,neither,non_protected_group,,explicit
490,browsing,,2026-08-07,,rencana pindah kos yang lebih dekat kampus,harga agak naik,tapi hemat ongkos transport,menurut saya worth it kalau selisih harganya masih masuk akal. waktu tempuh juga berharga,3,0,0,0,neither,none,,explicit
491,browsing,,2026-08-07,,nonton film dokumenter tentang laut Indonesia,visualnya bagus banget,isu sampahnya bikin prihatin,"iya, aku jadi lebih hati-hati pakai sedotan plastik. kadang yang kecil impact-nya besar",3,0,0,0,neither,none,,explicit
492,browsing,,2026-09-23,,GIBRAN MAU DIGANTIIN SAMA TEDDY. INI NEGARA APA KOCAK 😭😭😭😭😭,Bisa ga sih kaya Korsel? Rakyat bersatu buat makzulin Presiden???? Muak bgt asli.,"Mesti berani, siap2 tewas atau hilang (karena lawannya pasti cokelat ama ijo) 🥲","Benar, korsel aparat nya juga mendukung intinya semua aspek masyarakat memang bersatu bukan cuma sipil yang berjuang",3,0,0,0,neither,none,,explicit
493,browsing,,2026-08-07,,"Belajar bahasa jepang susah banget, kanjinya bikin pusing.","Bener, gue mending nyerah aja deh.","Sama, baca manga raw juga tetep ga ngerti apa-apa.","Coba pakai WaniKani deh buat ngafalin kanji secara bertahap, lumayan ngebantu banget buat baca manga pelan-pelan. Konsisten tiap hari aja kuncinya. ",3,0,0,0,neither,none,,explicit
494,browsing,,2026-08-07,,Aksen bahasa prancis tuh ribet banget diucapinnya.,"Setuju, huruf R nya itu loh susah bener dari tenggorokan.",Kadang dengerin orang lokal ngomong aja beda-beda logatnya.,Memang setiap region di Prancis punya variasi linguistik dan logat yang agak beda. Mulai dari dengerin podcast berita pelan-pelan aja biar kuping kita terbiasa sama intonasinya.,3,0,0,0,neither,none,,explicit
495,browsing,,2026-08-07,,Hari ini banyak banget berita akun kesurupan dan diretas.,"Ngeri banget, mana data pribadi semua di situ.",Makanya gue males nyimpen password di browser.,Nyimpen kredensial bawaan browser emang rentan kalau device kita kena malware. Mending pakai password manager eksternal dan wajib aktifin multi-factor authentication (MFA) di semua akun penting. 🔐,3,0,0,0,neither,none,,explicit
496,browsing,,2026-08-07,,Capek banget ngedebug kode dari semalem ga kelar-kelar.,Udah mentok banget otak gue ngeliat errornya.,Pake AI aja lah gampang tinggal copas kelar.,"Walaupun GitHub Copilot atau AI lain bisa bantu generate kode, kita tetep harus paham logikanya. Black-box testing tetep wajib dilakuin biar aplikasinya bener-bener aman pas dideploy ke production.",3,0,0,0,neither,institution_policy_idea,,explicit
497,browsing,,2026-08-07,,Revisian bab 3 skripsi bikin pengen nangis aja rasanya.,Dosen gue nyuruh ganti metodologi kualitatif ke yang lain.,Emang susah banget nentuin framework yang pas buat aplikasi.,"Kalau lu bikin karya atau produk software, coba ajuin pendekatan Design and Development Research (DDR) aja ke dospem. Itu lumayan terstruktur kok fase-fasenya untuk pengembangan dan evaluasi aplikasi.",3,0,0,0,neither,none,,explicit
498,browsing,,2026-08-07,,WiFi di rumah akhir-akhir ini ngadat terus bikin emosi.,"Sama, padahal udah bayar mahal tapi sinyalnya lemot.",Palingan router bawaannya emang ampas.,"masuk ke setting routernya, lalu pisahin nama SSID untuk band 2.4G dan 5G. Kadang perangkat pinter di rumah suka bentrok kalau band steering-nya nyala, atau atur ulang batas RSSI-nya.",3,0,0,0,neither,none,,explicit
499,browsing,,2026-08-07,,Susah banget ya nyari tempat magang yang bagus sekarang.,"Apalagi yang ngasih uang saku, jarang banget dapetnya.",Gue apply kemana-mana belom ada panggilan sama sekali.,"cek portal Magenta BUMN secara berkala deh. Di situ sering buka seleksi magang buat mahasiswa, alur pendaftarannya juga lumayan jelas. Jangan lupa rapihin CV sama portofolio project lu biar peluangnya lebih besar.",3,0,0,0,neither,institution_policy_idea,,explicit
500,browsing,,2026-08-07,,"Baru belajar Python nih, bingung mau bikin project apaan.",Bikin web aja langsung pake framework yang gede.,"Kejauhan anjir, mending yang simpel dulu buat pemula.","Bikin aplikasi To-Do List berbasis Command-Line Interface (CLI) aja dulu. Lu bisa mulai dari nulis struktur main menu buat nampilin tugasnya, lumayan buat ngelatih fundamental logikanya.",3,0,0,0,neither,none,,explicit
501,browsing,,2026-08-07,,Syarat lulus kampus sekarang wajib skor TOEFL 500 ke atas.,"Gila, gue structure and written expression aja masih hancur.",Listeningnya juga ngomongnya cepet banget ga nangkep gue.,Ikutan workshop atau kelas persiapan TOEFL yang sering diadain sama kating atau alumni aja. Biasanya mereka suka ngasih trik ngejawab soal structure biar lebih hemat waktu pas ujian sesungguhnya.,3,0,0,0,neither,institution_policy_idea,,explicit
502,browsing,,2026-08-07,,Pusing banget mau deploy aplikasi web pertama gue.,Pake yang gratisan aja dulu jangan langsung sewa VPS mahal.,Tapi kadang ribet setting environment variables nya tuh.,"Coba pakai Vercel atau Railway aja, proses deployment-nya lumayan gampang karena tinggal di-connect langsung ke repo GitHub kalian. Untuk databasenya bisa nyoba tier gratisannya Supabase.",3,0,0,0,neither,institution_policy_idea,,explicit
503,browsing,,2026-08-07,,Pengen ikut kompetisi IT tapi skill masih pas-pasan.,Iya minder ngeliat porto peserta lain udah pada jago.,Mana hadiahnya gede banget wajar aja saingannya berat.,"Ikutan aja dulu buat nambah pengalaman, kayak program Devhandal atau hackathon lainnya. Kompetisi itu tempat yang bagus buat belajar nulis technical documentation dan bangun networking sesama developer lho!",3,0,0,0,neither,institution_policy_idea,,explicit
504,browsing,,2026-08-07,,Cuaca mendung gini enaknya makan yang berkuah pedes.,"Setuju, seblak kuah mercon mantep tuh kayaknya.",Tapi awas ntar lambung lu protes besok paginya kalo kepedesan.,"Bener, makan pedes boleh aja tapi jangan keseringan. Mending bikin mie rebus tambahin sawi sama telor aja, tetep anget dan lebih ramah di perut kalau lagi musim hujan gini. 🌧️",3,0,0,0,neither,none,,explicit
505,browsing,,2026-08-07,,Udah jam 8 malam tapi jalanan masih macet parah.,Emang kacau manajemen lalin di kota ini ga ada kemajuan.,Pejabatnya mana pernah ngerasain desek-desekan di jalan.,"Volume kendaraan pribadi sama kapasitas jalannya emang udah ga seimbang. Selama transportasi massalnya belum mencakup rute ke area perumahan pinggiran, kemacetan di jam pulang kerja bakal terus jadi rutinitas harian.",3,0,0,0,neither,institution_policy_idea,,explicit
506,browsing,,2026-08-07,,Nonton film horor lokal sekarang plot twist-nya maksa banget.,"Iya, jualan jumpscare doang ceritanya kopong.",Sound effect-nya juga terlalu kenceng bikin sakit kuping woi.,"Naskah memang sering jadi titik lemah perfilman kita karena masa pra-produksi yang terburu-buru. Padahal kalau eksekusi ceritanya matang, elemen horor psikologis tanpa jumpscare berlebihan bisa jauh lebih menyeramkan.",3,0,0,0,neither,institution_policy_idea,,explicit
507,browsing,,2026-08-07,,Baru mulai ngegym sehari badan sakit semua rasanya.,"Sama, apalagi pas bangun tidur pagi harinya nyut-nyutan.",Mending rebahan aja deh gue ga kuat sakitnya wkwk.,"Itu namanya DOMS (Delayed Onset Muscle Soreness), wajar banget buat pemula yang ototnya baru kaget dilatih beban. Istirahat yang cukup dan banyakin asupan protein aja, nanti perlahan bakal hilang sendiri kok nyerinya. 💪",3,0,0,0,neither,none,,explicit
508,browsing,,2026-08-07,,"Capek main dating app, isinya orang pada ga jelas.",Banyak yang ghosting tiba-tiba padahal udah asik chatnya.,Ujung-ujungnya cuma buang-buang waktu doang.,"Memang butuh kesabaran ekstra buat nemuin orang yang frekuensinya pas di aplikasi kencan. Kalau ngerasa udah terlalu capek secara mental, mending uninstall dulu aja dan fokus ke hobi atau pengembangan diri.",3,0,0,0,neither,none,,explicit
509,browsing,,2026-08-07,,Gaji UMR sekarang berasa numpang lewat doang di rekening.,"Bener, harga sembako pada naik semua ga karuan.",Belum lagi potongan pajak dan iuran ini itu bikin pusing.,"Inflasi sama kenaikan upah emang sering kali ga seimbang. Coba bikin pencatatan keuangan yang ketat tiap awal bulan, pisahin dana untuk kebutuhan pokok dan sisihkan sedikit aja buat dana darurat biar lebih aman.",3,0,0,0,neither,none,,explicit
510,browsing,,2026-08-07,,HP gue batrenya bocor banget nih boros parah.,Umur HP nya udah berapa tahun emangnya sampe bocor gitu?,Palingan sering dimainin sambil di charge tuh makanya drop.,"Kalau battery health udah di bawah 75%, mending langsung bawa ke service center resmi buat ganti baterai originalnya. Daripada harus keluar duit banyak beli HP baru, ganti baterai lumayan bikin performa device balik normal lagi.",3,0,0,0,neither,none,,explicit
511,browsing,,2026-08-07,,Kucing liar di depan rumah gue beranak banyak banget.,Kasian liatnya pada kurus-kurus gitu kelaparan.,Pengen adopsi tapi ga sanggup ngurusinnya gue.,"Sediain aja mangkuk kecil isi dry food sama air bersih di teras rumah kalian. Terus kalau ada rezeki lebih, bisa koordinasi sama komunitas shelter lokal buat program sterilisasi biar populasinya bisa terkontrol. 🐈",3,0,0,0,neither,none,,explicit
512,browsing,,2026-08-07,,Overthinking tiap malem mikirin masa depan kelam.,Takut banget ga bisa sukses dan ngecewain orang tua.,Liat temen-temen seangkatan udah pada pencapaiannya jauh.,Setiap orang punya garis waktu dan jalannya masing-masing. Kurangin scrolling media sosial kalau itu malah bikin kamu ngerasa tertinggal. Fokus aja pada progres kecil yang bisa kamu lakuin hari ini secara konsisten.,3,0,0,0,neither,none,,explicit
513,browsing,,2026-08-07,,Pertandingan final badminton kemaren bikin jantungan.,Ketinggalan poin jauh tapi bisa comeback menang akhirnya.,Mental juara emang beda sih atlet andalan kita ini.,Strategi rotasi pukulan dan ketahanan fisik mereka di rubber game memang sangat luar biasa. Mengubah tempo permainan saat sedang tertinggal itu butuh ketenangan yang hanya didapat dari jam terbang dan pengalaman tinggi. 🏸,3,0,0,0,neither,none,,explicit
514,browsing,,2026-08-07,,"Dulu [PERSON_A] dipecat pemicu paling kelihatan gara2 bawa tim u23 dan gk lolos grub aff, pelatih yg sekarang udh bawa senior + pemain diaspora ttep gk lolos grub. Apakah [PERSON_B] akan standar ganda? Tapi jujur gw bukan tipe yg suka ganti2 pelatih.","Jangan dulu, [PERSON_C] kasih kesempatan terakhir di Piala Asia","Stuju biar lanjut dulu sampai piala asia, tpi sayang aja dlu [PERSON_A] dipecat habis aff","Iya sama, meski dulu saya sering kritik [PERSON_A] tapi gak berharap dia dipecat pas masih di tengah jalan....",3,0,0,0,neither,none,,explicit
515,browsing,,2026-08-07,,GILAAAAAAA! HARMONISASINYA ENAK BANGEEEET!!!!,"masih bingung siapa yang ngisi pecahan suaranya,","Asli aku juga daritadi nyari siapa aja yg mecah, tapi yg aku tau [PERSON_A] yg bisa pecah suara, mungkin [PERSON_B] sama [PERSON_C] juga tapi aku kayak denger vokal [PERSON_A] nyanyiin lead. Masih bingung 😂",[PERSON_D] keknya juga bisa deh,3,0,0,0,neither,none,,explicit
516,browsing,,2026-08-07,,akhirnya nonton hehe,tiketnya😭,kenapa tiketnya? 😭,lecek kak pasti dibuat di kantong😭,3,0,0,0,neither,none,,explicit
517,browsing,,2026-08-07,,Gurl kalian illfeel ga sih sama cowo yang dikit2 mesum gini? Aku bilang berdua gapapa ya krn orangnya dari luar dia kalem (kayak ga aneh aneh) dan waktu nongkrong dia salat jir. Okeh lah sesekali becanda yg begituan tapi ga terusan anj kampung bgt. Jadi males berteman ma orang ini. Soalnya ini dia setiap becanda pasti di plesetin ke hal begituan😔😔,Males banget kalau kayak gini Udah tanda tanda pikirannya selangkangan doang Kalau masalah sholat sih ustadz yang cabul juga sholat malah jadi imam buat murid muridnya,Sumpah lo tampang nya kalem bgttt,Ga menjamin kak,3,0,0,0,neither,none,,explicit
518,browsing,,2026-08-07,,"Motor pertamaku beli 700rb punya tetangga ku pake buat kerja ke itc bsd.teman mau nebeng ngga jadi karena liat motornya😄😅,waktu lembur pulang malam dikejar ma orang udah susah ngebut..saking takutnya gas aja terus sampe rumah alhamdulillah langsung rontok entah apa itu 🫠🫠🫠.",Makanya kak jadi nelayan biar bisa ngaku kerja freeport 😮‍💨,Oh gitu ya..,Ya iya lahh... masa' iya iya donk 😮‍💨,3,0,0,0,neither,none,,explicit
519,browsing,,2026-08-07,,Ada yang ketagihan kentang goreng😂 kemarin bikin setengah kg sekarang bikin langsung 2kg buat stockk🙈,"akuuu sudaa pernah recook, asli enakk bgttt apalagi kalo digorengnya 2 kali",Belum pernah kalau digoreng 2 kali boleh dicoba lah yaa,"lebihh krispy kaaa enakk, tapi emg agak pr ajasii goreng 2 kali",3,0,0,0,neither,none,,explicit
520,browsing,,2026-08-07,,"Kenapa hidup gue nggak bisa semudah hidup sims-sims gue ya punya tanah langsung bangun rumah. Buka hp, langsung keterima kerja. Kerja bentar, naik jabatan. Ketemu orang, langsung ciuman, langsung dilamar.",Langsung ciuman sorry kak babah ak Ngakak banget🤣🤣,"😭😭😭ABISNYA SIMS KU GITU say hi ke tetangga, ngobrol ngobrol ngobrol eh lho kok ciuman",Lagi hoki aja mungkin kak 🤣🤣,3,0,0,0,neither,none,,explicit
521,browsing,,2026-08-07,,"yg semangat harii ini mngejar impian,emg mw km ditinggal sukses oleh tman2mu?","ak akan sukses bersama temen temen bg [PERSON_A], tapi ngopi dulu",teman2mu aj suram gmn km mau sukses,awokaowk ywdh mo cari temen sukses sperti km dlu di X,3,0,0,0,neither,none,,explicit
522,browsing,,2026-08-07,,"Yang lebih buruk dari negara rusak adalah, negara rusak yang menyangkal segala kerusakannya",kuping nya di tutup pake sawit kali,coba bawa ke tht siapa tau kesumpel sawit dia ton,"ga bisa kta dokter nya, udh membandel",3,0,0,0,neither,none,,explicit
523,browsing,,2026-08-07,,"ih udah lama ngak ngetwit, apakabar si?","cepet ya [PERSON_A] fotonya, mobilnya mo gw pake buat beli beras",bakat jadi pelawak gini a,asbun doang bjir,3,0,0,0,neither,none,,explicit
524,browsing,,2026-07-29,,"Sadly, ini ada benernya 🥺 Peringatan keras buat temen2 yg suka mendem emosi/perasaan secara kronis, alias berlama2 mendem, ga diungkapin, dst. Ada penelitian yg ngehubungin semua itu dg risiko kematian dini yg lebih tinggi dibanding mereka yg mampu nyalurin emosinya dg baik :(","Aku seringnya mendem, mau cerita juga bingung ke siapa. Kalau cerita ke temen terus takutnya malah risih. Pernah udah gak kuat akhirnya aku nangis semaleman dan semingguan burnout 😭. Kalau gk lagi apa² mesti nangis + mikir yg enggak². Mana jdi gk nafsu makan",Ga ada satupun yg bisa diajak cerita kah kakkk? Coba journaling aja kakkk sama curhat ke Tuhan,"Ada sih, tp cuman 1 orang. Kadang gk enakk kalau aku cerita mulu ke dia 😭",3,0,0,0,neither,none,,explicit
525,browsing,,2026-07-29,,"orang US umur 30 masih kuliah, baru mau graduate akhir tahun ini, dan dapat offer internship di big 4. lah di sini boro2",di sini umur 30 aja udah gak diterima kerja di mana mana😓,asli... bahkan kuliah s1 aja kayaknya ga semua kampus deh ada yg lulus umur segitu,dipaksa penuaan dini 💔💔,3,0,0,0,neither,none,,explicit
526,browsing,,2026-07-29,,Males banget sekarang ke mana-mana wajib pake QRIS.,Iya kalau sinyal jelek pas mau bayar di kasir berasa kaya orang bego.,Mana kadang aplikasinya maintenance dadakan pas lagi butuh.,"Kalau mau aman, tetep sedia uang tunai secukupnya di dompet buat jaga-jaga. Sistem pembayaran digital memang praktis, tapi infrastruktur jaringan kita belum 100% stabil di semua daerah.",3,0,0,0,neither,none,,explicit
527,browsing,,2026-07-29,,"Ngeliat orang lancar poliglot tuh iri banget, gue belajar satu bahasa aja ngos-ngosan.","Boro-boro poliglot, gue bahasa inggris aja masih belepotan grammar-nya.","Paling males kalau udah disuruh ngafalin vocab baru, cepet banget lupanya.","Buat nambah kosakata, coba rutinin baca materi bacaan ringan kayak komik atau artikel pendek sesuai bahasa yang dipelajari. Mengaitkan kata baru dengan konteks visual atau cerita biasanya bikin memori kita lebih tahan lama. 📖",3,0,0,0,neither,none,,explicit
528,browsing,,2026-07-29,,"Diet keto tuh nyiksa banget, gue ga makan nasi dua minggu bawaannya lemes.","Lagian ngapain sih diet ekstrem gitu, mending defisit kalori biasa aja.","Tapi defisit kalori turunnya lama banget, ga sabar gue pengen cepet kurus.","Penurunan berat badan yang sehat dan direkomendasikan ahli gizi memang di kisaran 0.5 sampai 1 kg per minggu. Tubuh butuh waktu untuk adaptasi, jadi lebih baik berproses perlahan tapi gaya hidupnya bisa konsisten jangka panjang.",3,0,0,0,neither,none,,explicit
529,browsing,,2026-07-29,,"Anak jaman sekarang nongkrong di warkop aja gengsi, maunya di cafe aesthetic.","Padahal rasa kopinya sama aja, malah banyakan susunya doang.","Beli suasana doang itu mah, dipake buat foto-foto update story.","Setiap tempat usaha pasti punya target pasarnya sendiri. Beberapa orang memang rela membayar lebih mahal untuk mendapatkan fasilitas kenyamanan seperti AC, Wi-Fi cepat, dan suasana yang mendukung untuk bekerja atau nugas. ☕",3,0,0,0,neither,institution_policy_idea,,explicit
530,browsing,,2026-07-29,,"Kemaren nonton film dokumenter crime series di netflix, merinding banget.","Asli, dokumenter kasus pembunuhan beneran lebih serem dari film horor.",Bikin parno sendiri kalau jalan sendirian malem-malem.,Dokumenter true crime memang seringkali mengekspos sisi tergelap manusia yang tidak terbayangkan. Ada baiknya membatasi durasi menonton genre ini jika sudah mulai memengaruhi kualitas tidur atau memicu kecemasan berlebih.,3,0,0,0,neither,institution_policy_idea,,explicit
531,browsing,,2026-07-29,,HRD jaman sekarang pertanyaannya aneh-aneh ga nyambung sama jobdesc.,"Paling sebel disuruh ceritain kelemahan diri, serba salah jawabnya.","Jawab jujur dibilang kurang kompeten, jawab boong dibilang manipulatif.","Pertanyaan tentang kelemahan sebenarnya bertujuan untuk melihat tingkat kesadaran diri (self-awareness) kandidat. Cara terbaik menjawabnya adalah dengan menyebutkan kelemahan nyata, lalu sertakan langkah konkret yang sudah kamu lakukan untuk mengatasinya.",3,0,0,0,neither,none,,explicit
532,browsing,,2026-07-29,,User Android sering banget ngeledek user iPhone kurang fitur.,Padahal stabilitas ekosistem iOS jauh lebih mulus buat pemakaian jangka panjang.,"Yaelah HP aja diributin, yang penting kan fungsinya buat komunikasi.",Memperdebatkan sistem operasi memang tidak akan ada habisnya karena keduanya punya kelebihan masing-masing. Pilihlah perangkat yang paling sesuai dengan kebutuhan produktivitas harian dan anggaran yang tersedia.,3,0,0,0,neither,institution_policy_idea,,explicit
533,browsing,,2026-07-29,,Kurir ekspedisi sekarang kenapa pada males nganter ke depan pintu sih.,"Paket gue malah cuma dilempar ke garasi, untung ga pecah barangnya.",Komplain ke CS juga cuma dapet jawaban template doang ga ada solusi.,"Beban kerja kurir belakangan ini meningkat drastis akibat lonjakan pesanan dari e-commerce. Walaupun standar pelayanan harus tetap dijaga, sistem pembagian rute dan target harian dari perusahaan logistik juga perlu dievaluasi agar tidak memberatkan pekerja di lapangan.",3,0,0,0,neither,institution_policy_idea,,explicit
534,browsing,,2026-07-29,,"Calo tiket konser makin merajalela, pake bot segala belinya.","Fans asli malah ga dapet tiket, padahal udah nabung lama.",Yang bikin kesel mereka jual lagi harganya bisa tiga kali lipat.,Praktek percaloan tiket memang sangat merugikan konsumen. Pihak promotor sebaiknya mulai menerapkan sistem validasi identitas yang ketat dan tiket non-transferable sejak fase pembelian untuk meminimalisir ruang gerak para calo.,3,0,0,0,neither,institution_policy_idea,,explicit
535,browsing,,2026-07-29,,Nentuin metodologi penelitian buat skripsi tuh susahnya minta ampun.,Dosen maunya pake metode kuantitatif biar datanya valid.,Padahal topik gue lebih cocok dianalisis pake deskriptif kualitatif.,"Pemilihan metode riset itu sepenuhnya harus berlandaskan pada rumusan masalah yang ingin diselesaikan. Jika fokus penelitian kamu adalah membuat dan menguji coba sebuah sistem baru, metode Design and Development Research (DDR) bisa jadi opsi yang sangat relevan untuk diajukan ke dosen.",3,0,0,0,neither,none,,explicit
536,browsing,,2026-07-29,,"Temen gue akun IG nya barusan kena hack, lagi dipakai buat nipu pinjem duit.","Ngeri banget, sekarang hacker makin pinter ngambil alih akun.",Kadang kita ga sadar pernah klik link phising dari DM atau email.,"Penting banget untuk tidak menyimpan password langsung di fitur auto-save browser, karena rentan diretas jika perangkat terkena malware. Selalu gunakan kombinasi sandi yang unik untuk tiap website dan aktifkan verifikasi dua langkah (2FA).",3,0,0,0,neither,none,,explicit
537,browsing,,2026-07-29,,Masih banyak aja orang yang ga mau ngasih duduk buat ibu hamil di MRT.,"Pada pura-pura tidur main HP nutup mata, padahal jelas-jelas liat.",Kesadaran empati masyarakat kita emang masih krisis banget.,Budaya bertransportasi umum memang menuntut empati dan kesadaran kolektif dari setiap penumpang. Pihak operator sebaiknya terus memperbanyak kampanye edukasi tentang kursi prioritas melalui pengumuman suara maupun visual di dalam gerbong. 🚇,3,0,0,0,neither,none,,explicit
538,browsing,,2026-07-29,,"Band indie lokal sekarang genrenya pada mirip-mirip semua, kurang inovasi.","Bener, vokal cowoknya dibikin berat-berat terus liriknya sok senja.",Kangen era 2000an di mana genre musik jauh lebih variatif dan ikonik.,"Perkembangan tren musik memang selalu berputar mengikuti selera pasar mayoritas di era tersebut. Meski demikian, masih banyak kok musisi independen yang konsisten mengeksplorasi genre eksperimental di luar arus utama, kita hanya perlu lebih rajin mencarinya di berbagai platform digital.",3,0,0,0,neither,institution_policy_idea,,explicit
539,browsing,,2026-07-29,,"Enak ya jadi freelancer, jam kerjanya bebas bisa sambil rebahan.","Kata siapa enak, ga ada gaji tetap bikin jantungan tiap akhir bulan.","Belum lagi kalau klien telat bayar invoice, bisa puasa ga makan.","Bekerja sebagai pekerja lepas memberikan fleksibilitas waktu, namun membutuhkan tingkat kedisiplinan dan manajemen finansial yang jauh lebih ketat dibandingkan karyawan kantoran. Keduanya memiliki risiko dan keuntungannya masing-masing.",3,0,0,0,neither,none,,explicit
540,browsing,,2026-07-29,,"Belajar framework javascript baru tuh kayak ga ada ujungnya, tiap bulan muncul yang baru.","Iya, baru juga paham React, eh sekarang udah disuruh belajar Next.js.",Bikin burnout lama-lama ngikutin perkembangan tech stack web dev.,"Daripada kelelahan mengikuti semua tren framework baru, lebih baik fokus mematangkan pemahaman fundamental seperti vanilla JavaScript, konsep DOM, dan struktur data. Logika dasar yang kuat akan sangat memudahkan kita untuk beradaptasi dengan teknologi apapun di masa depan. 💻",3,0,0,0,neither,institution_policy_idea,,explicit
541,browsing,,2026-07-29,,akhir-akhir ini sering ngantuk padahal tidur cukup,mungkin kebanyakan gula,iya sih akhir2 ini ngantukan,"Nah sama aku juga gitu. Coba deh mulai makan pake nasi merah aja, soalnya dia gak bikin ngantuk kayak nasi putih",3,0,0,0,neither,none,,explicit
542,browsing,,2026-07-29,,kalian ngerasa lagi lost spark sama semuanya gak sih,hidup terasa flat banget,semangat kuliah aja yang masih ada,"iya banget, tp skrg pelan² berusaha balikin spark itu:) cmn kaya hidup flat aja isinya cuman semangat kuliah, sambil cari duit yang incomenya belum pasti ini huhu semoga tahun ini lebih baik",3,0,0,0,neither,none,,explicit
543,browsing,,2026-07-29,,lihat video mobil listrik buat aktivitas harian,konsep mobil kedua buat keluarga menarik,biaya operasional jadi pertimbangan utama,"Bener bgt! Buat aku yg lg belajar mandiri ngekos, mobil listrik kayak gini idaman sih. Biaya operasionalnya murah bikin ga perlu sering minta transferan ortu buat beli bensin wkwk 😂",3,0,0,0,neither,none,,explicit
544,browsing,,2026-07-29,,tunggulah sampe ngoding itu jadi pekerjaan untuk makan sehari hari😭,Kakkk 😭 jngn nakutin 😭 aku senin besok mulai bootcamp nih 😭,"eh seru kok asli, klo cocok ngoding, dopamine spikenya kerasa bgt asik, tp klo justru stress ya its ok no problem km dapet pengalaman, at least u try! semangattt❤️","Wah thank youu huhu!! Iya selama ini cuma belajar iseng2, skrg baru diseriusin. Bismillahhh, makasih banyaaakk",3,0,0,0,neither,none,,explicit
545,browsing,,2026-07-29,,tiket film sudah dibeli dari Senin,besok mau nonton sama pacar,semoga ada yang ikut nonton juga,Semoga ada yang liat ini yang siapa tau mau nonton! TMI banget mami besok aku juga mau nonton sama pacarku hihi tiketnya udah aku beli dari hari Senin bahkan >_<,3,0,0,0,neither,none,,explicit
546,browsing,,2026-09-26,,ini semua pengalaman selama masih kuliah kah?,"bi, bank saqu, freeport, dan apple pas lg kuliaaah (dr libur ke smt 7 sampe h+1 bulan setelah wisuda)","Kak mjb, (pas lg kuliah) ini jatuhnya magang atau gmn ya kak? Aku msh ga paham😅 keren2 bgt soalnya company nya masyaa allah🥺","iyaa kak, krn di kampusku smt 7 kuliahnya mostly online dan smt 8 skripsian doang alhasil bisa magang teruss",3,0,0,0,neither,none,,explicit
547,browsing,,2026-07-29,,"baru kemarin w bedah"" PSP, dalemin arsitekturnya, terus nyasar juga bedah eboot game PS1 yg diport ke PSP. sempet coba patching game tamiya juga, dari situ malah makin keliatan gimana dev jadul ngakalinnya.... (1) (baca sampe akhir, mind blowing)","Kalau mau paling gila lagi, abang coba cek game PC namanya Roller Coaster Tycoon. Yang bikin cuma 1 orang dan pake rumus matematika semua pake Assembly Language","nah ini contoh extreme wkwk assembly itu udah deket banget ke hardware, jadi memory, register, sama CPU instruction bisa diatur langsung. kalau logic gamenya ga terlalu bergantung ke API/OS tertentu, corenya masih memungkinkan buat diporting","jadi inti nya mah, se LIMIT apapun TOOLS nya, kalau USER nya HEBAT, MASTERPIECE pun bisa dibuat.",3,0,0,0,neither,none,,explicit
548,browsing,,2026-07-29,,i love nyentrik sampe di notice sama dosen kmren😆 “kamu hari ini ceria sekali” dan yap namaku tbtb kepilih jd pj kelas gara2 pake warna cetar🤗,"Bpkku pernah kasih saran bgini spy dinotis dosen fav gweh tpi apadaya sedang tdk ada kepercayaan diri pada saat itu hiks... good for u kak, semangat yaa kuliahnyaa :>","jujurs kak ak awal2 takut dirasa aneh sm org2, tp bodoamat soalnya ak nyaman pakenya😭trimakasii kakk :3","Eaak btulz jdi diri sendiri azaa, asal gk melanggar syariat, nyaman, dan gk merugikan org lain. gasssskeun",3,0,0,0,neither,none,,explicit
549,browsing,,2026-07-29,,"minta doa nya ya teman"" semoga segera diturunkan hujan, kabut asap makin tebal dada udh mulai sesek, mata mulai perih. kebakaran udh mulai masuk dkat  permukiman dan beberapa wilayah ada yg blm padam jg...","Kalo kakak muslim mungkin bisa dicoba buat sholat istisqa (minta turun hujan, sholatnya berjamaah) sekampung di kalimantan (kita ngak bisa apa2, cuman bisa bantu doa semoga cepet hujan)🥲🙏","iyaa kak, di bbrp wilayah udh melaksanakan nya semoga segera diturunkan hujan🥺",Stay safe ya kak Semoga secepatnya turun hujan,3,0,0,0,neither,none,,explicit
550,browsing,,2026-07-29,,"Bidang IT barriernya memang rendah. Dokter bisa belajar ngoding dan jadi data scientist, tapi programmer belum tentu bisa belajar pake stetoskop dan buka praktik.","Apalagi kalo udah ada AI. Nanti ""IT"" bakalan jadi tools karena semua orang bisa ngoding pake AI. IT jadi seperti ""Skill berbahasa Inggris""","Kalo inspirasi code iya, tapi menghadapi kompleksitas bisnis, masih belum","belum tentu Ngab, sekarang banyak No-Code Tools yg benar-benar advance yg mudah digunakan bagi non TI",3,0,0,0,neither,none,,explicit
551,browsing,,2026-07-29,,"Hari gini, sekedar ketemu sekali dan ga kenal pun bs save nmor. Kek misal lg urus berkas, tb2 ad yg ""gue mau kesna ngeprint, ad yg mau nitip gak?"" Lwat WA biar gampang, abs tu ga pernah ketemu lg, wkwk. Dan gue prnah dpat kerjaan justru dr prtemuan kek gini, cm sekali, sekilas.","make sense kalau itu. case gue, cuma kenal online kak. belum pernah ketemu dan ga deket juga. beneran ga paham kenape suaminya bisa save nomor gue. anehnya, ko nanya ke gue, boro2 chatan sama suami orang. save nomor orang aja gue pilih2 😌","Sebenarnya dimaklumi sih klo org skrg gampang curiga, emg sdh trllu byk kasus selingkuh. Setidaknya klo brtanya ttp harus santun krn ga semua org setertarik it sm orglain apalg yg sdh brpasangan","menurut gue tetep ga sopan kak nanya ke orang lain bukan nanya ke laki lakinya langsung. gue orangnya ovt juga soalnya. tapi, gue lebih memaklumi kalau dia nanya gitu karena gatau gimana boundaries gue ke orang asing.",3,0,0,0,neither,individual,,explicit
552,browsing,,2026-09-26,,kak kalau boleh tau role di ti mostly ambil role apaa ya biar bisa masuk ke company diatas 🥺,"jujur beda company beda role… itu aku sempet ui/ux, pm, web dev, ios dev, data eng, dan skrg fokus di datsci","wah samaa ds, boleh sharing ga ya kaa? mostly yang paling ngaruh di kakak itu apanya biar bisa at least lolos screening? apakah itu project, certification pelatihan, etc. tia kak",aku tuh pas daftar ds (kerjaan yg skrg) tuh pengalaman yg relevan di data cmn as data eng di huawei doang kak dan blm pernah ambil sertifikasi/courses terkait data but punya bbrp ml project,3,0,0,0,neither,none,,explicit
553,browsing,,2026-07-29,,"Britannica bantah soal statement yang bilang sawit itu pohon. Harusnya secara botani pohon sawit itu monokotil, jadi lebih deket kekerabatannya dengan rumput dan jagung. MONOKOTIL ya gaes ya Sekali lagi MONOKOTIL!",Gw lupa dulu kita waktu sekolah diajarkan kalau Monokotil pohon atau bukan ya? Terus kalau Dikotil bagaimana?,Pelajaran IPA ya itu,Iya pelajaran IPA terus jadi Biologi,3,0,0,0,neither,none,,explicit
554,browsing,,2026-09-26,,guys doain aku hari ini mau INTERVIEW 😭 walaupun udah puluhan kali juga masih GUGUP 😭😭😭😭,aku mau cerita 😭😭 tadi masa interview ada sekitar 11-12 orang di satu ruangan dan INTERVIEW NYA BARENGAN!! jadi pertanyaan yang diajukan tuh kita pake sistem rebutan….. udah kayak cerdas cermat please….. 😭😭,mau tau gajinya gak?? barusan ditawarin 2.5 😅 2.5 JUTA 😅 umr medan = 4.335.198,kalau ada yg bilang gen-z tukang ngeluh sumpah ya tolong dong minimal umk 😭 kita mau banget kerja tapi jangan habis di transport dan makan doang gini….,3,0,0,0,neither,institution_policy_idea,,explicit
555,browsing,,2026-07-29,,Valid. Makanya saya nikah.,bukannya living together itu emang nikah ya bang?,Org2 ngartiinnya living together berzina kak😭,Karna jaman skrg istilah kumpul kebo di bikin keren bahasanya jadi living together,3,0,0,0,neither,institution_policy_idea,,explicit
556,keyword_search,anak abah,2026-08-23,,Sebuah catatan,"Sudah pasti melabeli kita semua ""barisan sakit hati"", buktinya yang masih sampe saat ini masih doyan menggunakan istilah ""kadrun"" ya kelompok mereka. Tapi mereka tetep aja bilang kalo kita yang ga bisa move on 🤣🤣🤣🤣.",Anak abah 😂,"Nah iya ini juga, dikatain ""anak abah"". Yang jadi keselnya tuh bukan dikatain ""anak abah""nya sih, tapi kesel dikatain sama yang otaknya cētēk 🤣. Mana beraninya keroyokan 🤣",3,0,0,1,abusive_language,non_protected_group,,explicit
557,keyword_search,tolol,2026-08-10,,"Mungkin ada yang bisa sharing sedikit, fakultas pedagogik itu apa sih? Random banget nemu ini di lemari nenek gue. 😭 Fyi, Nyoman Ebeh itu kumpi gue (paman dari kakek gue).","Ijasah tahun segitu aja masih ada loh, ya lali ijazah [PERSON_A] masih dipertanyakan keasliannya sampai sekarang 😭 padahal udha menjabat dua periode","Basi banget tolol apa"" disangkutin ijazah [PERSON_A]",[PERSON_A] eman tolol ya?,3,0,0,1,abusive_language,individual,,explicit
558,keyword_search,dasar tolol,2026-08-10,,Anime Attack on Titan endingnya memuaskan banget menurut gue.,"Bener, penutupan karakternya kerasa pas dan ga dipaksakan sama sekali.",Sayang animasinya di final season agak kaku dikit gara-gara ganti studio.,"Selera lu bertiga emang rendahan kaya babi! Ending sampah ampas gitu dibilang memuaskan, dasar wibu tolol kaga punya otak lu pada mati aja bangsat! 🤮",3,0,0,1,abusive_language,individual,,explicit
559,keyword_search,cowok goblok,2026-08-10,,Main tinder nyari cowok yang bener-bener serius susah banget ya sekarang.,"Isinya fboy semua, ngajak fwb an doang ga ada yang mau komitmen.","Mending cari jodoh di rl aja lewat temen, lebih terpercaya asalnya.","Ya elah muka lu aja kaya asbak warteg kaga ada cakep-cakepnya anjing! Cowok juga mikir kali mau serius sama lonte caper kaya lu, ngaca goblok!",3,0,0,1,abusive_language,individual,,explicit
560,keyword_search,lu babi,2026-08-10,,Pemkot baru aja bikin tugu sepeda harganya 800 juta di sudirman.,"Buat apaan tugu begituan, mending duitnya buat benerin jalan berlubang.",Katanya sih buat narik wisatawan lokal biar pada foto-foto di situ.,"Wisatawan pala lu kotak! Walikotanya emang anjing koruptor bangsat, duit rakyat dicolong buat proyek fiktif tai kucing, mampus aja lu masuk penjara babi!",3,0,0,1,abusive_language,individual,,explicit
561,keyword_search,bacot lu,2026-08-10,,"Baru nyoba sunscreen merk lokal Y, teksturnya lengket banget di muka.","Sama, di gue malah bikin kusam banget pas siang hari luntur kena keringet.",Pake bedak tabur aja abis pake sunscreen biar agak matte finishnya.,"Muka lu berdua emang asalnya buluk kucel anjing! Nyalahin produk padahal kulit lu aja yang kaya badak kaga pernah dirawat, miskin ga sanggup beli mahal bacot doang tai.",3,0,0,1,abusive_language,individual,,explicit
562,keyword_search,anjing lu,2026-08-10,,Wasit pertandingan tadi malem berat sebelah banget ngasih keputusannya.,"Bener, harusnya pinalti malah cuma dapet tendangan bebas di luar kotak.",VAR nya juga kayanya sengaja ga dicek biar tim tuan rumah menang.,"Wasitnya emang anjing disogok bandar judi bangsat! Mata lu buta apa gimana wasit tolol, kaga becus mimpin laga pantes diinjek-injek suporter mampus lu babi! ⚽",3,0,0,1,abusive_language,individual,,explicit
563,keyword_search,bangsat lu,2026-08-10,,Tiket VIP konser grup Z ludes dalam 2 menit doang gila banget.,"Calo merajalela pake bot, promotornya kaga ada sistem filter sama sekali.","Ujung-ujungnya dijual lagi 5x lipat harganya di twitter, parah banget.","Calo-calo bangsat emang pantesnya mati kelindes truk anjing! Manusia sampah kaga mau kerja keras bisanya nyusahin orang doang, semoga duit haram lu jadi penyakit mampus lu!",3,0,0,1,abusive_language,non_protected_group,,explicit
564,keyword_search,anjing lu,2026-08-10,,Game indie Hollow Knight susah banget ngalahin boss nya.,"Mekaniknya emang butuh refleks cepet, gue juga mati belasan kali.",Mending pake charm yang nambahin darah biar ga cepet mati pas kena hit.,"Lu nya aja yang noob goblok kaga punya skill! Main game bocil gitu aja ngeluh susah, tangan lu cacat apa gimana sih anjing mending lu main tetris aja sana tolol! 🎮",3,0,0,1,abusive_language,individual,,explicit
565,keyword_search,goblok lu,2026-08-10,,Bikin steak di rumah kok dagingnya selalu alot ya kaya sandal jepit.,"Kurang lama kali marinasi nya, atau motongnya salah ga berlawanan arah serat.",Apinya juga harus gede pas awal biar juice nya ke-seal di dalem daging.,"Orang miskin kaya lu emang kaga pantes makan steak anjing! Masak telor ceplok aja gosong sok-sokan beli daging sapi, mending lu makan nasi garem aja mampus dasar gembel goblok.",3,0,0,1,abusive_language,individual,,explicit
566,keyword_search,tolol gitu,2026-08-10,,Kenapa sih orang-orang suka nutupin jalan masuk kereta pas di stasiun.,"Iya, harusnya nunggu penumpang keluar dulu baru lu pada masuk.",Egois banget pengen dapet tempat duduk duluan ga mikirin orang lain.,"Penumpang tolol kaya gitu emang otaknya di pantat anjing! Ga pernah disekolahin makanya kelakuan kaya monyet lepas dari hutan, ludahin aja mukanya bangsat!",3,0,0,1,abusive_language,non_protected_group,,explicit
567,keyword_search,bangsat lu,2026-08-10,,iPhone terbaru kameranya ga beda jauh sama seri tahun lalu.,"Apple emang males inovasi, cuma jualan logo apel doang harganya selangit.",Tapi ekosistemnya tetep paling enak dipake sih buat kerja sehari-hari.,"Fanboy apple tolol tukang jilat pantat perusahaan anjing! Udah tau ditipu barang rongsokan malah dibela, otak lu emang udah dicuci pantes idup lu miskin bayar cicilan hape bangsat wkwk.",3,0,0,1,abusive_language,non_protected_group,,explicit
568,keyword_search,pelacur kau,2026-07-20,,Ha sudah.,emg iya dia org indo? napa malaydes nih tiba-tiba mention indo jir wkwkwkw tolol bgt,rupa macam pelacur memang kena la dengan gaya bodoh mak bapa takde ajar jahanam,"maybe yg pelacur mak kau, tengok lah bahasa ank dia pun macam ni awokwkwkwkwkw",3,0,0,1,abusive_language,individual,,explicit
569,keyword_search,belagu emang,2026-08-10,,Motor matic dipakein knalpot racing suaranya sember banget sakit kuping.,Udah gitu bawanya ugal-ugalan di gang sempit kaya lagi balapan.,Kayanya ngerasa keren banget padahal norak diliatnya.,"Jamet-jamet kampungan kaya gitu emang otaknya kaga fungsi anjing! Motor kreditan aja belagu pake knalpot brong, sumpah pengen gue tabrak",3,0,0,1,abusive_language,non_protected_group,,explicit
570,keyword_search,jir tololnya,2025-01-03,,Kejadian di India Tiktokker dirempuh kereta ketika membuat konten,bisa bedain gak sih kereta sama mobil,diserang dik malaydesh😭,"Lu juga tololnya kebangetan jir, dilihat dulu Gausah langsung nyrocos pake ngatain juga goblok malu maluin aja lu",3,0,0,1,abusive_language,individual,,explicit
571,keyword_search,anjing tolol,2026-08-10,,Kaget liat lowongan kerja admin butuh syarat S1 dan pengalaman 3 tahun.,Gajinya pas ditanya ternyata cuma di bawah UMR dikit.,"Jobdesc nya disuruh megang sosmed, desain grafis, sampe bersih-bersih kantor.","Bosnya beneran sakit jiwa anjing kaga tau malu! Modal dengkul mau gaji orang murah tapi kerja rodi, perusahaan gembel kaya gitu mending pecat aja tuh HRD nya tolol",3,0,0,1,abusive_language,individual,,explicit
572,keyword_search,dongo,2026-08-10,,Orang nge-vape di dalem mall tuh mikir ga sih asepnya ganggu orang lain.,Ditegur malah nyolot katanya kan ini uap air doang bukan rokok.,"Uap air mata lu, tetep aja bau kimia nyengat bikin sesek napas.",Manusia ngevape emang egois otaknya isi kebul asep! Sok keren dasar dongo padahal kelakuan kaya babi kaga punya etika,3,0,0,1,abusive_language,individual,,explicit
573,keyword_search,dongok,2026-09-22,,Sebutkan 1 saja negara yg telah sukses mewujudkan masyarakat komunis. Atau setidaknya sudah mendekati masyarakat komunis seperti yg dicita-citakan Karl Marx.,"Kalo udah mencapai masyarakat komunis negara dihapus, dongok","orang bacot doang kritik komunis, ngerti aja kagak😂","Kan kebanyakan gitu, antikomunis rata2 dongok, udah ga paham yg mereka benci, keluarlah pertanyaan aneh berdasarkan keyakinan yg oximoron.",3,0,0,1,abusive_language,non_protected_group,,explicit
574,keyword_search,anjing lu,2026-08-10,,Sekarang banyak abg di tiktok yang self-diagnose kena bipolar.,Sedih dikit langsung ngerasa depresi berat butuh healing.,Padahal ga pernah ke psikiater buat konsultasi resmi sama sekali.,"Abg-abg caper anjing emang otaknya kaga napak tanah! Dikit-dikit mental illness padahal emang lu nya aja yang lemah mental lembek, caper doang nyari validasi",3,0,0,1,abusive_language,non_protected_group,,explicit
575,keyword_search,cacat lu,2026-08-10,,Rank match PUBG malem ini isinya cheater pake auto aim semua.,Nembak dari balik tembok bisa kena headshot gila banget aslinya.,"Report sistemnya ga jalan, developer diem aja ga nge-banned akun mereka.",Cheater miskin emang anjing kaga punya skill main game mending lu mati aja bangsat! Cacat tangan cacat otak lu pada ngerusak game doang dasar manusia sampah tai!,3,0,0,1,abusive_language,non_protected_group,,explicit
576,keyword_search,anjing lu,2026-08-10,,Kasian liat kucing liar pada kelaperan di depan minimarket.,Gue selalu bawa dry food di jok motor buat ngasih mereka makan di jalan.,"Kalo ngasih makan jangan di tengah jalan ya, ntar mereka ketabrak kendaraan.","Sok suci lu pada anjing pahlawan kesiangan! Ngasih makan kucing liar malah bikin lingkungan kotor banyak tai, dasar manusia dongo otak lu setara sama binatang",3,0,0,1,abusive_language,individual,,explicit
577,keyword_search,lu lonte,2026-08-10,,Influencer X bikin giveaway mobil katanya buat followers yang setia.,Udah bisa ditebak yang menang pasti akun bodong temennya sendiri.,Kasian netizen yang udah ngespam komen sampe jutaan tapi ga dapet apa-apa.,"Influencer nipu emang bangsat kelakuannya kaya dajjal! Nyari engagement doang pake cara kotor anjing, moga akun lu kena hack trus lu miskin mendadak mampus lu lonte caper!",3,0,0,1,abusive_language,individual,,explicit
578,keyword_search,orang tolol,2026-03-09,,anjg lu ga cape apa debat tolol sm mereka jir walaupun niat awal gua pengen bikin kesel tp pada akhirnya malah gue yg kesel jir soalnya mereka nih beneran tolol bin dongo bgt gakuat😭😭,bener anying berangkat ribut dengan tekad mau gw kata2in sampe mampus tuh sekutu wowok malah gw yang capek sendiri karena mereka tololnya asli ril nyata beneran yang penting ngomong aja gaada masuk akalnya kata2nya juga ga beraturan anyinggg bener bener,yakannn udh kaya nanganin odgj jir ngobrol sama voters 02😭😭,mau ngeragebait tp yang diragebait nih otaknya ga nyampe malah kaya ngelantur ngomong ngang ngong sesuai rekomendasi keyboard kek orang ga konek sumpah pantes pilihannya ancur orang tolol kabeh kek gada otak,3,0,0,1,abusive_language,individual,,explicit
579,keyword_search,tolol lu,2026-08-10,,Canggu macetnya parah banget ga siang ga malem sama aja.,Bule-bule bawa motor ugal-ugalan pada ga pake baju di jalan raya.,Warga lokalnya juga pada diem aja karena butuh perputaran uang dari pariwisata.,"Pejabat daerahnya emang babi rakus duit anjing! Kaga becus ngurus lalu lintas malah sibuk korupsi doang bangsat, pantes kota lu ancur isinya pemimpin tolol kek lu!",3,0,0,1,abusive_language,individual,,explicit
580,keyword_search,tolol lu,2026-08-10,,Band lawas itu akhirnya reuni dan ngadain tur keliling indonesia.,Sayangnya tiketnya mahal banget ga ramah di kantong mahasiswa.,"Suara vokalisnya juga udah ga se-prima dulu, sering ngos-ngosan pas nada tinggi.","Vokalisnya emang udah aki-aki tolol mending pensiun aja anjing! Suara kaya knalpot bocor dipaksain konser nyari duit buat bayar utang kali bangsat, penipu lu pada tai!",3,0,0,1,abusive_language,individual,,explicit
581,keyword_search,goblok lu,2026-08-10,,Tanaman monstera gue daunnya pada kuning terus layu pelan-pelan.,"Overwatering itu kayanya, akar tanamannya busuk karena terlalu sering disiram.",Coba ganti media tanamnya pake poros yang banyak perlit sama sekam bakar.,"Lu nya aja yang goblok ngerawat tanaman aja kaga becus anjing! Otak lu kaga jalan makanya taneman lu pada mati semua, dasar pembawa sial ",3,0,0,1,abusive_language,individual,,explicit
582,keyword_search,bangsat lu,2026-08-10,,Beli monitor PC online dateng-dateng layarnya retak segede gaban.,Kurirnya banting paket lu pasti pas di gudang sortir.,Udah pake asuransi sama packing kayu belom pas beli? Kalo ngga susah claimnya.,"Kurir ekspedisi emang pada anjing kerjanya ngerusak barang orang doang! Lulusan sd kaga punya etika kerja pantes selamanya jadi kuli gembel lu bangsat, ganti rugi woy tai!",3,0,0,1,abusive_language,non_protected_group,,explicit
583,keyword_search,bego,2026-08-10,,"Udah nunggu 2 jam di halte, busnya ga muncul-muncul",Mungkin lagi macet parah deh di jalan raya,Emang biasanya jam segini padat banget,"Dasar driver bus bego banget, udah di infokan macet malah lewat jalur yang sama terus 🙄",3,0,0,1,abusive_language,individual,,explicit
584,keyword_search,tolol,2026-08-10,,"Gue kalah 3-0 tadi malam, lawan mainnya agresif banget",Wasitnya juga keliatan bias,Gol ketiga itu offside jelas,"Otak wasitnya beneran tolol, udah dikasih VAR masih aja salah keputusan 😤",3,0,0,1,abusive_language,individual,,explicit
585,keyword_search,kontol,2026-08-10,,Event game baru ini drop rate-nya parah banget,Gue udah 50 pull belum dapat yang bagus,Mungkin luck gue lagi jelek,"Dev gamenya kontol banget bikin rate sejelek ini, mending refund aja",3,0,0,1,abusive_language,individual,,explicit
586,keyword_search,tai,2026-08-10,,"Makan siang di kantin kantor, porsinya dikit",Harganya naik lagi bulanan ini,Rasanya juga biasa aja,"Koki kantinnya tai banget masaknya, udah mahal rasa hambar pula",3,0,0,1,abusive_language,individual,,explicit
587,keyword_search,goblok,2026-08-10,,"Review film baru di bioskop, endingnya mengecewakan",Ceritanya loncat-loncat,Aktor utamanya overacting,"Sutradaranya goblok milih plot kayak gitu, buang-buang waktu 2 jam",3,0,0,1,abusive_language,individual,,explicit
588,keyword_search,dongo,2026-09-24,,"lah kan emang miw yg bersabda, dia yg share, gimana dah? ulama yg nentuin juga sama kan kajiannya ga mentah-mentah pikiran ulama, tapi dari kitab dll? apa bedanya?","Kalau membedakan hal sesederhana itu aja blm bs, baiknya perbaiki diri sendiri terlebih dahulu sblm mencela org lain. Naudzubilla min dzalik.","jelasin lah, semua hal juga ada pertanggungjawabannya. lu ngetik gini juga ada pertanggungjawabannya","aowkwk dongo anjir, dulu sama ortu mu dikasih sekolah jelek ya? 😹😹😹🤣",3,0,0,1,abusive_language,individual,,explicit
589,keyword_search,jancok,2026-08-10,,"Timnas kalah lagi tadi, pemain belakang kacau",Pelatihnya masih pakai formasi lama,Fans udah protes dari kemarin,"Pelatihnya jancok banget, otaknya udah buntu dari musim lalu",3,0,0,1,abusive_language,individual,,explicit
590,keyword_search,orang gini,2026-08-10,,"emang agama di indo itu aja ya, itu udah ""Semua"" ya?",konten kebaikan dan harmless aja ttp dicari kesalahannya,"Cari pelampiasan mungkin, irl dia sering disalah salahin. Jadi di sosmed dia pengen nyari kesalahan orang lain😔","Maklum sih orang kek gini tipikal gak punya temen di real life yang kerjaan nya cuma menyendiri mulu gak mau bergaul sama temen, masyarakat dan keluarga maka nya suka caper sendiri di sosmed saking gak punya temen 🤣",3,0,0,1,abusive_language,individual,,explicit
591,keyword_search,sialan,2026-08-10,,"Meeting online 2 jam, bosnya ngomong muter-muter",Point penting cuma 5 menit,Sisanya basa-basi,"Bosnya sialan, buang waktu karyawan buat omong kosong",3,0,0,1,abusive_language,individual,,explicit
592,keyword_search,kasir gila,2026-09-25,,"Beli pembalut di Ind*mart , trus kasirnya cowo, dia bilang "" adeknya masih kecil kok udah menstruasi"" MASIH KECIL NDASMUU !! GUA 24 !!","Pukull anjirrr, lu lempar tuh pembalut ke muka kasir nya",Pengen bgt sebenernya gue lempar 😭 kurang ajar bgt,"Lagian mau masih kecil mau udah gedee juga bukan urusan lu anjirrrr, nyebelin banget jadi kasir gila ☺️☺️☺️",3,0,0,1,abusive_language,individual,,explicit
593,keyword_search,kampret,2026-08-10,,Streamer game ini toxic banget ke viewer,Chat di-ban kalo kritik dikit,Donasi cuma buat yang puji,"Streamernya kampret, egonya lebih besar dari skillnya",3,0,0,1,abusive_language,individual,,explicit
594,keyword_search,asu,2026-08-10,,Makanan delivery dingin dan basah,Driver bilang macet,Seller bilang udah dikemas rapi,"Drivernya asu, packingnya berantakan sampe basah kuyup",3,0,0,1,abusive_language,individual,,explicit
595,keyword_search,lu dodol,2026-08-10,,Oh kak [PERSON_Z] bela LGBT juga dong?? 🤩🤩,Oh kalo dukung political leader berarti harus 100% satu prinsip dan subscribe to their ideals ya?,"Orang-orang modelan kek dia ini dukung [USER_M] krn mau klaim aja kalau [USER_M] sebarisan, sesama muslim gitu. Soal prinsip [USER_M], mereka tau tapi pura2 buta tuli. [USER_M] sendiri jijik lah pasti sama modelan mereka itu.","Gak jelas lu dodol garut. Semua politisi ya seneng lah didukung semua kalangan, gmn sih pemikiran ente ini 😁",3,0,0,1,abusive_language,individual,,explicit
596,keyword_search,bangsat,2026-08-10,,"Konser dibatalkan mendadak, refund ribet",Panitia bilang force majeure,Tiket udah laku keras,"Panitia konsernya bangsat, ambil duit dulu baru batalin",3,0,0,1,abusive_language,individual,,explicit
597,keyword_search,dungu,2026-08-10,,"Review aplikasi e-commerce, checkout error terus",CS bilang clear cache aja,Masalahnya di server mereka,"Dev aplikasinya dungu, bug dari tahun lalu belum dibenerin",3,0,0,1,abusive_language,individual,,explicit
598,keyword_search,bangsat lu,2016-09-22,,"[PERSON_I] sangat terkejut ketika [PERSON_B], anak kiai Jombang yang dihukum penjara karena kekerasan seksual, diam-diam bebas lebih awal. Saksikan video investigasi BBC Eye: [LINK]","Inilah bukti kata-kata Karl Marx kalau agama itu candu dan memabukkan, memabukkan pengikutnya yang ditindas oleh ketidakadilan penguasa supaya pasrah dengan jaminan sorga",kok agama. anjing lu mau bebas? hukum dan orang2 yang bercokol itu lah anjenggg. hukum yang bisa dibeli nyalahin agama. bangsat lu,"Dari tweet itu, kalo kamu bisa mikir, dia ngekritik pengikut yang fanatik buta. Bukan agamanya secara harfiah. Coba ganti dulu nama akunnya. Inget nama itu doa. Bangsat lu",3,0,0,1,abusive_language,individual,,explicit
599,keyword_search,kurang ajar,2026-08-10,,"ngantri vaksin, petugasnya kasar",Bilang “cepet dikit” ke lansia,Antrian berantakan,"Petugasnya kurang ajar banget, ga punya empati sama sekali",3,0,0,1,abusive_language,individual,,explicit
600,keyword_search,bloon,2026-08-10,,"day one jadi buzzer, baru pake opini savage udah dirujak negara tetangga 😭 baru utas pertama, opininya udah dihabisin satu malaysia 😭",Malaysia udah mau jadi negara maju ngapain ngemis beras ke indo😭,"Negara maju dari mana nya tol , sekelas China aj masih di anggap negara berkembang","lah si bloon, US aja ketar ketir lawan china masih dibilang negara berkembang, riset dulu makanya sebelum komentar",3,0,0,1,abusive_language,individual,,explicit
601,keyword_search,tolol,2026-08-10,,"Ga percaya surga neraka, tp msh dia ributin Ga percaya sm larangan-Nya, ga wajib patuh juga, tp msh dia ributin seakan2 terbebani Orang baik krn alasan perintah agama, dikata ga valid Orang mengharap pahala, dikata ""beragama kok pamrih""",orang ga pernah peduli lu percaya surga atau neraka tapi kepercayaan lu pada surga dan neraka malah menganggu hidup masyarakat itulah yg diributan heran hal sesederhana gini saja ga mengerti terlahir dengan kapasitas IQ KERA kah?,"Sya percaya surga neraka, lu kenapa merasa terganggu?","Karena dia tolol gak sekolah, kalay dia gak percaya seharusnya dia gak udah pusing2 ngurusin surga neraka yang org lain percaya",3,0,0,1,abusive_language,individual,,explicit
602,keyword_search,sialan,2026-08-10,,"Servis AC, teknisi bilang perlu ganti part mahal",Setelah dicek cuma kotor,Tagihan tetap tinggi,"Teknisi sialan, sengaja bikin diagnosis palsu biar mahal",3,0,0,1,abusive_language,individual,,explicit
603,keyword_search,bego,2026-08-10,,"Postingan review restoran, makanan basi",Owner balas defensif,Hapus komentar negatif,"Owner restonya bego, mending perbaiki kualitas daripada hapus kritik",3,0,0,1,abusive_language,individual,,explicit
604,keyword_search,tolol lu,2026-03-06,,"🚨Orang-orang sudah mulai panic buying BBM guys, kira kira kira bakal kehabisan nggak ini 😭","gatau kenapa dulu bnyk yg ga suka prabowo beli alat perang, food estate dll, bahkan pas jadi kemenhan aja di serang sama 2 calon tentang pertahanan beli-beli alat perang, sekarang udah mulai keliatan tujuanya buat apa","gasetuju mon maap,beli alat perang buat apaan indo itu non blok,,yg dibeli itu alat2 perang bekas yg udah usang indo ini non blok,negara berkembang jadi focusnya bukan buat ""perang"" food estate juga apa jir,food estate pas doi jadi kemenhan juga gagal orang2 yg panic buying bbm itu orang2 tolol sama tololnya kek orang beli masker 300rb/kotak  pas pandemi","Sama Komen lu juga tolol, bisa bisanya ngomong beli alat perang buat apa.. sumpah tolol bin goblik bgtt lu",3,0,0,1,abusive_language,individual,,explicit
605,keyword_search,lu bego,2026-09-17,,"Intinya gini nih. Pemilih 02 pasti ada disekitar lu dari tetangga lu, saudara lu, dan dilingkungan kerja lu. Terus karena pilihan mereka lu mau cut mereka langsung. Atau lu rangkul mereka untuk bersama² bersatu untuk Indonesia lebih baik?",Bedakan pemilih biasa dan influencer,Apa bedanya masyarakat biasa sama influencer? Mereka sama² manusia ko. Terkadang ada salahnya. Ga ada manusia yg sempurna didunia ini,oke berarti lu bego,3,0,0,1,abusive_language,individual,,explicit
606,keyword_search,kampret,2026-08-10,,"Kelas online, dosen telat 40 menit",Materi copy-paste dari tahun lalu,Absen tetap dihitung,"Dosennya kampret, ga respect waktu mahasiswa sama sekali",3,0,0,1,abusive_language,individual,,explicit
607,keyword_search,tolol,2026-09-22,,"Liat berita di toktok yg bocah a day in mu life itu diarak, anjirr jadi ngeri juga kalo lagi nakal keciduk. Tapi gw mikir dan jadi penasaran kok mereka bisa keciduk gimana ? Sedangkan banyak yg vulgar2 lain aman aman aja tuh ? Ada yg tau ?","Konten dia pake konsep “a day in my life”, niatnya mungkin biar beda dari yg lain. Tapi itu justru yg bikin mereka viral sampe ke lingkungan di luar komunitas lgbt. Kalo video kreator bokep yg lain cuma sebatas viral di komunitas lgbt aja, jadi masih aman.","Dan yg bikin fatal itu outdoor nya sih, yg lain aman karna indoor, kasus julian lah, dia aja ketangkep gara"" outdoor kan ?","sama karena di ngewong sama anak di bawah umur, mana waktu itu ngewongnya pake seragam sekolah. pure tolol sih si j",3,0,0,1,abusive_language,individual,,explicit
608,keyword_search,tolol lu,2026-08-10,,Smart TV gue merk X lemot bener dah.,"Memorinya penuh kali tuh, hapus aja aplikasi ga penting.",Beli android box aja sekalian biar kenceng.,"lu emang tolol dongo gampang diboongin sales anjing, barang sampah dibeli! 📺",3,0,0,1,abusive_language,individual,,explicit
609,keyword_search,gak becus,2026-08-10,,Cukur di barbershop mahal malah dibikin pitak.,Tukang cukurnya magang kali wkwk.,Balik lagi aja minta tanggung jawab benerin potongannya.,"kang cukur tangannya cacat kaga becus kerjanya, mending potong aja tangannya!",3,0,0,1,abusive_language,individual,,explicit
610,keyword_search,babi lu,2026-08-10,,Krim pemutih yang di tiktok katanya nipu ya?,"Merkuri semua itu isinya, bahaya banget.",Banyak abg yang mukanya hancur gara-gara itu.,emang babi kang tipu mending lu mati aja di neraka anjing nyari duit gitu amat!,3,0,0,1,abusive_language,individual,,explicit
611,keyword_search,bangsat lu,2026-08-10,,Knalpot motor racing brisik bgt tiap malem lewat gang.,Jamet caper emang nyari perhatian.,Siram air sabun aja pas lewat depan rumah.,jamet tolol miskin pantesnya dilindes tronton aja mampus lu bangsat!,3,0,0,1,abusive_language,non_protected_group,,explicit
612,keyword_search,anjing lu,2026-08-10,,Top up e-wallet sekarang adminnya naik terus.,"Dikit-dikit narik biaya layanan, serakah banget.",Mending pake m-banking bank langsung gratis admin.,"perusahaan lintah darat anjing, ceo nya babi rakus duit mampus aja lu!",3,0,0,1,abusive_language,individual,,explicit
613,keyword_search,goblok,2026-08-10,,Kurir nganter paket gw ditaro di atas pager ujan-ujanan.,Ga di chat dulu emang sebelum nyampe?,Sering gitu emang kurirnya pada males turun.,goblok kaga punya otak pantes seumur idup jadi babu anjing nyusahin orang!,3,0,0,1,abusive_language,non_protected_group,,explicit
614,keyword_search,dongo,2026-08-10,,Main rank ketemu tim ngetroll pake hero asal-asalan.,Udah minus mental duluan makanya nyampah.,Report aja akunnya ntar juga kena ban.,ampas kaga punya skill mending lu uninstal aja dongo nyusahin orang aja,3,0,0,1,abusive_language,individual,,explicit
615,keyword_search,otak kera,2026-08-10,,Benci bgt liat orang ninggalin dumble berantakan di gym.,Keringetnya juga ga dilap lagi abis pake alat.,Tegur aja ke instrukturnya biar dikasih peringatan.,"manusia tai kaga ada etika, otak lu setara kera",3,0,0,1,abusive_language,non_protected_group,,explicit
616,keyword_search,anjing lu,2026-08-10,,"Kaos official konser harganya sejuta lebih, gila.",Bahannya padahal tipis kaya saringan tahu.,Fomo doang yang beli mending sablon sendiri.,"promotor anjing ngerampok fans doang, semoga bangkrut perusahaan lu tai!",3,0,0,1,abusive_language,institution_policy_idea,,explicit
617,keyword_search,tolol lu,2026-08-10,,Ada orang nge-vape di krl diem-diem.,Asepnya disembunyiin di dalem jaket wkwk.,Tetep aja kecium baunya woi laporin petugas.,"tolol kaga tau aturan, telen asep lu sendiri bangsat biar mampus paru-paru lu! 🚬",3,0,0,1,abusive_language,individual,,explicit
618,keyword_search,gembel,2026-08-10,,Food vlogger ngasih rating 1/10 ke warung pinggir jalan.,Kejam banget padahal rasanya lumayan kok.,Sengaja nyari sensasi itu mah biar rame kontennya.,"gembel kaga ngerti rasa, mulut lu isinya tai pantesan julid",3,0,0,1,abusive_language,individual,,explicit
619,keyword_search,sampah,2026-08-10,,Nelpon cs bank pulsanya abis 50 ribu kaga diangkat.,Mesin doang yang jawab muter-muter.,Emang sengaja dibikin ribet biar orang nyerah komplain.,"sampah pelayanan kaya tai, pada goblok semua kaga becus kerja",3,0,0,1,abusive_language,institution_policy_idea,,explicit
620,keyword_search,tolol lu,2024-11-20,,stop posting template story airpods bedarah itu anjing bikin jijik dan triggering,"lu gak bisa kontrol orang sebanyak itu untuk berhenti ngepost, apalagi mereka just having fun ab it. satu""nya yg bisa lu kontrol adalah diri lu sendiri, dengan skip story mereka, atau sedikit menahan diri untuk nggak nonton story sementara",gimana cara nge skip nya anj?? emangnya cenayang bisa liat story ig tanpa buka jir? tolol,"padahal lu tinggal gausah buka story ig, tolol.",3,0,0,1,abusive_language,individual,,explicit
621,keyword_search,tolol lu,2026-08-10,,Nonton film thriller endingnya ngegantung ga jelas.,Buang-buang waktu 2 jam doang rasanya.,Sutradaranya males mikir kelanjutan ceritanya.,tolol kaga nyampe otaknya anjing mending berenti nulis naskah lu,3,0,0,1,abusive_language,individual,,explicit
622,keyword_search,anjing,2026-08-10,,Temen kantor suka lempar kerjaan pas jam 5 sore.,Alesannya selalu sakit perut atau ada urusan mendadak.,"Jgn mau nerima lah, biarin aja kerjaan dia numpuk.","parasit doang idupnya, tampar aja muka badaknya anjing kaga tau malu!",3,0,0,1,abusive_language,individual,,explicit
623,keyword_search,cowok,2026-08-10,,Chat seminggu asik banget di bumble tiba-tiba ngilang.,Ketemu yang lebih bening kayanya dia wkwk.,Move on aja cowok red flag gitu jgn dipikirin.,cowok kurang ajar kang ghosting pantesan idup lu miris kaga laku,3,0,0,1,abusive_language,non_protected_group,,explicit
624,keyword_search,anjing,2026-08-10,,MUA wisuda gw bikin muka dempul banget kaya mochi.,Pake foundie keputihan kayanya itu ga match undertone.,Minta refund aja kalo fotonya jadi hancur semua.,"tangan kuli kaga bisa dandanin orang, balikin duit gw anjing miskin!",3,0,0,1,abusive_language,individual,,explicit
625,keyword_search,babi,2026-08-10,,Tetangga nyetel dangdut kenceng banget jam 12 malem.,Ga bisa tidur gue besok padahal ujian.,Samperin rumahnya gedor aja pintunya.,"babi kaga punya etika, budek kuping lu anjing berisik bangsattt",3,0,0,1,abusive_language,individual,,explicit
626,keyword_search,anjing lu,2026-08-10,,Pesen ayam bakar di ojol datengnya udah basi berlendir.,Kacau banget warungnya ga ngecek stok makanan.,Kasih bintang 1 aja lgsg di aplikasinya biar kapok.,"kang jual makanan sampah, moga warung lu bangkrut anjing nipu pembeli!",3,0,0,1,abusive_language,individual,,explicit
627,keyword_search,anjing lu,2026-08-10,,Selebtwit [PERSON_B] open donasi tapi laporannya ga transparan.,Duitnya dipake beli iphone baru kayanya wkwk.,Laporin polisi aja itu udah masuk penggelapan dana.,"sampah penipu anjing, duit haram lu bawa mati aja ke neraka bangsat!",3,0,0,1,abusive_language,individual,,explicit
628,keyword_search,goblok lu,2026-08-10,,Anjing pitbull tetangga dilepas ga pake tali ngeri bgt.,Kalo gigit anak kecil baru pada nyaho.,Udah pernah ditegur RT tapi ngeyel terus yang punya.,owner goblok idiot pantesnya lu yang diiket di pohon,3,0,0,1,abusive_language,individual,,explicit
629,keyword_search,anjing lu,2026-08-10,,Ganti oli di bengkel pinggir jalan malah diisi oli palsu.,Mesin motor gw langsung kasar suaranya.,Minta kuras lgsg di bengkel resmi cepetan sblm jebol.,"tukang tipu anjing, moga bengkel lu kebakaran mampus lu tai!",3,0,0,1,abusive_language,individual,,explicit
630,keyword_search,anjing lu,2026-08-10,,Iklan game judol di youtube muncul mulu ga bisa di skip.,Ngeselin abis pake video orang ga ijin lagi.,Pake youtube premium aja biar ga ada iklan.,"bandar anjing ngerusak orang doang, mati aja lu kelindes truk bangsat!",3,0,0,1,abusive_language,individual,,explicit
631,keyword_search,batak oten,2026-08-23,,Orang ini lagi,bruh what it done this before?,"Opini dia kebanyakan rasis dan gak suka agama di luar Islam. Bukan gak suka lagi, benci.","Orang-orang Batak oten kayak kalian ini udah hidup jadi minoritas aja kelakuannya kagak tau diri kayak gini, gimana kalau jadi mayoritas, mungkin bisa jadi kayak kelakuannya warga Israel kali ya, ih amit-amit. Untung lu diciptakan jadi minoritas.",3,0,1,1,hate_speech,protected_group,ethnicity,explicit
632,keyword_search,kafir,2026-08-23,,Lu tu dukung teroris Hamas buktinya PP lo mantan pemimpin Hamas yg udah ketemu 72 bidadari surga,PP lu Tentara Salib yang dipermalukan dan dihancurkan Tentara Islam 9 abad lampau.,Tapi tentara Islam yg lu maksud dah bahagia bersama 72 bidadari surga kan?,"Kafir pikirany sex Mulu, emang oten ini kaum paling munafik dan idhiot. Bahkan lebih idhiot dari binatang ternak",3,0,1,1,hate_speech,protected_group,religion,explicit
633,keyword_search,islam pedo,2026-08-23,,"“Ngaku ateis padahal aslinya malas ibadah.” Lah daripada elu, ngaku teis tapi malas ibadah dan malah rajin melanggar aturan agama.",mereka islam karena males mikir,lu jadi atheis karena malas ibadah dan mau lgbtq+ dinormalisasikan,lo islam karena goblok+ miskin + pedo glazer,3,0,1,1,hate_speech,protected_group,religion,explicit
634,keyword_search,kafir,2026-08-23,,"oke coba buktikan ada manusia bisa naik binatang gaib terbang lintas negara. buktikan manusia ada yang bisa ngomong dengan semut... dua itu dulu deh, aku tunggu penjelasanmu yang paling ilmiah dengan BUKTI...","Buahahaha giliran manusia jadi tuhan di percaya ....eh tuhan ada 3 di imani....sinting lu!!!, gada ilmiah ilmiahnya jika tuhan berkontol. Paham Kris??","gak nyambung blok goblok... yang ngomong/klaim kayak gitu siapa, kamu komplen ke orangnya. ngapain kamu curhat ke saya? saya bukan bapakmu",Kafir kristen sok sok an atheis ...atheis ndas mu jancuk!,3,0,1,1,hate_speech,protected_group,religion,explicit
635,keyword_search,rasis,2026-08-23,,"Ga di Australia ga di Indonesia paling males kalo kerja ama India 🤣 Ga di tempat kerja ga di kuliahan. Paling males ama orang India 🫠 ""Wah rasis nih"" Kalo uda pernah ngerasain pasti tau lah 😅","orang india yang bagus ya ke silicon valley, yang butut ke indonesia 👀",Orang india yang bagus itu yg udh ilang accent indianya. Kalo accent inggrisnya masih pake ta marbuto mah skipp🤣,duh ga juga bang. tetep aja mereka ga punya etika dan rasis.,3,0,1,1,hate_speech,protected_group,ethnicity,explicit
636,keyword_search,bodoh,2026-08-23,,"Kelihatan murahan dan nggak berkelas, maaf bilang. Nggak perlu juga sampai bergoyang-goyang. Sama sekali nggak mencerminkan taraf pendidikannya.","Indon mmg bangsa paling bodoh, setara dgn israel dan india. Geng2 huruf I, I-nya singkatan dari idiot.","Kalau Israel beda lah. Malaydesh setara dengan Bangladesh, Nepal, dan Sri Lanka. Kalau 58% Indon aja ya, kalau 42% mah nggak.","Bahasa mcm alien, orang Indo bodoh ini ckp apa entah. Kelakuannya rempit, terus miskin, terus bodoh, IQ 78, memang pantas dipanggil bibik.",3,0,1,1,hate_speech,protected_group,nationality,explicit
637,keyword_search,rohingya,2026-08-14,,"Warga Aceh menolak ratusan pengungsi Rohingya yang hendak berlabuh pada Kamis (16/11). Pengamat menyebut perubahan sikap warga Aceh ini, lantaran akumulasi pengalaman tidak menyenangkan dari hubungan berinteraksi dengan pengungsi Rohingya selama bertahun-tahun.","Kita marah marah terhadap negara negara di timteng [jordan, mesir] yang gak mau terima pengungsi palestina, eh giliran negara kita didatangin pengungsi rohingya nolak juga. Dengan banyak alasan: susah diatur, gak tau diri dll. Katanya kemanusiaan. Kemanusiaan kok pilih pilih.",Loh kan saudara seiman kok gitu?,"Rohingya 11 12 sama israel. Selain mereka sombong, ga bisa diatur, ada juga kasus pemerkosaan. Lu mau Aceh jadi menderita kayak palestin??? Gw sih ga",3,0,1,1,hate_speech,protected_group,ethnicity,explicit
638,keyword_search,cina babi,2026-08-15,,Proyek IKN jalan terus ngebut biar cepet jadi.,Iya banyak pekerja asing masuk di bagian konstruksi.,Katanya tenaga ahli padahal buruh kasar doang.,"cina babi aseng emang parasit anjing, usir aja ras sipit ini dr indo! 🐷",3,0,1,1,hate_speech,protected_group,race,explicit
639,keyword_search,kaum lgbt,2026-08-15,,Film bioskop baru ada adegan cowok sama cowok.,Udah lolos sensor KPI padahal kemaren.,Makin berani ya kampanye mereka di media terbuka.,"Kaum homoseksual dan LGBT adalah penyakit masyarakat yang menjijikkan, kalian merusak tatanan moral.",3,0,1,0,hate_speech,protected_group,sexual_orientation,explicit
640,keyword_search,kadrun,2026-08-15,,Rame banget kemaren pengajian di alun-alun kota.,Bikin macet jalanan aja ampe malem susah lewat.,Parkir liar di mana-mana bikin emosi yang bawa motor.,"kadrun onta gurun tolol emang nyusahin, agama teroris kerjaannya bikin repot doang bangsat.",3,0,1,1,hate_speech,protected_group,religion,explicit
641,keyword_search,orang idiot,2026-08-15,,SLB deket rumah dapet donasi komputer baru dari pemda.,Wah bagus dong buat ngebantu belajar anak-anak di sana.,Iya kasian mereka butuh fasilitas lebih biar bisa mandiri.,"orang autis idiot ngapain difasilitasin segala anjing, produk gagal mending buang ke panti aja nyusahin!",3,0,1,1,hate_speech,protected_group,disability,explicit
642,keyword_search,betina,2026-08-15,,Banyak cewek sekarang milih childfree ga mau punya anak.,Alesannya sih pengen fokus karir dan kesehatan mental.,Padahal kodrat perempuan kan jadi ibu ngurus rumah tangga.,"Betina yang menolak punya anak itu menyalahi takdir, perempuan selamanya hanya benda yang tugasnya melayani suami.",3,0,1,0,hate_speech,protected_group,gender,explicit
643,keyword_search,rohingya,2026-08-15,,Pengungsi di pesisir nambah lagi kapalnya tadi malem.,Padahal kemaren udah ditolak mentah-mentah sama warga.,Mereka nekat mendarat diem-diem pas subuh.,"rohingya babi laut parasit gatau diri, tembak mati aja imigran bangsat ini biar mampus!",3,0,1,1,hate_speech,protected_group,nationality,explicit
644,keyword_search,papua,2026-08-15,,Ada pengeroyokan di depan terminal tadi pagi subuh.,Siapa pelakunya? Preman pasar situ apa geng motor?,Katanya sih sekelompok pemuda perantau dari timur.,"monyet item papua emang genetik kriminal anjing, sdm jongkok balik aja ke hutan sana asu! 🐒",3,0,1,1,hate_speech,protected_group,ethnicity,explicit
645,keyword_search,kafir,2026-08-15,,Perayaan natal di gereja katedral rame tapi lancar.,Pengamanan dari polisi juga ketat banget di depan gerbang.,Toleransi antar umat mulai bagus di ibukota.,"kaum kafir penyembah patung salib ini tidak seharusnya ada di negara ini, kalian semua penghuni neraka.",3,0,1,0,hate_speech,protected_group,religion,explicit
646,keyword_search,jir tolol banget,2026-06-23,,"Kecewanya selalu dobel kalo liat perempuan yang queerphobic. Hak-hak dasar lo sebagai manusia juga diperjuangkan sedemikian rupa, banyak di antaranya oleh lesbians dan transwomen. Terus bisa-bisanya sekarang ikut-ikutan opresif ke mereka. Gak tau diri banget.",TRANSBENCONG masuk ke toilet wanita itu udah menginjak nginjak hak wanita 🫵🧠🤏😭😂😂😂,Yaudah bikin toilet khusus genderneutral.. Gamau yak?,jir tolol banget. ga update sama isu perbencongan ya lu?? bencong2 LN aja dikasih toilet gender neutral teriak2 diskriminasi segregasi. dikasih event sport inklusif khusus wanita jejadian biar ga merampas gak wanita tulen juga pada ogah krn yg dicari validasi bukan tempat kencing,3,0,1,1,hate_speech,protected_group,gender,explicit
647,keyword_search,bencong najis,2026-08-15,,Lucinta luna operasi lagi katanya ke thailand.,Udah abis miliaran buat permak muka dan badan.,Tetep aja suaranya khodam cowok ga bisa ilang.,"bencong halu waria najis, potong titit doang bangga mampus aja lu LGBT sampah masyarakat!",3,0,1,1,hate_speech,protected_group,sexual_orientation,explicit
648,keyword_search,ras licik,2026-08-15,,Warung kelontong madura buka 24 jam nonstop gila.,Rajin banget mereka nyari duit kaga ada capeknya.,Tapi kadang harganya lebih mahal dikit dari minimarket.,"ras gatau diri tukang carok, orang madura emang licik mending gausah dikasih lapak di mari",3,0,1,1,hate_speech,protected_group,ethnicity,explicit
649,keyword_search,orang cacat,2026-08-15,,Stasiun KRL sekarang wajib ada guiding block di jalurnya.,Buat ngebantu mobilitas temen-temen tunanetra.,Sayangnya sering ketutupan tiang atau lapak PKL liar.,"Orang buta dan cacat fisik itu beban negara, mereka hanya menghambat kemajuan ekonomi orang normal.",3,0,1,0,hate_speech,protected_group,disability,explicit
650,keyword_search,cewek lonte,2026-08-15,,Kasus pelecehan di kereta komuter naik lagi laporannya.,Gerbong khusus wanita aja masih sering kecolongan penumpang iseng.,Padahal udah dijagain satpam di tiap pintu masuk.,"lonte-lonte kegatelan emang pantes dilecehin, cewek murahan bajunya ngundang wajar digrepe asu!",3,0,1,1,hate_speech,protected_group,gender,explicit
651,keyword_search,zionis,2026-08-15,,Turis israil ditolak masuk ke bali kemaren pas di bandara.,Imigrasi udah ketat sekarang cek paspornya.,Baguslah biar ga bikin onar di negara kita.,"zionis yahudi pesek emang ras babi terkutuk, bunuh aja penjajah bangsat ini ga ada sisa!",3,0,1,1,hate_speech,protected_group,religion,explicit
652,keyword_search,jawa,2026-08-15,,Angka urbanisasi ke Jakarta sehabis lebaran lumayan tinggi.,Banyak yang ngadu nasib dari desa ke ibukota.,Kebanyakan dari daerah jawa tengah dan sekitarnya nyari kerjaan.,"Etnis jawa itu memang mentalnya babu dan kuli, mereka hanya datang untuk membuat kota kita menjadi kumuh dan kotor.",3,0,1,0,hate_speech,protected_group,ethnicity,explicit
653,keyword_search,usir bule,2026-08-15,,Bule di canggu pada bikin petisi soal ayam berkokok pagi-pagi.,"Kocak banget, padahal mereka yang numpang idup di desa orang.",Emang pada gatau diri turis kere liburan modal nekat.,"kulit putih bule bangsat emang hobi jajah negara orang, usir aja sampah eropa ini dari indo asu!",3,0,1,1,hate_speech,protected_group,nationality,explicit
654,keyword_search,idiot,2026-09-21,,"lah itu urusan mereka lah. Bukan urusan saya. Negara lu udh mau PUNAH. Kekurangan manusia dan tenaga kerja. Pemerintah kalian membuka lapangan kerja, ya org pada daftar lah. Lu tolol ya? Kalo gk mau ada org asing kerja, ya lu batasin? Bisa gk? Kn gak bisa, krena KALIAN yg BUTUH","Pilihannya cuma 2: lu perkerjakan org luar, atau negara lu kolaps Bego banget sampe sini aja gak bisa mikir","Orang2 Indonesia yang payah itu kan cuma sekumpulan orang malang yang cuma bisa ngelakuin pekerjaan migran bergaji rendah, kan? Negara mereka sendiri itu tempat sialan yang miskin banget dengan ketimpangan yang gila2an, jadi mereka harus ngemis2 di Jepang dan negara2 lain sebagai tenaga kerja murah buat nyari nafkah dan bertahan hidup. Makanya kita nerima mereka, kan? Harus bersyukur, tahu.","Nihonjin idiot, mending kaum lu fokus doa ke kuil shinto. Siapa tau besok para wanita di negara lu tiba-tiba pada mau beranak biar negara lu kagak mampus",3,0,1,1,hate_speech,protected_group,nationality,explicit
655,keyword_search,agama teroris,2026-08-15,,Suara toa masjid deket kosan gue sember banget pecah.,Laporin RT aja minta dikecilin atau dibenerin speakernya.,Takut diamuk warga kalo protes urusan begituan mah sensitif.,"agama teroris emang gatau diri anjing, toa berisik nyusahin orang doang hancurin aja masjidnya bangsat!",3,0,1,1,hate_speech,protected_group,religion,explicit
656,keyword_search,anak cacat,2026-08-15,,Kemaren ada penderita down syndrome dapet medali emas renang.,Keren banget prestasinya di tingkat paralimpiade nasional.,Orang tuanya pasti terharu dan bangga banget ngeliatnya.,"anak cacat idiot dongo menang lomba doang dibanggain, tetep aja sampah ga berguna idup di dunia anjing!",3,0,1,1,hate_speech,protected_group,disability,explicit
657,keyword_search,ras babi,2026-08-15,,Orang india di tiktok kontennya jualan makanan street food mulu.,Pake diobok-obok tangan telanjang tanpa sarung wkwk.,Jorok banget liatnya bikin mual pengen muntah.,"ras vrindavan keling emang menjijikkan, manusia kotor jorok pantesan negaranya bau tai babi! 🤮",3,0,1,1,hate_speech,protected_group,race,explicit
658,keyword_search,lesbi,2026-08-15,,Jalanan Jakarta pagi ini tumben kosong melompong ga ada macet.,"Tadi ada event khusus perempuan di ruas sudirman, jadi kendaraan laki-laki dialihkan semua jalurnya sementara.",Lu gatau sedamai apa jalanan gaada laki MasyaAllah if only tiap hari bisa begini,"Emg lesbi tolol sih ini, kaum cacat logika",3,0,1,1,hate_speech,protected_group,sexual_orientation,explicit
659,keyword_search,yahudi,2026-08-15,,"Berita terbaru dari Gaza hari ini, puluhan rudal kembali menghantam kamp pengungsian sipil saat subuh.","Ya Allah, jumlah korban dari kalangan sipil sama anak-anak terus nambah tiap hari tanpa ada henti.",Mereka sengaja nargetin tenda warga buat ngancurin mental pengungsi di sana. Keterlaluan emang kaga ada nurani.,BIADAB ANJING..BABI YAHUDI ISRAHELL..PENGHUNI KEKAL NERAKA JAHANNAM👹😡😡😡,3,0,1,1,hate_speech,protected_group,religion,explicit
660,keyword_search,bali rasis,2026-08-15,,Viral video warga lokal Bali yang marah-marah ngusir pendatang gara-gara masalah parkir di depan tokonya.,Iya itu ibu penjahit kan? Masalahnya makin gede pas anggota DPD si Arya Wedakarna ikut-ikutan belain warga lokal dan nyudutin pendatang.,"Kasian pendatang dari luar daerah yang kerjanya bener malah dipukul rata dan diusir, padahal mereka bayar pajak juga.","WarLok BALI IBU PENJAHIT RASIS BACOT ANJING !! ma si ARYA RASIS dari DPD BALI , Lo Ber2 mang MANUSIA2 ANJING !! RASIS ma SUKU2 diPULAU JAWA , Mangkanya BALI skr jadi Suku HINA ma Jadi RASIS oleh TURIS2 BULE PEMBAWA MAKSIAT ma PENYAKIT AIDS dari TURIS2 Kaum LGBT .",3,0,1,1,hate_speech,protected_group,ethnicity,explicit
661,keyword_search,homo tolol,2026-08-15,,Rame bgt opini di timeline pada minta normalisasi pernikahan sejenis demi hak asasi manusia.,"Mereka selalu bawa-bawa dalih kebebasan individu, padahal jelas-jelas itu nyalahin aturan agama dan biologi dasar.",Udah dikasih tau resiko penyebaran penyakit menularnya juga tetep aja bebal gamau dengerin nasehat.,"Kaum homo tolol mana mikir, kodrat aja dilawan apalagi cuma sama manusia. Laknat Tuhan aja ga digubris apalagi cuma denger omongan orang normal",3,0,1,1,hate_speech,protected_group,sexual_orientation,explicit
662,keyword_search,rasis,2026-08-15,,Ramai soal streamer Korea di aplikasi chat acak yang rasis banget ngehina-hina orang Asia Tenggara.,"Iya, pas lagi live dia teriak-teriak ngatain muka netizen kita dekil dan miskin, sombong banget dah.","Heran padahal artis mereka dapet untung gede dari fans lokal sini, tapi masyarakat aslinya sering banget mandang rendah kita.","Mereka orang korea itu rasis yang tak tau diri. Udahlah mukanya 99% berbahan dasar plastik dari Indonesia, tapi masih menghina orang Indonesia dan Malaysia 🤣🤣",3,0,1,1,hate_speech,protected_group,nationality,explicit
663,keyword_search,cina bangsat,2026-08-15,,Proyek tekstil yang mangkrak di daerah Jawa Tengah kabarnya mau diambil alih sama pengusaha swasta.,"Iya, infonya bos besar dari grup perusahaan konglomerat lokal di Solo yang bakal nekel semua operasionalnya.","Pengusahanya arogan banget kemaren pas sidak ke pabrik, neriakin pekerja kasar di depan umum pake bahasa kasar.",Cina solo bangsat,3,0,1,1,hate_speech,protected_group,ethnicity,explicit
664,keyword_search,zionis,2026-08-15,,"Dewan Keamanan PBB udah ketok palu buat resolusi gencatan senjata, tapi tetep aja ditolak mentah-mentah di lapangan.","Selama mereka masih di-backing sama negara adidaya, hukum internasional ga bakal ada harganya.",Tadi malam malah fasilitas medis utama di wilayah perbatasan kembali jadi target serangan secara membabi buta.,BAJINGAN ZIONIS BABI,3,0,1,1,hate_speech,protected_group,religion,explicit
665,keyword_search,israel,2026-08-15,,Laporan relawan kemanusiaan bilang jalur masuk bantuan makanan dan obat-obatan masih diblokir total.,Anak-anak di sana udah mulai banyak yang meninggal karena malnutrisi dan dehidrasi parah.,Mereka sengaja bikin warganya mati pelan-pelan karena kelaparan. Ini bener-bener krisis kemanusiaan yang jahat banget.,Israel bangsat,3,0,1,1,hate_speech,protected_group,nationality,explicit
666,keyword_search,homo tolol,2026-08-15,,Seleb TikTok cowok kemaren bikin heboh gara-gara marah ditegur satpam pas peluk-pelukan mesra sama pacar cowoknya di mall.,"Udah jelas itu ruang publik banyak anak kecil seliweran, malah playing victim ngerasa diintimidasi.",Lucunya sekarang dia ngajak followersnya buat nge-cancel mall tersebut dengan alesan ga inklusif dan phobia wkwk.,Makin ksini homo homo makin tolol smua,3,0,1,1,hate_speech,protected_group,sexual_orientation,explicit
667,keyword_search,israel,2026-08-15,,Brand-brand FnB besar yang masuk list boikot emang lagi sepi banget pengunjungnya bulan ini.,"Baguslah, setidaknya ini bentuk empati kita buat neken ekonomi pihak yang pro sama penjajahan di sana.","Ah gue mah ga peduli soal gituan, kemarin abis nongkrong di Sbux pesen kopi favorit pake promo buy 1 get 1 lumayan hemat.","ALAY ANJING, BOIKOT TUH PRODUK YG PRO ISRAEL ANJING",3,0,1,1,hate_speech,protected_group,nationality,explicit
668,keyword_search,kafir,2026-08-15,,ada rencana pembangunan masjid baru di komplek sebelah,warga sekitar lagi rapat bahas izinnya,katanya udah dapet persetujuan RT/RW,"dasar kafir2 semua yg tinggal disini, giliran ada masjid mau dibangun malah pada protes, emg dr sononya udh benci islam",3,0,1,1,hate_speech,protected_group,religion,explicit
669,keyword_search,anjing,2026-08-15,,liburan lebaran kemaren macet parah di jalur pantura,banyak pemudik dari luar kota,katanya th ini lebih rame drpd biasanya,"anjing bgt sih org2 jawa tuh klo mudik norak smua bawa barang segudang, kampungan gapernah berubah dr dulu",3,0,1,1,hate_speech,protected_group,ethnicity,explicit
670,keyword_search,perempuan,2026-08-15,,ada lowongan kerja baru di perusahaan bagian admin,udah buka dari minggu lalu,banyak yg apply katanya,"perempuan tuh emg harusnya di rumah aja urus anak, ga usah maksa kerja kantoran ngerebut jatah laki2",3,0,1,0,hate_speech,protected_group,gender,explicit
671,keyword_search,cacat,2026-08-15,,kampus lagi ada acara pekan budaya minggu ini,ada stand komunitas macem2,salah satunya stand komunitas disabilitas,"org2 cacat kaya gitu ga usah dikasih panggung, ngeliatnya aja udh bikin ill feel, mending diem di rumah aja",3,0,1,0,hate_speech,protected_group,disability,explicit
672,keyword_search,kadrun,2026-08-15,,td ada berita politisi yg ketauan korupsi lagi,udh yg kesekian x kejadian taun ini,rakyat pada geram di komen,"kadrun2 kaya gini emg bangsat semua, makan duit rakyat, gausah dikasih ampun langsung gantung aja di tiang",3,0,1,1,hate_speech,protected_group,religion,explicit
673,keyword_search,homo najis,2026-08-15,,td liat pasangan gay jalan gandengan di mall,rame yg ngerekam & upload,viral banget di socmed,"najis bgt liat org kaya gitu di tempat umum, homo emg penyakit masyarakat yg harus diberantas abis2an",3,0,1,1,hate_speech,protected_group,sexual_orientation,explicit
674,keyword_search,india,2026-08-15,,ada kasus pencurian di pasar tradisional kemaren,pelakunya udh ketangkep katanya,keturunan india katanya orgnya,"emg dasar india2 disini mental maling semua, ga ada yg jujur, harusnya diusir semua dr negara ini",3,0,1,0,hate_speech,protected_group,ethnicity,explicit
675,keyword_search,zionist,2026-08-15,,"Tiba2 hari ini ke spill puluhan list zionist di bali sama lombok beserta bisnis2nya, wait ya guysss masih diluar",LIST BISNIS2 DI ZIONIST BALI/LOMBOK 1. ISRABALI,GOOD NEWS GUYS! Alhamdulillah membuahkan hasil 🫶🏼🫶🏼,EAT SHIT ZIONIST BABY KILLER Israel FUCK YOU ANJING 🖕🖕🖕,3,0,1,1,hate_speech,protected_group,nationality,explicit
676,keyword_search,dasar banci,2026-08-15,,ada acara komunitas trans di taman kota kmrn sore,byk warga yg protes,polisi sampe turun tangan,"banci2 kaya gitu emg harusnya ga usah dikasih ruang publik, bikin risih org normal aja liatnya, dasar sampah",3,0,1,1,hate_speech,protected_group,gender,explicit
677,keyword_search,org buta,2026-08-15,,viral vidio org difabel netra kena tipu online shop,korbannya sampe nangis di vidio,banyak yg simpati di komen,"org buta emg dr lahir udh nyusahin org laen, sekarang kena tipu jg pantes aja gabisa liat dg jelas",3,0,1,0,hate_speech,protected_group,disability,explicit
678,keyword_search,dasar goblok,2026-08-15,,ada demo buruh migran di depan kedutaan kmrn,nuntut hak gaji yg blm dibayar,polisi udh disiagakan di lokasi,"tkw2 kaya gini emg dasar goblok maunya kerja diluar negeri, giliran ditipu baru nangis2 minta tolong, salah sendiri",3,0,1,1,hate_speech,protected_group,nationality,explicit
679,keyword_search,oten,2026-08-15,,td ada jemaat gereja lg ibadah minggu pagi,suara nyanyiannya kedengeran sampe jauh,tetangga sekitar pada komplain,"oten2 emg berisik bgt tiap minggu, ganggu org laen istirahat, harusnya ibadah di dalem aja jgn pake toa segala",3,0,1,0,hate_speech,protected_group,religion,explicit
680,keyword_search,papua,2026-08-15,,ada berita bentrok suku di papua lagi minggu ini,korban jiwa udh ada beberapa,aparat blm berhasil ngendaliin situasi,"org papua emg otaknya primitif dr sononya, ga bisa diajak damai, pantes aja negara laen underestimate indonesia timur",3,0,1,0,hate_speech,protected_group,ethnicity,explicit
681,keyword_search,lesbian,2026-08-15,,ada kabar artis yg baru comeout sbg lesbian,byk yg kaget denger beritanya,fansnya kebagi jd pro kontra,"lesbian2 kaya gini emg dasar kelainan jiwa, harusnya diterapi bukan malah dipuja2 sama fans goblok yg dukung",3,0,1,1,hate_speech,protected_group,sexual_orientation,explicit
682,keyword_search,org begini,2026-08-15,,viral konten tiktok org down syndrome jualan kue,byk yg support beli produknya,omzetnya katanya naik drastis,"org2 begini emg cuma pantes jd bahan kasian2an doang, ga bakal bisa mandiri beneran seumur hidup",3,0,1,0,hate_speech,protected_group,disability,explicit
683,keyword_search,sekte,2026-08-15,,ada sidang kasus penistaan agama minggu ini,terdakwanya dari kelompok minoritas agama,sidang msh berlangsung sampe sore,"sekte2 sesat kaya gini emg pantes dihukum berat, dasar goblok smua pengikutnya ngikutin ajaran ngawur ga jelas",3,0,1,1,hate_speech,protected_group,religion,explicit
684,keyword_search,cewe,2026-08-15,,ada rapat RT bahas calon ketua RT baru,salah satu calonnya perempuan,pertama kalinya ada calon cewe,"mana bisa cewe mimpin RT, urusan rumah tangga aja blm tentu becus, apalagi ngurus warga sekomplek, ga level",3,0,1,0,hate_speech,protected_group,gender,explicit
685,keyword_search,dasar bego,2026-08-15,,ada berita TKI yg meninggal di luar negeri kmrn,diduga krn kerja paksa berlebihan,keluarga korban blm dpt kejelasan,"org2 dr desa emg pantes kena ginian, maunya instan cari duit gede diluar negeri tanpa mikir resiko, dasar bego",3,0,1,1,hate_speech,protected_group,nationality,explicit
686,keyword_search,anak cacat,2026-08-15,,viral foto anak disabilitas ikut lomba lari sekolah,byk yg salut liat semangatnya,video ditonton jutaan kali,"anak difabel kaya gini ngapain jg dipaksa ikut lomba, cuma bikin org laen risih liatnya doang, ga usah dipamerin",3,0,1,0,hate_speech,protected_group,disability,explicit
687,keyword_search,laki bejat,2026-08-15,,ada laporan kekerasan rumah tangga yg viral kmrn,korbannya perempuan pelakunya suami sendiri,warganet pada geram,"ya emg dasar laki2 semua bejat, mental kolot jaman batu, pantes byk yg masuk penjara kelakuan begini",3,0,1,1,hate_speech,protected_group,gender,explicit
688,keyword_search,dasar pamer,2026-08-15,,ada acara vihara yg lg renovasi besar2an,dana renovasinya ratusan juta katanya,jemaat pada iuran rutin,"budha2 emg dasar suka pamer harta lewat agama, giliran org susah minta bantuan gapernah mau nolongin",3,0,1,0,hate_speech,protected_group,religion,explicit
689,keyword_search,dasar arab,2026-08-15,,viral kasus penipuan arisan online minggu ini,pelakunya ketauan keturunan arab,korban udh lapor polisi,"arab2 emg dasar mental dagang licik dr sononya, jgn percaya org kaya gitu, ujung2nya nipu semua",3,0,1,0,hate_speech,protected_group,ethnicity,explicit
690,keyword_search,dasar imigran,2026-08-15,,ada berita anak jalanan yg diusir dari trotoar kmrn,satpol pp yg lakuin penertiban,warga sekitar pada dukung tindakan itu,"org miskin imigran gini emg dasar sampah masyarakat, ngerepotin kota doang, mending diusir smua dr sini biar bersih",3,0,1,1,hate_speech,protected_group,ethnicity,explicit
691,browsing,,2026-08-07,,Sebuah rekomendasi game di 2026 🫣 . Ada game favorit kalian disini?,AWKAWAK MAEN GENSHIN MALAH NYOBA ARMORED CORE YG PENCETAN NYA KEK DAJJAL ITU 🤣,Sama2 game dajjal kan,beda dajjalnya 🥰,3,1,0,0,neither,none,,ambiguous_reference
692,browsing,,2026-07-29,,"Orang marah bukan soal [PERSON_A], bukan soal [PERSON_B]. Tapi soal hukum tata negara, yang secara telanjang dimain-mainkan. Penduduk ratusan juta diperlakukan laksana onggokan daging yang tak dianggap keberadaan dan kesadarannya.",Baru sadar ?,"karena ada kepentingan nya yg terganggu, baru bangun 🤣",Mereka2 yg ikut cuci tangan ..,3,1,0,0,neither,non_protected_group,,ambiguous_reference
693,browsing,,2026-07-29,,"Yang dipermasalahkan itu bukan siapa yang menang, tapi prosesnya yang dianggap tidak transparan.",Waktu rame semuanya diam aja.,Sekarang baru banyak yang bilang harus dievaluasi.,Mereka yang dulu milih diam sekarang paling depan.,3,1,0,0,neither,non_protected_group,,ambiguous_reference
694,browsing,,2026-07-29,,Pelatih bilang rotasi pemain memang sudah direncanakan sejak awal.,Padahal banyak yang ngira pemain inti sengaja disimpan.,Setelah konferensi pers baru kelihatan alasannya.,Pantes tadi pada salah paham.,3,1,0,0,neither,none,,ambiguous_reference
695,browsing,,2026-09-21,,"Ga bisa dipungkiri, cowo baik emang ngebosenin banget ☺️☺️","Semoga kakak dapet cowok yang suka kdrt, buron interpol, kartel narkoba, penjual senjata, bandar human trafficking, tukang jual beli organ hasil nyulik orang 🥰🥰🥰. Biar hidup nya menantang",Wakakaka gw ngakak beneran😂,Asli bang Gedeg dengan pemikiran wanita seperti ini wkwkwkw,3,1,0,0,neither,non_protected_group,,opinion_attack_ambiguity
696,browsing,,2026-07-29,,Tutorial masak rendang pake bumbu instan dong.,"Dih masak rendang kok pake bumbu saset, ga level.","Bumbu asli tuh rempahnya berasa, yang saset rasanya kaya kimia.","ya wajar aja sih namanya juga jalan pintas buat anak kos, ga usah terlalu elitis gitu lah ngerendahin pilihan orang. lagian rasanya lumayan masuk akal kok di lidah.",3,1,0,0,neither,none,,opinion_attack_ambiguity
697,browsing,,2026-07-29,,"Kalah telak 4-0 di kandang sendiri, memalukan.",Pemain bek nya pada ngapain sih bengong doang.,"Kayak patung beneran, ga ada niat ngejar bola sama sekali.","emang ampas banget semalem, fisiknya keliatan udah habis dari menit 60. wajar sih kalo kena bantai tim tamu yang staminanya lebih prima dan agresif.",3,1,0,0,neither,non_protected_group,,ambiguous_reference
698,browsing,,2026-07-29,,Aplikasi belanja oren ini makin berat aja dibuka.,"Iya isinya fitur ga penting semua, game lah, live lah.","Padahal intinya kan cuma buat beli barang, malah dibikin ribet.",inovasi yang sangat luar biasa bukan? bentar lagi kayaknya kita bisa pesen tiket pesawat sekalian booking dokter gigi di satu aplikasi yang sama 🤩,3,1,0,0,neither,institution_policy_idea,,sarcasm_or_irony
699,browsing,,2026-07-29,,sekilas info : indonesia sedang terkenal di dunia atas kemundurannya.,Semoga bisa di angkat jadi negara anak angkat sama negara tetangga,kabur yuk ke dik malay aku sih mau,"ga ah, hidup gw ga bergantung pemerintah juga",3,1,0,0,neither,none,,opinion_attack_ambiguity
700,browsing,,2026-07-29,,Kenapa sih orang timur kalau ngomong ngegas banget.,Emang sdm rendah ga ada sopan santunnya sama sekali.,"Bener, ras mereka emang dari sananya kasar.","stereotip rasis kaya gini yang bikin negara kita ga maju-maju. intonasi bicara tiap daerah tuh emang beda secara kultural, bukan berarti mereka ga sopan atau sdm rendah.",3,1,0,0,neither,individual,,quotation_or_counterspeech
701,browsing,,2026-07-29,,Kucing gue hobi banget gigitin kabel charger sampe putus.,Wah bahaya tuh bisa kesetrum dia ntar.,"Kucing gue dulu juga gitu, bandel banget emang pengen gue sentil.","wkwkwk bungkus pake pelindung spiral aja kabelnya bang. emang kelakuannya suka di luar nalar sih, kadang sepatu juga dijadiin tempat tidur sama dia.",3,1,0,0,neither,none,,ambiguous_reference
702,browsing,,2026-09-21,,"Liat berita di toktok yg bocah a day in mu life itu diarak, anjirr jadi ngeri juga kalo lagi nakal keciduk. Tapi gw mikir dan jadi penasaran kok mereka bisa keciduk gimana ? Sedangkan banyak yg vulgar2 lain aman aman aja tuh ? Ada yg tau ?",ada yg bilang masuk ke medsos monyet,Babi,"Medsos monyet = tiktok, bukan ngejekk",3,1,0,0,neither,institution_policy_idea,,quotation_or_counterspeech
703,browsing,,2026-07-29,,Akhir cerita film terbaru pahlawan super ini bener-bener ga ketebak.,protagonisnya mati kan di endingnya? Oops spoiler wkwk.,"Baru juga mau nonton ntar sore, mulut lu lemes amat.",kelakuan norak kayak gini dapet kepuasan darimana sih? ngerusak hype orang lain tuh sama sekali ga bikin lu keliatan keren atau asik di tongkrongan.,3,1,0,0,neither,individual,,opinion_attack_ambiguity
704,browsing,,2026-09-21,,Sejumlah pria muslim paksa bubarkan ibadah di Tangerang. Mereka siap mati syahid demi Allah utk menutup gereja yg mereka anggap musuh Allah Terbukti negara tdk berguna dlm melindungi warganya sehingga radikalis begini mendapat angin utk persekusi Kredit: di watermark,"Berarti ini slogan doang,,","oknum bro, gw sebagai umat islam aja gak setuju mereka bubarkan umat agama lain",Oknum tp kok banyak bgt yak 😂 makanya lo pd kalo masih waras bantulah basmi org² kyk gini yg ngelecehin agama lo sendiri jgn malah diem doank wkwkw,3,1,0,0,neither,none,,ambiguous_reference
705,browsing,,2026-07-29,,Jalan raya di daerah gue banyak banget lubangnya ga ditambal-tambal.,Bupati lu sibuk main sosmed kali minta atensi.,Anggarannya udah cair tapi masuk kantong pribadi paling.,"positif thinking aja, mungkin sengaja dibiarin berlubang buat ngurangin angka kecelakaan biar orang bawa motornya pelan-pelan. pemda emang visioner abis idenya",3,1,0,0,neither,institution_policy_idea,,sarcasm_or_irony
706,browsing,,2026-07-29,,Silent majority bikin beginian harus pake AI kah wkwkw,"Mana hitam putih lagi, kelam banget",Filosofinya apa tuh kira kira,"Menurut keyakinan saya, biasanya foto begitu tuh cocoknya foto orang wafat.",3,1,0,0,neither,none,,opinion_attack_ambiguity
707,browsing,,2026-07-29,,"Liat deh foto selebgram ini sebelum oplas, buluk banget mukanya.","Hidungnya pesek nyaris ga ada wkwk, kaget liat aslinya.",Operasi habis berapa miliar tuh buat ganti rupa.,"body shaming ngomentarin fisik orang tuh gunanya apa sih? biarin aja hak dia mau ngapain pake uangnya sendiri, ga ngerugiin idup kalian berdua juga kan sbnrnya.",3,1,0,0,neither,none,,quotation_or_counterspeech
708,browsing,,2026-09-21,,"Sejak kapan ada manusia bisa mengukur kadar keimanan manusia lain? Bukankah itu hal prerogatif Allah SWT? Religiusitas itu hubungannya vertikal, biar bisa harmoni secara horisontal ada ajaran yang diberi nama agama.","eii, jadi menurutmu pemimpin yang goblok²in rakyat itu pantas? yg tutup mata atas korupsi dan musibah² yang di alami rakyatnya itu pantas?",Baca konteks gak usah melebar,"ya logika aja, pemimpin dzolim kaya gitu menurutmu pantas?",3,1,0,0,neither,individual,,opinion_attack_ambiguity
709,browsing,,2026-07-29,,Perempuan nyetir mobil pasti lelet banget di tol.,"Bener, otak mereka kan ga didesain buat mikir spasial.",Mending cewek gausah dikasih SIM aja sekalian bikin macet.,"ga usah bawa-bawa gender ngapa, cowok yang nyetir ugal-ugalan trus bikin kecelakaan beruntun juga banyak. skill berkendara itu urusan jam terbang dan ketenangan, bukan jenis kelamin.",3,1,0,0,neither,individual,,quotation_or_counterspeech
710,browsing,,2026-07-29,,Bisa-bisanya kalian tertawa disaat terjadi penyiksaan hebat 😟 Kasihan...😭😭,Gagal fokus dg sendal yg ditinggal di luar kamar 🤣🤣🤣 Kalo ada keluarga yg niat grebek gimana tuh!? Wkwkwk,"Kok ada gitu yang sopan banget lepas sandal,.sepertinya dari ujung wakanda asalnya 😀",Taktik kamuflasenya masih level pemula 😂😂,3,1,0,0,neither,none,,ambiguous_reference
711,browsing,,2026-07-29,,Hujan badai angin kenceng banget di Jaksel sore ini.,Pohon depan kantor gue sampe tumbang nutupin jalan.,Cuacanya emang lagi ekstrem parah belakangan ini.,"mantap, cocok banget nih buat berenang gaya bebas di jalan sudirman. terima kasih alam semesta atas hadiah air bah dan kemacetan paripurnanya hari ini.",3,1,0,0,neither,none,,sarcasm_or_irony
712,browsing,,2026-07-29,,"Ada temen minjem duit melas banget, giliran ditagih pura-pura amnesia.",Di wa ceklis dua doang padahal tiap hari update story jalan-jalan.,"Datengin rumahnya aja langsung, sita barangnya.",gila sih ga tau malu banget kelakuan kayak gitu. mending lu viralin aja di circle pertemanan kalian biar ga ada korban selanjutnya yang dimanfaatin secara finansial sama dia.,3,1,0,0,neither,individual,,opinion_attack_ambiguity
713,browsing,,2026-07-29,,Liat parade kelompok pride di luar negeri pada pake atribut ga jelas.,Emang kaum sodom najis pantesan kena penyakit.,Harus dimusnahin sih penyakit menular kaya gitu.,twit kekerasan yang ngajak musnahin kelompok minoritas kayak gini beneran melanggar aturan platform lho. mau lu ga setuju sama mereka juga ga berhak nyuruh orang dibunuh.,3,1,0,0,neither,individual,,quotation_or_counterspeech
714,browsing,,2026-07-29,,Jangan buang-buang makanan kak Selai kacang setau aku berminyak butuh treatment extra buat bersihin itu,paling gak suka sama orang yg sukanya wasting food kaya gini 😡,Soalnya belum pernah merasakan hidup susah,tanpa harus ngerasain hidup susah pun harusnya tau kalo hal itu gak baik,3,1,0,0,neither,none,,opinion_attack_ambiguity
715,browsing,,2026-07-29,,"Dikiranya di neraka nanti mereka bakal tetep cantik, wangi, independen dan suara sendiri. Dikira nya neraka itu kaya sauna di tempat gym kali yah 😅😅😅 Naudzubillah.",saya perempuan yg hidupnya gak enak tapi lebih milih tinggal di surga. amit2 kekal di neraka. kalo gak suka sama cwo2 misoginis mending banyakin berdoa dijauhkan dari golongan mrk. cita-citaku aja cuma pengen rebahan di surga.,"Padahal cowo"" Misoginis gitu ya bakal ada di neraka gakan ada di surga. Pemikiran cewe"" Pick me kaya dia tuh aneh banget 😄😅😅 Dikira nya neraka itu tempat refreshing kali yah.","Yg ada iblis makin ga ada harga dirinya, terus minta ke Allah buat pensiun dini jadi penggoda manusia 🗿",3,1,0,0,neither,non_protected_group,,ambiguous_reference
716,browsing,,2026-07-29,,"Ka, fyi aja. Laki misoginis banyaknya di neraka. Mau satu neraka sm laki misoginis?",Wkwkwk niat hati mau sok savage. Tapi yg belain dia cuma 1 doang di reply paling atas. 🤣🤣🤣,Lagian lucu. Bisa2nya mau di neraka brg laki misoginis.,Dikiranya di neraka bakal ketemu rias gremory wkwkwk,3,1,0,0,neither,non_protected_group,,ambiguous_reference
717,browsing,,2026-07-29,,udah saatnya stop nganggep semua org temen,Kadang kita terlalu mudah percaya,Akhirnya kecewa sendiri,"ASLI BENER, GAK SEMUA BISA DIJADIIN TEMAN TERNYATA 😭",3,1,0,0,neither,none,,ambiguous_reference
718,browsing,,2026-08-14,,org luar jawa lagi berlibur di jakarta diperlakukan tidak pantas,org jakarta rasis ya ternyata,"Asli, banyakan orang jawa yg rasis. Para orang tua jawa juga banyak yg bilang ke anaknya yg blm nikah ""kalo nikah jangan sama orang betawi atau sunda""",Semua org yang ber suku kek gini bang,3,1,0,0,neither,unclear,,ambiguous_reference
719,browsing,,2026-07-29,,Agak lain memang. Udah tua masih seneng mobil mobilan sama dadah dadahan. Pengawal sampe bingung tu🤣,Dadah ke siapa itu dia?,Ke makhluk halus,Skwkkww sadis,3,1,0,0,neither,none,,ambiguous_reference
720,browsing,,2026-07-29,,Dear warga negara indonesia & warga negara malaysia dipersilahkan🙏🏻,nah oknum nakal kenapa sampai bisa bakar hutan? berarti kan yang digaji pakai fuit rakyat kerjanya ga becus.. ga ada pengawasan yang ketat.,Doi kayanya gak paham soal ini deh bang,Gimana mau paham lah jelas jelas milih nya pejahat ham dan pelanggar konstitusi bang,3,1,0,0,neither,individual,,ambiguous_reference
721,browsing,,2026-07-29,,"Asli ikutan capek baca komennya😭, pada bisa anjir ngetik begitu","Iyaa yaa. Jahat banget ketikan orang2 itu 😭 mana ada yg doain makin parah, ih ya allah jahat bgtt 😭","Tenaganya ada banget, mending luapin ke pemerentah aja","Nahh itu, daripada mendoakan jelek ke sesama rakyat yg tertindas, mending bersatu lawan penguasa dzalim",3,1,0,0,neither,none,,opinion_attack_ambiguity
722,browsing,,2026-07-29,,Katanya semua kritik harus diterima sebagai bahan evaluasi.,"Tapi begitu ada yang kasih masukan soal pelayanannya, langsung defensif.",Padahal komentarnya juga nggak kasar.,"ya jangan gitu lah, orang cuma nyampein keluhan kok.",3,1,0,0,neither,none,,quotation_or_counterspeech
723,browsing,,2026-07-29,,"Jadii infonya, si kakak nya ini naik kereta api dengan kelas ekonomi premium, tapi ada salah satu kursi sebelah nya ini dengerin lagu dangdut Campursarian tanpa pakai earphone/headset dan sepertinya terganggu dengan aktifitas disebelah nya PLISS LAAHH ANOMALI APALAGI INI YAAAA 😭😭🥹🥹",Dipikir naik jet pribadi,Hueehheeh,Jelas dan terang bagaimana kelakuan orang ini setiap harinya.,3,1,0,0,neither,individual,,opinion_attack_ambiguity
724,browsing,,2026-07-29,,"Gunanya gua nyari temen biar menyetujui opini gua buat apa mas? Lagian juga yg ngebuat statement tersebut bukan gua pribadi. Cuitan gua di atas cuman pengen ngasih tau aja bukan cuman orang jakarta yg rasis, tapi orang jawa juga ada yg rasis.","Iya bener, bukan cuma org Jawa yg rasis, tpi org sunda jg ada yg rasis. Sering bgt nemu org sunda banding-bandingin fisik ke Jawa. Intinya mereka kata sunda lebih cakep drpd Jawa..","heran sih gue, padahal org Jawa tuh banyak bgt ya, apa iya org Jawa sebanyak itu jelek semua dan ga ada yg cakep(?) Padahal satu desa di Jawa pun fisik udh beda2, apalagi Jawa yg tersebar di seluruh Indonesia.","Mau kasih tau jg kebetulan gue asli jawa, keluarga gue jg ga pernah sih ngomong begitu ngelarang2 buat nikah sama suku2 tertentu. Namanya jg manusia ya begitu, tiap suku pasti ada aja kok manusia2 yg rasis semacam itu.",3,1,0,0,neither,none,,quotation_or_counterspeech
725,browsing,,2026-07-29,,threading alis MASUK NERAKA ga pake hijab MASUK NERAKA pake hijab tapi tidak menutup dada MASUK NERAKA pake parfum MASUK NERAKA 🤪🤪🤪🤪🤪,Giliran kiyai cabulin santriwati sampe hamil: Allah maha pengampun🥰,Bisa bisanya opini ngarang dan fitnah kaya gini yg like 6000. Otak kalian dimana??,"Nggk usah heran, aplikasi ini memang sarangnya pembenci Islam",3,1,0,0,neither,non_protected_group,,ambiguous_reference
726,browsing,,2026-07-29,,warga sebelah nyalinya gede jirr😭,"Warga sini juga sama sih, cuma ketahan algo yang bapuk aja. Wkwkwk.",real algo sebelah lebih manuk akal,Semoga segera di fix. Sebelum pada kabur.,3,1,0,0,neither,none,,ambiguous_reference
727,browsing,,2026-07-29,,belajar bedain agama sm kepercayaan 🤣 lagian agama yg di akuin di indo udh di foto semua so what ur point?,"yaudah jelasin gih bedanya agama sama kepercayaan tuh apa. lagian kenapa pulak harus ada agama yang diakui dan agama yang tidak diakui negara, masa beragama aja mesti diatur negara",kakak gasemua orang harus jadi edgy dan woke juga gapapa kok... its okay 😔,dikatain edgy dan woke over a basic question😅 tinggal jawab padahal kalo emang bisa jelasin,3,1,0,0,neither,none,,quotation_or_counterspeech
728,browsing,,2026-08-14,,Awalnya mereka cuma beda pendapat soal penggunaan dana acara.,Makin lama malah saling sindir personal.,Gue rasa pembahasannya udah jauh dari poin awal.,makin ke sini makin capek bacanya 😭 balik ke masalah awal aja bisa gak,3,1,0,0,neither,none,,escalation
729,browsing,,2026-08-14,,"Laahhh emang ngga ada yang enak di jakarta mah, rame rame pas dicoba biasa aja, tau dah orang sini pada kenapa, yang gua tau jawabannya cuman 1, bahan bahan di jakarta ini serba mahal, makanya ngga ada yang enak, dr tirta aja berani bilang kalo ngga ada soto yang enak di jakarta","krn pedagangnya jg ud banyak yg perantau sih, fyi ajaah 🤷‍♀️","Mau itu perantau atau akamsi sekalipun, tetep kaga ada yang enak, coba dah keluar kota, pasti lebih enak yang luar kota, udah kebiasa makan makanan yang ngga enak pas keluar kota nyoba makanan biasa doang udah jadi enak","Balik lagi, smua org punya personal taste, di Jakarta mnurut gw ada siomay yang enak dan ngalahin daerah citayem, soto mie juga gak kalah enak sama yang ada di citayem jadi gk bisa asal ngatain aja sih 🤷🏽‍♀️",3,1,0,0,neither,non_protected_group,,opinion_attack_ambiguity
730,browsing,,2026-08-14,,"Bro mengira Jepang itu green flag. Padahal di sana warloknya rasis sama non Jepang especially kulit sawo matang kayak lo. Apa2 mahal lu gaji 35-40 juta aja itu udah pas-pasan ga bisa foya2, pajak gede, makanan sampah semua. Jan ketipu sama orang indo pamer tinggal di Jepang.","aku setuju soal ini. buat yg ngerasa ga pernah di rasisin selama liburan di jepang, ya karena cuma merasa di waktu liburan aja. coba kalau udh ngerasain hidup yg bnr2 di jepang, aku org asing pake jilbab juga bbrp pengalaman saat ngurus berkas di instansi terkait/ bank","Mostly mereka gak pernah ke jepang alias ngarang aja. Di mata mereka Jepang itu sempurna, ga punya sisi gelap. Ini ada mahasiswi asal Malaysia pake jilbab gak sekali dua kali kena rasisin sama warlok, terus ngadu ke gw.","Oalah...lg kerja di jepang, kalo emg ga tahan rasis kenapa ga pulang aja? Gate keeping kah? Wkwkwkw",3,1,0,0,neither,institution_policy_idea,,opinion_attack_ambiguity
731,browsing,,2026-08-14,,"emg ada disitu aku bilang ga tahan rasis ya? aku cuma bagi pengalaman aja selama tinggal disini, biar org tau jepang itu ga seenak yg dibayangin, gajinya ga sebesar yg dikira. kalau aku ga tahan rasis, dr awal ke jepang aku udh buka ni jilbab biar ga dirasisin lagi","Lol, ngapain buka jilbab? Agama no 1 ya ukhti! Kalo ga suka jepang, drasisin, gaji kecil ya mending pulang aja wkwkwk","u bener bener ga nyambung sumpah!😭 kan lu bilang kalau gua ga suka di rasisin knp ga pulang aja? woi!! gua kalau emg ga suka ,UDAH GUA BUKA NI JILBAB BIAR GUA GA KENA RASIS LAGI. tapi kenyataannya smpe skrg GUA TETEP PAKE JILBAB. paham ga sih? artinya ya gua tahan",dengan kerasisan itu! kalimat mana yg gua bilang GASUKA JEPANG? GAJI KECIL? LOL. gua cuma berbagi pengalaman gua selama hidup disini! biar org tau statment tentang JEPANG ANTI RASIS itu ga begitu.,3,1,0,0,neither,institution_policy_idea,,opinion_attack_ambiguity
732,browsing,,2026-08-14,,kalo di bali gua setuju saja sih .. kan dimana dipijak disitu di junjung .. tapi kalo soal yang mengatai rasis itu sangat tidak elok .. dan tidak patut di benarkan sangat mengecewakan bila dia membela seseorang yang RASIS,"Klo Frontline nya adalah Wanita Muslim terus kenapa dia Semarah itu hanya krna make jilbab,, toh mereka bisa menyesuaikan juga kok  dengan baju daerah setempat tpi tetap mempertahankan jilbabnya nya,, kecuali emang situnya punya sentimen terhadap wanita berjilbab wkwk sama aja lu",gak usah standart ganda tong lu ke aceh pake kebaya pake celana pendek juga kena tegur ..,"Terus salahnya dimana njing Aceh larang org pke celana pendek,,non muslim banyak tinggal disana ga ada tuh yg pernah protes cuma Perkara dilarang pke celana pendek,,, emang lu aja punya sentimen dengan wanita berjilbab hahaha Klo lu SARA ngaku aja wkwkwk",3,1,0,0,neither,institution_policy_idea,,opinion_attack_ambiguity
733,browsing,,2026-08-15,,guys kalo kalian belum tau ini namanya pacaran sama cowo provider ya bukan MOKONDO heheh🙏🏻,Berat juga ya standar buat dianggap cowo provider kudu tf tf ke ceweknya gini. Congrats deh.,"wanita Fakir sih, sampai harus ngemis begitu provide bagi dia uang karena , ada kok wanita yang ngga butuh di provide duid bwang","Astaga perempuan ketikannya jahat amat, if he wanted he would. Pernah juga deket sama cowo yang sering tf tiba2 ga diminta, dan dia ga ngemis loh itu",3,1,0,0,neither,none,,quotation_or_counterspeech
734,browsing,,2026-07-29,,"Jadi, ada orang bali yang menginfokan kalau dia mengalami pencurian PS 5 sebanyak 2 unit yang dilakukan oleh WNA Aljazair Tapi, komen yang didapatkan tidak sesuai dengan ekspektasi, coba kalian baca sendiri gimana komennya...",emg aneh si persyaratan warlok sama bule beda y gitu jdinya,"eh ini bener, banyak cerita kalau persyaratan buat bule terlalu gampang, bahkan ga perlu identitas yg penting duitnya dollar","Padahal kalo emang takut kecuri ya tinggal pake syarat yang sama ke bule biar ga muncul stigma negatif dan Rasis, eh malah ngeliatin banget rasisnya dgn memudahkan syarat bule wlwk",3,1,0,0,neither,non_protected_group,,opinion_attack_ambiguity
735,browsing,,2026-08-14,,"mediasi kok malah berat sebelah?? malah jadi korban yang di pojokin, ini mah intimidasi bukan mediasi lagi 🤬",Lha kalau di tutup kan bukan salah mbak ya. Ya kenapa ibuknya being racist ? 😄 Kenapa gw ga paham sih sama cara berpikir otaknya,"udah rasis, ngancem mbaknya lagi","Orang2 rasis gini kalo di marahin jadi playing victim, mirip zionist",3,1,0,0,neither,institution_policy_idea,,opinion_attack_ambiguity
736,keyword_search,setan,2026-08-14,,Kalian punya hts blasteran ga? Setengah indo setengah hari hilang ga ngabarin,"gua punya si,cuma hts gua aga beda. Stengah setan stengah b*bi😭",Ko babiiii,"Abis prilaku nya mirip begituan,horor banget",3,1,0,1,abusive_language,individual,,ambiguous_reference
737,keyword_search,sdm rendah,2026-08-10,,"Gini amat lu,ntong.. Ntar diborgol nanggis bombai😂","Bego lu mau di hujat lagi,, cuma di minta 5rb atau 2rb,, pake minta karcis, cuma kasi apa susah nya lo,, udh lo kasi goceng ke tk parkir,, gua ganti ni tolol 50rb uang lo nih paraninn",Si [USER_A] ini keknya keluarga tukang parkir itu deh… Keluarga preman.,"SDM rendah mang gitu, paling paling nanti jadi relawan ormas.",3,1,0,1,abusive_language,individual,,opinion_attack_ambiguity
738,keyword_search,repot juga,2026-08-10,,Nyoba puasa 20 jam sehari buat nurunin berat badan ekstrim.,Ga lemes emang badan lu kurang asupan kalori?,Kata [PERSON_Z] bagus buat detox usus biar bersih.,ya kalau semua omongannya langsung dipercaya mentah2 begini ya repot juga... yg dengerin ikut kena 😭,3,1,0,1,abusive_language,individual,,opinion_attack_ambiguity
739,keyword_search,maklum,2026-08-10,,Pake serum vitamin C merk B kok muka malah perih merah-merah.,Ngga cocok kali skin barrier lu belum kuat.,Tapi adminnya bilang emang gitu reaksi awalnya harus ditahan.,reaksi awal katanya... terus customer disuruh maklum terus dari awal sampe akhir,3,1,0,1,abusive_language,individual,,opinion_attack_ambiguity
740,keyword_search,keliatan juga,2026-08-10,,API twitter sekarang bayar mahal banget ga ngotak.,Iya padahal dlu ngasih akses gratis buat developer kecil.,[PERSON_E] emang nyari untung doang ga mikirin komunitas open source.,ujung2nya keliatan juga mana yg beneran mikirin proyeknya sama mana yg cuma ngejar angka,3,1,0,1,abusive_language,individual,,opinion_attack_ambiguity
741,keyword_search,repot kalian,2026-08-10,,Koin kripoku nyangkut di pucuk nih rugi jutaan.,Hold aja bentar lagi juga mantul naik ke atas.,[PERSON_T] di youtube bilang bakal to the moon minggu depan.,yg begini masih dipercaya lagi wkwk... giliran targetnya meleset yg repot kan kalian sendiri,3,1,0,1,abusive_language,individual,,sarcasm_or_irony
742,keyword_search,hoki terus,2026-08-10,,Gacha 80 pull kaga dapet karakter banner sama sekali.,Ampas banget luck lu bro kurang sedekah.,Padahal dia dapet cuma modal 10 pull doang,"nah kalau begini mah enak banget ya, tinggal hoki terus dianggap normal 😭",3,1,0,1,abusive_language,individual,,opinion_attack_ambiguity
743,keyword_search,kayak gini,2026-08-10,,Chapter terbaru manga ini jelek banget artnya berantakan.,Mangakanya lagi sakit kayanya jadi asistennya yang nggambar.,Kalo sakit mending libur aja drpd maksa rilis hasil sampah.,"udah dikasih terus masih nuntut begini begitu, lama2 capek juga ngadepin yg kayak gini",3,1,0,1,abusive_language,non_protected_group,,opinion_attack_ambiguity
744,keyword_search,model begini,2026-08-10,,Nungguin gofood sejam kaga jalan-jalan di map.,Abangnya lagi neduh kali di pos satpam ujan gede.,Tapi di wa kaga dibales sama sekali diread doang.,"ya pantes orang males ngandelin yg model begini, ditungguin malah ilang",3,1,0,1,abusive_language,individual,,ambiguous_reference
745,keyword_search,kehilangan arah,2026-08-10,,Ending series ini bener-bener anti klimaks banget woi.,Villain utamanya mati gampang banget dipukul sekali.,Penulis skenarionya kehabisan ide pasti di episode akhir.,makin ke sini malah makin keliatan siapa yg udah kehilangan arah,3,1,0,1,abusive_language,individual,,opinion_attack_ambiguity
746,keyword_search,orang males,2026-08-10,,Bos gue minta kirim laporan keuangan jam 9 malem.,Ga liat jam apa ya orang udah mau tidur besok ngantor pagi.,Kalo kaga dikirim ntar besok di-sp bilang ga perform.,kalau tiap hari begini terus ya wajar orang akhirnya males bertahan lama di sana... besok tinggalin aja sekalian,3,1,0,1,abusive_language,individual,,opinion_attack_ambiguity
747,keyword_search,pasaran lagi,2026-08-10,,Ibu kos tiba-tiba naikin harga 300rb bulan depan.,Ga ada fasilitas yang ditambahin padahal ac aja sering mati.,Katanya ngikutin harga pasaran kosan daerah sekitar.,"harga segitu mah bukan ngikut pasaran lagi, udah kayak nyari orang buat nombok hidup sendiri",3,1,0,1,abusive_language,individual,,opinion_attack_ambiguity
748,keyword_search,tinggal percaya,2026-08-10,,Checkout kemeja di tiktok shop nyampenya kain lap kotor.,Tokonya ga ada ratingnya kali lu nekat beli aja fomo.,Ada rating bintang 5 padahal di ulasan fotonya bagus.,"pantes gampang naik kalau isinya begini semua, yg beli tinggal percaya angka doang tanpa ngecek lagi",3,1,0,1,abusive_language,individual,,opinion_attack_ambiguity
749,keyword_search,mainnya keliatan,2026-08-10,,Cowok gue hapus history chatnya rutin tiap malem hari.,Wah red flag banget tuh ati-ati main belakang dia.,Katanya sih biar memori hapenya ga penuh doang wkwk.,alasan begini masih dipercaya juga... padahal dari dulu pola mainnya udah keliatan 😭,3,1,0,1,abusive_language,individual,,ambiguous_reference
750,keyword_search,dibela terus,2026-08-10,,Striker baru tim kita harganya mahal tapi ga pernah golin.,Mainnya lemes banget kaya kaga dikasih makan di lapangan.,Fansnya pada ngebela bilang butuh adaptasi iklim asia.,adaptasi terus sampai kapan? kalau tiap penampilan dibela dengan alasan yang sama ya susah mau jujur soal performanya,3,1,0,1,abusive_language,non_protected_group,,opinion_attack_ambiguity
751,keyword_search,kena imbasnya,2026-08-10,,Jalan tol layang mbz macet total siang ini brenti total.,Ada yang kecelakaan beruntun kayanya di depan sana.,Makanya pada jaga jarak dong kalo bawa mobil di atas ngeri bgt.,"kalau tiap bawa kendaraan masih begini terus, ya tinggal nunggu orang lain ikut kena imbasnya",3,1,0,1,abusive_language,non_protected_group,,escalation
752,keyword_search,begini nih,2026-08-10,,Laptop merk A gampang banget overheat padahal baru beli kemaren.,Kipasnya kecil kayanya ga nahan suhu prosesornya.,Reviewer di youtube bilang adem-adem aja tuh buat gaming.,"yg begini nih kalau ternyata ada kerja sama di belakang layar, terus kita disuruh percaya mentah2 lagi",3,1,0,1,abusive_language,individual,,ambiguous_reference
753,keyword_search,dibiarkan begini,2026-08-10,,Anak tetangga nangis kejer tiap jam 2 pagi brisik.,Emaknya kaga bangun apa denger anaknya nangis sekenceng itu.,Dibiaran aja kayanya biar berenti cape sendiri.,kalau dari awal dibiarkan begini ya jangan heran kalau orang sekitar akhirnya ikut turun tangan,3,1,0,1,abusive_language,individual,,opinion_attack_ambiguity
754,keyword_search,kejadian begini,2026-08-10,,Promotor nyediain tenda medis dikit banget pas festival kemaren.,Banyak yang pingsan kepanasan ga dapet oksigen cepet.,Panitianya pada lepas tangan ngilang ga mau disalahin.,udah kejadian begini masih pada ngilang juga... tinggal lihat nanti siapa yg akhirnya harus bertanggung jawab,3,1,0,1,abusive_language,non_protected_group,,escalation
755,keyword_search,orang males,2026-08-10,,MUA langganan gue harganya naik 2 kali lipat sekarang gila.,Mentang-mentang habis viral di tiktok jadi sombong nembak harga.,Padahal alat makeup nya masih pake merk yang murah.,"kalau isinya cuma begini tapi harganya segitu, lama2 orang juga males balik lagi",3,1,0,1,abusive_language,individual,,opinion_attack_ambiguity
756,keyword_search,orang males,2026-08-10,,Nginep di villa X bali ternyata horor banget banyak kecoa.,Di fotonya bersih banget aesthetic gitu instagramable.,Pas komplain ke resepsionis malah disuruh maklumin soalnya nyatu sama alam.,"ya kalo pola pikirnya begini terus, jangan heran orang pada males balik lagi... ngomongnya juga bikin geleng2 kepala",3,1,0,1,abusive_language,individual,,opinion_attack_ambiguity
757,keyword_search,masih ngotot,2026-08-10,,Bassist band Z kemaren manggung mabok parah sempoyongan.,Kunci nadanya lari semua bikin hancur lagu kaga sinkron.,Fansnya tetep aja teriak-teriak histeris ngebela idolanya wkwk.,"udah dikasih penjelasan masih aja ngotot, makin rame makin keliatan yg mana yg cuma ikut2an 😭",3,1,0,1,abusive_language,non_protected_group,,opinion_attack_ambiguity
758,keyword_search,nunggu begini,2026-08-10,,Youtuber konten prank itu ketangkep polisi akhirnya.,Prank ngasih sembako isi sampah beneran kelewatan batas sih.,Nangis-nangis minta maaf pas preskon pake baju oren.,"baru begini aja langsung berubah nada... konsisten dikit kek, jangan nunggu begini dulu baru sadar",3,1,0,1,abusive_language,individual,,escalation
759,keyword_search,cuma begini,2026-08-10,,Bawa anjing gue ke klinik Y malah makin parah mencretnya.,Salah diagnosa kali dokternya kurang pengalaman nanganin kasus.,Malah disuruh tebus obat mahal banget sejutaan kaga ngefek.,oke udh aku minta catatan komunitas. semoga aja kena tu orang biar ga bisa diduitin,3,1,0,1,abusive_language,individual,,ambiguous_reference
760,keyword_search,tu orang,2026-09-25,,sumpah kalo lo merasa aneh dengan video ini tandanya otak lo yg kena. apanya yg aneh dari video ini anjir? berobat plis,"rnb aja plis akunnya. marah banget liat captionnya. dia yg otaknya jorok, bisa2 gurunya yg kena masalah karna tweetnya rame","ga akan kena, karena emang ga ngelanggar aturan. cenblu kek gini kapoknya klo kena community notes yg bikin post mereka ga bisa dimonetize. sayangnya di Indo masih pada ga paham cuma maen report doang","awal2 dibikin gampang, pas udah masuk malah rasanya kayak gak ada jalan keluar... kapok deh sama yg model begini",3,1,0,1,abusive_language,non_protected_group,,ambiguous_reference
761,keyword_search,keliatan juga,2026-08-10,,Kang foto prewed gue ngilang bawa kabur dp 5 juta.,Udah lu laporin polisi belom tuh penipu berkedok fotografer.,Kontaknya diblokir semua ig nya juga diapus ga bisa dihubungin.,"nah kalau ujungnya begini, keliatan juga siapa yg dari awal gak punya itikad baik",3,1,0,1,abusive_language,individual,,opinion_attack_ambiguity
762,keyword_search,makin keliatan,2026-08-10,,Subtitle indonesia di film ini kacau banget grammar nya berantakan.,Pake google translate doang kayanya ga diedit lagi manual.,Kualitas netflix makin turun parah malesin langganan.,"makin ke sini makin keliatan mereka cuma ngejar angka, soal kualitas belakangan",3,1,0,1,abusive_language,non_protected_group,,opinion_attack_ambiguity
763,keyword_search,orang capet,2026-08-10,,"Gue baru liat video itu, kok bisa-bisanya orang kerja di kantor tapi main HP mulu pas meeting.","Iya sih, tapi mungkin lagi darurat. Jangan langsung ngejudge.",Darurat apaan? Udah sering banget dilaporin sama bos.,"kalau tiap ada kerjaan ujung2nya minta kelonggaran terus, ya lama2 orang juga capek ngadepin pola yg sama",3,1,0,1,abusive_language,individual,,escalation
764,keyword_search,keputusan begini,2026-08-10,,"Tim kita kalah lagi gara-gara wasit, sumpah ngasal banget keputusan tadi.","Wasit emang sering salah, tapi pemain kita juga blunder parah.","Blunder sih, tapi yang bikin kalah ya wasitnya.","kalau keputusan penting begini aja masih bisa lewat, ya susah bilang semuanya fair dari awal",3,1,0,1,abusive_language,individual,,opinion_attack_ambiguity
765,keyword_search,masih lanjut,2026-08-10,,"Fandom sebelah lagi ngegas di timeline, claim achievement idol mereka padahal flops.","Biarin aja, mereka emang gitu. Jangan diladenin.","Tapi ganggu banget, bikin berisik.",udah dikasih tau masih lanjut juga... kayak gak ngerti kalau ada orang lain di sekitar,3,1,0,1,abusive_language,individual,,ambiguous_reference
766,keyword_search,kerja begini,2026-08-10,,Meeting tadi boss bilang project kita molor karena ada yang telat submit.,Siapa sih yang telat? Gue udah kirim dari kemarin.,"Kayaknya si [PERSON_B] deh, dia emang sering.","ohh pantes... pola kerja begini lagi begini lagi, ujung2nya nama sendiri yg dibawa tapi salahnya dilempar ke orang lain 😤",3,1,0,1,abusive_language,individual,,ambiguous_reference
767,keyword_search,kayak gitu,2026-08-10,,"Gue liat postingan dia soal gaji, kok bisa sombong banget padahal kerjaannya biasa aja.","Mungkin lagi flexing doang, biarin.",Tapi kesannya nyindir orang yang gaji lebih kecil.,"ya kalau ngomongnya kayak gitu wajar orang nangkepnya ngerendahin, gak semua hal harus dipamerin juga 😒",3,1,0,1,abusive_language,individual,,opinion_attack_ambiguity
768,keyword_search,keliatan ngaco,2026-08-10,,"Pertandingan tadi wasitnya beneran bias, kartunya cuma dikasih ke tim kita.","Iya, tapi pemain kita juga kasar.","Kasar sih, tapi wasitnya lebih parah.","yang ini sih susah dibela... keputusan dari awal aja udah keliatan ngaco, masih mau bilang biasa aja? 😡",3,1,0,1,abusive_language,individual,,opinion_attack_ambiguity
769,keyword_search,kerjaan begini,2026-08-10,,"Anak buah gue lagi minta cuti mendadak, padahal lagi peak season.","Kasih aja deh, siapa tau emang urgent.","Urgent apaan, kemarin juga cuti.","baru dikasih sedikit kerjaan udah begini lagi, kalau tiap ada urusan dikit langsung ninggalin ya gimana mau diandelin 🤦‍♂️",3,1,0,1,abusive_language,individual,,opinion_attack_ambiguity
770,keyword_search,paling ngerti,2026-08-10,,"Dia bilang dia expert di field ini, tapi presentasinya berantakan banget.",Mungkin nervous aja.,Nervous sampe data salah semua?,"katanya paling ngerti bagian ini, tapi pas maju malah satu2nya yang harus dibenerin semua",3,1,0,1,abusive_language,individual,,opinion_attack_ambiguity
771,keyword_search,penuh sampah,2026-08-10,,Fandom kita lagi diserang sama akun-akun random yang nyebar hoax.,"Biarin, nanti juga hilang sendiri.",Tapi udah nyebar ke mana-mana.,"kalau tiap nemu potongan begini langsung disebarin ya wajar timeline penuh sampah, baca dikit aja nggak mau",3,1,0,1,abusive_language,non_protected_group,,opinion_attack_ambiguity
772,keyword_search,kelihatan ngomong,2026-08-10,,"Gue baru tau dia nge-fake skill di CV, padahal pas interview kelihatan banget.",Serius? Kok bisa lolos ya.,HR-nya juga ga teliti kali.,"skillnya cuma kelihatan pas ngomong, begitu dicek lebih jauh ternyata ya... gitu deh 😂",3,1,0,1,abusive_language,individual,,opinion_attack_ambiguity
773,keyword_search,keliatan sibuk,2026-08-10,,Postingan dia soal “kerja keras” tapi tiap hari pulang cepet.,Mungkin dia udah selesai task-nya.,"Task apaan, dia cuma numpang duduk.","dari tadi keliatan sibuk, tapi hasilnya mana? muter-muter di tempat yang sama terus",3,1,0,1,abusive_language,individual,,ambiguous_reference
774,keyword_search,bikin bingung,2026-08-10,,"Timnas kalah lagi, pelatihnya masih aja dipercaya.",Pelatih baru juga ga otomatis bagus.,Tapi hasilnya udah kelihatan jelek.,"strateginya dari awal udah bikin bingung, main seolah gak ada opsi lain sama sekali",3,1,0,1,abusive_language,individual,,opinion_attack_ambiguity
775,keyword_search,asbun,2026-08-10,,Kok ada ya orang tua yang mau anaknya pengobatan kek gini ???? Jatohnya kaya engengkol kompresor bjir😭,NGASAL BGT JIR DIPUTER2 GITU LU KIRA BARANG KAH😭 bener2 warganya harus diedukasi sihh. malpraktek ini mah ngeri bgt,tau kan kenapa [PERSON_P] menang? 👉👈,Koplak apa hubungannya dg [PERSON_P] ?? Benci boleh asbun jangan,3,1,0,1,abusive_language,individual,,opinion_attack_ambiguity
776,keyword_search,omongan sampahnya,2026-08-10,,"udah di hujat habis""an sama negara Malay n Brunei, sekarang di roasting video jadi b4bi sama warga Brazil.. GUE KALO [PERSON_P] NANGIS MALU BANGET INI.. TITIK TERENDAH SEORANG PRESIDEN","Justru yang ada dipikiran [PERSON_P] tuh malah: ""Negara lain iri dengan saya, makanya mereka jadi meledek saya. Saya terlalu hebat di mata mereka dan mereka tidak akan bisa menandingi saya. Nilai 100 milik Yang Maha Kuasa, saya 99 nya"" 🤯",udah hapal banget kamu ya sama tu npd😭,Saking sampahnya semua omongan dia jadi gampang banget ditebak 😭,3,1,0,1,abusive_language,individual,,opinion_attack_ambiguity
777,keyword_search,otak,2026-09-21,,Suka make-up nya tapi gak suka adap pengantin nya......,"Kenapa ya ? Kenapa kebanyakan perokok sll ngerokok dimana aja? Kayak gak bisa nanti gitu pas gak ngapa2in? Naik motor ngerokok, lagi nguli ngerokok, ngising aja ngerokok",otak bagian depan mereka udh gak bisa bedain mana tempatnya ngerokok dan bukan tempatnya ngerokok,emang mereka ada otak? 🗿,3,1,0,1,abusive_language,non_protected_group,,ambiguous_reference
778,keyword_search,keliatan sendiri,2026-08-10,,Review produk dia di YouTube isinya cuma nyela kompetitor.,"Ya wajar, dia endors.","Tapi kebangetan, sampe fitnah.","kalo sampe bawa cerita sejauh itu cuma buat ngejatuhin orang, ya udah keliatan sendiri arahnya",3,1,0,1,abusive_language,individual,,opinion_attack_ambiguity
779,keyword_search,kejadian terus,2026-08-10,,"Anaknya lagi tantrum di mall, orang tuanya cuma diem aja.",Mungkin lagi capek.,Capek sampe ga ngurus anak?,dibiarin aja terus pas udah kejadian baru ribut 🤦‍♂️,3,1,0,1,abusive_language,individual,,ambiguous_reference
780,keyword_search,katanya ngerti,2026-08-10,,"Dia bilang “gue paling jago di divisi ini”, tapi error-nya paling banyak.",Mungkin lagi pewe.,Pewe sampe bikin rework semua?,"katanya paling ngerti, ujungnya tetap orang lain yang ngerjain ulang 😂",3,1,0,1,abusive_language,individual,,opinion_attack_ambiguity
781,keyword_search,makin keliatan,2026-08-10,,Live streaming dia isinya cuma ngegas fans dan ngejek fans lain.,Emang kontennya gitu.,Tapi udah keterlaluan.,"makin lama makin keliatan, isinya cuma sinis tapi pas ditanya kosong",3,1,0,1,abusive_language,individual,,opinion_attack_ambiguity
782,keyword_search,halah tod,2026-09-21,,Ya Allah.. Demi dinasti politik ampe segitunya,ngasih solusi kaga nyusahin korban iya,Lah kemana aja blok? Mereka dtg membawa sesuatu loh. Gak ngebacot kaya elu dan kaum2 elo,Halah tod masih aja percaya ama keluarga iblis muka dua,3,1,0,1,abusive_language,non_protected_group,,ambiguous_reference
783,keyword_search,polanya begitu,2026-08-10,,"Temen sekelas gue nyontek terus pas ujian, tapi nilainya lebih tinggi.",Dosennya ga sadar kali.,Udah sering dilaporin juga.,"polanya dari dulu begitu, masih berani bawa nama orang lain seolah bersih 😤",3,1,0,1,abusive_language,individual,,escalation
784,keyword_search,kaum dosa,2026-08-10,,"Saat pintunya di dobrak, posisi ngangkang celana melorot 🥴",Lahh sama permpuan boleh berzinah kata nya wkkwkwk,"Bukan memperbolehkan, klo dibilang sama² dosanya ya mending sama cewe",Kaum pemilih dosa malah sok menghakimi,3,1,0,1,abusive_language,non_protected_group,,opinion_attack_ambiguity
785,keyword_search,ngerendahin lain,2026-08-10,,"Dia claim “gue support semua tim”, tapi cuma ngegas tim lawan.",Biasa fans gitu.,Tapi kebangetan.,"katanya dukung, tapi tiap muncul malah sibuk ngerendahin yg lain. dukungan model apa tuh",3,1,0,1,abusive_language,individual,,quotation_or_counterspeech
786,keyword_search,ngejatuhinnya,2026-08-10,,Review makanan dia isinya cuma nyela restoran lokal.,Ya selera orang beda.,Tapi caranya kasar banget.,"kalau cara ngomongnya begini terus, yg kebaca bukan kritiknya tapi niat ngejatuhinnya",3,1,0,1,abusive_language,individual,,opinion_attack_ambiguity
787,keyword_search,bangsat,2026-09-21,,"Ga bisa dipungkiri, cowo baik emang ngebosenin banget ☺️☺️","Lah kan cowok baik untuk cewek yang baik, Yang gak baik akan dapet yang gak baik, Nakal tetep ketemu yang nakal juga kok. Tinggal tunggu aja, pasanganmu cerminan dirimu sendiri kok.","Engga kak. Pasangan tuh yg saling melengkapi kak. Semisal yg satu “kurang” ajar, maka berpasangan dengan melengkapi kekurangannya, yaitu sesuatu yg lebih… “Lebih” bangsat misalnya.","Makanya itu kalo ada orang yg gk pgn sama orang baik, ini itu lah. Mari kita bantu doakan biar dpt paling bangsat🔥",3,1,0,1,abusive_language,individual,,opinion_attack_ambiguity
788,keyword_search,sabar bgt,2026-08-12,,"Kurir paket gue telat 3 hari, chat CS gak dibales2",[USER_A] pasti lagi rebahan tuh CS-nya wkwk,"Iya kali, gaji buta doang","anjir sabar bgt lu ya diperlakuin gitu, gue mah udah semprot orangnya dari kemarin 🤬",3,1,0,1,abusive_language,individual,,escalation
789,keyword_search,bodoh,2026-08-14,,"di depan [PERSON_A], [PERSON_B], [PERSON_C] dan [PERSON_D] [PERSON_E]: ""kurang dari 2 tahun, pemerintahan yg saya pimpin telah buktikan bahwa masalah-masalah yg selama puluhan tahun dianggap sangat rumit, bisa kita selesaikan""","Ngaku 'masalah puluhan tahun beres dalam 2 tahun' di depan para mantan😭 ​Masalah mana yang beres woi?! PPN naik, guru honorer digaji 490 ribu, ojol sepi orderan! Yang beres mah cuma klaim halusinasi di naskah pidato doang",Semua ini kan berdasar laporan dari anak buahnya...pak [PERSON_E] sendiri mana paham apalagi jarang turun langsung ke lapangan,"Nah itu, mau aja di bodoh bodohi bawahan sendiri",3,1,0,1,abusive_language,individual,,opinion_attack_ambiguity
790,keyword_search,kalah begini,2026-08-14,,Siapa yang tadi malem streaming trus toxic ke tim sendiri?,itu tuh yang suka feeding terus nyalahin org,dia emg gitu tiap kalah,"gitu doang udah meledak lagi, tiap kalah selalu begini wkwk",3,1,0,1,abusive_language,individual,,opinion_attack_ambiguity
791,keyword_search,bikin kesel,2026-08-12,,Driver ojol tadi muter2 gak jelas padahal udah dikasih map,ya gitu deh kalo gak update aplikasi,mana ngeyel pas ditegor,"udah dikasih tau masih aja begitu, bukannya berhenti malah makin bikin kesel",3,1,0,1,abusive_language,individual,,escalation
792,keyword_search,paling ngomong,2026-08-12,,"Katanya [PERSON_A] ""kerja keras itu penting"" di postingan tadi",ironis banget ngomong gitu,orangnya sendiri gimana tuh kelakuannya,"nah ini yg paling gampang ngomong, pas giliran sendiri malah beda cerita",3,1,0,1,abusive_language,individual,,opinion_attack_ambiguity
793,keyword_search,turun tangan,2026-08-12,,Ada yang share video warga demo soal galian tambang deket rumah,pemerintah daerah malah diem aja,udah dari taun lalu keluhan gini terus,"dari dulu polanya sama, giliran udah rame baru sok turun tangan",3,1,0,1,abusive_language,non_protected_group,,opinion_attack_ambiguity
794,keyword_search,babak belur,2026-08-12,,Katanya klub kita mau ganti pelatih lagi musim ini,pelatih kemaren juga gak becus sih,strateginya aneh dari awal emang,"ya iyalah, taktiknya aja kayak anak SD, pantes tim babak belur mulu",3,1,0,1,abusive_language,individual,,opinion_attack_ambiguity
795,keyword_search,bikin rugi,2026-08-12,,"Barusan liat postingan seller online yang katanya ""garansi uang kembali 100%""",temen gw kena tipu pas komplain,udah chat gak dibales2 juga,ohh pantes... dari awal juga keliatan kayak begini. mending tutup aja sekalian daripada bikin orang makin rugi.,3,1,0,1,abusive_language,individual,,opinion_attack_ambiguity
796,keyword_search,kerjaan dibiarin,2026-08-12,,Meeting tadi molor 2 jam gara2 satu orang gak siap2 slide,udah dikasih deadline dari minggu lalu,emang orangnya suka nyantai gitu,"nyantai boleh, tapi kalau kerjaan segitu aja dibiarin terus ya lama2 orang lain juga muak ngadepinnya.",3,1,0,1,abusive_language,individual,,opinion_attack_ambiguity
797,keyword_search,lonte,2026-08-12,,"ADUHH, teruntuk cewe cewe yang posesif ke cowonya. jaman sekarang susah loh cari kerjaan, jangan bikin cowomu jadi JOBLESS pliss perkara tingkahmu 😩😩","Cewe jelek ini, typingnya aja udah jelek sialannn",kak? gmn taunya cewe jelek dari typing ihhh😭😭,sekadar nulis kata jelek Lonte aja dia nulisnya Lon🍵 kak wkwkwkwk.,3,1,0,1,abusive_language,individual,,other_and_mixed
798,keyword_search,gak niat,2026-08-12,,Ada yang nonton drakor terbaru? endingnya kacau parah,penulisnya emang suka gitu tiap season,padahal season 1 bagus banget,pantes aja ratingnya jatoh... makin dilanjutin makin keliatan yg nulis udah gak niat dari awal.,3,1,0,1,abusive_language,individual,,opinion_attack_ambiguity
799,keyword_search,dianggap bercanda,2026-08-12,,"[USER_A] tadi bilang dia ""cuma bercanda doang kok"" pas nyindir orang",tapi kata2nya nusuk banget sih,orangnya emang suka gitu tiap chat grup,"lah kalau tiap bercanda ujung2nya begini terus, susah juga mau dianggap cuma bercanda 😭",3,1,0,1,abusive_language,individual,,opinion_attack_ambiguity
800,keyword_search,mas gitu,2026-08-12,,"Se nggak setujunya gua sama [PERSON_N] aja gua tetap gak berani ngatain dia gk ada isinya. Lah ini, kuliah kampus top jg nggak, lulus jg belum, udah berani ngatain lulusan Harvard🤣","Saya bahkan ada jelasin trs saya dibilang ""ngerti politik ga si?"" Pas saya kasih tau saya lulusan politik, research ttg human rights, dia bales ""kok kebelet bgt pengen diliat pinter politik? lulusan politik ga jamin dia pinter politik."" Lah gimana dia yg ga belajar???","Ya pantes aja bisa kepilih presidennya si P, yg modelan begitu banyak soalnya",Modelan kaya gitu berserakan di indos mas pinter2 nyari bini malunya bisa ampe akhirat,3,1,0,1,abusive_language,non_protected_group,,ambiguous_reference
801,keyword_search,basi alasannya,2026-08-12,,Warga komplek pada protes soal jadwal pemadaman listrik yang gak jelas,udah komplain ke pihak pengelola berkali2,"jawabannya cuma ""akan kami tindak lanjuti"" doang","halah basi banget alasannya, kerjaan kayak gini aja gak becus, mending bubar aja tuh manajemennya",3,1,0,1,abusive_language,institution_policy_idea,,opinion_attack_ambiguity
802,keyword_search,diem aja,2026-08-12,,Ada thread soal mantan pejabat yang sekarang jadi komentator bola,analisisnya asal2an mulu tiap siaran,padahal background-nya gak nyambung sama sepakbola,"ngomong doang sok tau, mending diem aja lah daripada bikin malu terus",3,1,0,1,abusive_language,individual,,ambiguous_reference
803,keyword_search,males banget,2026-08-12,,Katanya restoran baru di deket kampus enak banget,tapi kok pas gw kesana pelayanannya lambat parah,udah nunggu 1 jam makanan gak dateng2,"pelayan sama chef-nya gimana sih kerjanya, lelet banget kayak siput, males banget makan disitu lagi",3,1,0,1,abusive_language,non_protected_group,,opinion_attack_ambiguity
804,keyword_search,pungut duit,2026-08-12,,Grup WA RT lagi rame bahas iuran keamanan yang naik lagi,udah naik 3x dalam setahun tanpa penjelasan jelas,ketua RT-nya juga jarang nongol pas ditanya,"serius dah ini ketua RT kerjanya apaan doang, pungut duit doang jago",3,1,0,1,abusive_language,individual,,escalation
805,keyword_search,sok tau,2026-09-24,,"Kan emang cenblue x sudah ga se organik dulu, udah pada ngejar impresi tapi caranya membabi buta.","Jujur kak aku ga masalah sama cenblu asal ga ngerugiin warga, emang in this economy cari uang susah. Tapi gak gini juga caranya, egois yg dipikirin duitnya sendiri","Makanya sekarang mah gua jarang kepancing sama postingan cenblue, karena biasanya itu cuman buat ngejar impresi doang. Makanya banyak cenblue yang gua blokir.",Pokoknya cenblue redflage adalah cenblue yang bidangnya ga berbanding lurus dengan apa yang dia posting atau dalam bahasa kasarnya sok tau.,3,1,0,1,abusive_language,non_protected_group,,opinion_attack_ambiguity
806,keyword_search,bilang ribut,2026-08-12,,"[USER_A] posting caption ""kadang diem itu emas"" abis drama kemaren",tapi tadi malah nyindir2 di story terus,orangnya emang suka gitu tiap ada masalah,"lahh yg tadi bilang jangan ribut siapa, yg paling rame siapa 😭",3,1,0,1,abusive_language,individual,,quotation_or_counterspeech
807,keyword_search,kalau begini,2026-08-12,,Baru tau ternyata artis [PERSON_A] pernah kena kasus penipuan investasi bodong,katanya udah minta maaf publik,tapi duit korban belum dibalikin sampe sekarang,"kalau ujungnya begini, minta maafnya jadi terasa murah banget sih...",3,1,0,1,abusive_language,individual,,opinion_attack_ambiguity
808,keyword_search,mereka begini,2026-08-12,,Katanya aplikasi ojol baru mau masuk pasar lokal,fitur2nya banyak yang nyontek aplikasi lain,UI-nya juga masih banyak bug,ohh jadi begini toh cara mereka ngembangin produk... ngerti sekarang 😭,3,1,0,1,abusive_language,institution_policy_idea,,sarcasm_or_irony
809,keyword_search,hadeh,2026-08-12,,Ada yang liat komen [USER_A] di postingan berita kemaren?,asal julid doang tanpa baca isi berita,emang biasa gitu tiap ada isu apa aja,"udah ditulis dari tadi masih ditanyain lagi... hadeh, gimana sih 😭",3,1,0,1,abusive_language,individual,,ambiguous_reference
810,keyword_search,males gini,2026-08-12,,Katanya vendor katering acara kampus kemarin telat kirim 2 jam,padahal udah dibayar DP dari sebulan lalu,pas dikonfirmasi malah nyalahin macet doang,"udah salah masih banyak alesan, vendor kayak gini gak profesional banget, males order lagi",3,1,0,1,abusive_language,non_protected_group,,opinion_attack_ambiguity
811,keyword_search,sepakat,2026-08-10,,YAP! STOP!!! GW UDAH MUAK!! STOP! STOP! STOP!,Kata aku term 'sepakat' juga menjadi bukti bahwa laki-laki itu goblok & gak bisa ngasih opini awokawok,"Iya kan, makanya biarin aja, kita ga perlu bawa emosi Justru mereka yg tolol Kita mending fokus ke diri sendiri aja, punya kuasa, banyakin duit, dan belajar bela diri buat nonjok orang kayak mereka",Sepakat!! 🤣,3,1,1,1,hate_speech,protected_group,gender,quotation_or_counterspeech
812,keyword_search,misoginis,2026-08-12,,"🩷 Ada gk yang cari pasangan bule di bali terutama yang backpackeran endingnya bahagia atau sampe nikah? Pingin banget punya suami bule 😭, gpp tua apalagi daddy sugar pokoknya bule biar bisa pindah dari negeri ini.","lu pada terlalu melihat bule kayak [PERSON_A], bangunnnnnnnnnnnnnmnm","gak belajar dari yang udah-udah, artis-artis indo yang blasteran aja banyak yang akhirnya jadi tulang punggung keluarga dan kena father issue karena bapaknya entah kemana😀","lagian mereka misoginis iya, rasis juga ya😭😭😭",3,1,1,0,hate_speech,protected_group,race,ambiguous_reference
813,keyword_search,setan,2026-08-23,,"Guys… Ini MC-nya ya. MC di booth miras Newport pada acara The Sound Project. The Sounds Project Vol. 9: Beyond Memories digelar pada 7–9 Agustus 2026 di Ecovention & Ecopark Ancol, Jakarta. Booth miras Newport menchallenge customernya akan memberikan gratis 1 botol yang ditukar dengan Surah Adh Adhuha. MC di booth Newport ini, ternyata boti. Yaa Allah, beneran mental illness! Miras bagi Islam adalah HARAM! Dan si boti ini menghina ayat suci Al Quran…",Mukanya beler banget,"Ya begitu lah Om… Pelanggar kodrat Tuhan, pantesan pikirannya menista agama.",Jdnya perilaku setan,3,1,1,1,hate_speech,protected_group,sexual_orientation,other_and_mixed
814,keyword_search,menjijikan,2026-08-23,,"Gak usah terlalu ditanggapi orang homo satu ini, pemikiran dah sesat apalagi kelakuan",Pas buka profil isinya sempak batangan semua ye 😂😂,Iya kaget gw wkwk isinya foto homo semua an** wkwk,Menjijikan 😂😂,3,1,1,1,hate_speech,protected_group,sexual_orientation,ambiguous_reference
815,keyword_search,rasis,2026-08-23,,Gimana pendapat kalian?,"Giliran yg non-muslim pada ramean beli rumah di perumahan dgn gated entry biar gk keganggu, pada ngomel lagi “segregasi modern”, “rasis”, “bikin negara dalam negara” 🤷🏻‍♀️ Eh nyet, kalo bukan karena lu pade yg berisik dan maksain aturan elu ke semua orang, kite juga gk perlu buang duit banyak cuman buat privilege gerbang 🖕🏻",Jadi yg bangunin sahur itu lu panggil monyet?? Wah wah wah,islamonyet,3,1,1,1,hate_speech,protected_group,religion,other_and_mixed
816,keyword_search,lintah darat,2026-08-15,,Harga sewa ruko di PIK makin ga masuk akal sekarang.,Rata-rata pada disewa buat buka bisnis kuliner yang harganya juga mahal.,Pemilik propertinya juga kebanyakan dari kalangan bos-bos besar situ aja yang muterin duit.,"pantesan aja makin kaya, lintah darat pelit ini emang mending dijarah hartanya sih!",3,1,1,1,hate_speech,protected_group,race,opinion_attack_ambiguity
817,keyword_search,najis,2026-08-15,,Ramai soal drakor baru yang nampilin adegan romantis dua cowok.,Fansnya pada baper banget padahal di Indo kan hal gitu tabu.,"Ya namanya juga fiksi, banyak fujo yang emang suka ship idol sesama cowok.","fiksi matamu, ini tuh propaganda kelompok najis penyakitan! kaum kek gitu pantesnya dikarungin trus dibakar",3,1,1,1,hate_speech,protected_group,sexual_orientation,opinion_attack_ambiguity
818,keyword_search,down syndrome,2026-08-15,,Kasian banget ngeliat anak down syndrome ngamuk di KRL tadi pagi.,"Ibunya sampe kewalahan nenangin, penumpang lain pada risih tapi diem aja.",Seharusnya emang disediain gerbong khusus sih biar ga ganggu kenyamanan umum.,"seharusnya manusia-manusia cacat gini tidak perlu dilahirkan, mereka selamanya hanya menjadi parasit bagi negara.",3,1,1,0,hate_speech,protected_group,disability,ambiguous_reference
819,keyword_search,lonte,2026-08-15,,Rame banget kasus CEO start-up perempuan ketahuan korupsi dana investor.,Udah gitu gaya hidupnya hedon pamer barang branded mulu di IG.,Ujung-ujungnya mewek pas konferensi pers minta maaf ke publik wkwk.,"emang makhluk murahan ini otaknya di pantat semua, kodratnya cuma ngangkang kaga pantes megang jabatan tinggi lonte!",3,1,1,1,hate_speech,protected_group,gender,opinion_attack_ambiguity
820,keyword_search,sesat,2026-08-15,,"Kemaren lewat depan kompleks, ada yang lagi kebaktian rumah suaranya kenceng bgt.",Parkiran mobilnya nutupin jalan warga lain yang mau lewat.,Ditegur RT malah ngeles bawa-bawa hak kebebasan beribadah.,"kaum sesat gatau diri, bakar aja tempat ibadahnya biar mampus",3,1,1,1,hate_speech,protected_group,religion,ambiguous_reference
821,keyword_search,parasit-parasit,2026-08-15,,Denger kabar imigran Rohingya dapet jatah uang saku bulanan dari NGO asing.,"Enak banget idupnya, warga lokal aja masih banyak yang nahan laper.",Trus mereka malah protes makanannya kurang enak dan porsinya dikit.,"tembak mati aja parasit-parasit ini, gausah dikasih ampun usir mereka semua!",3,1,1,1,hate_speech,protected_group,nationality,ambiguous_reference
822,keyword_search,sdm jongkok,2026-08-15,,Ada video sekelompok pemuda perantau timur mabuk trus mukulin pedagang sate.,"Gila bar-bar banget, padahal masalahnya cuma sepele salah paham pesenan doang.",Polisi udah turun tangan tapi pelaku utamanya sempet kabur masuk gang.,"gerombolan sdm jongkok ini genetik kriminal bangsat, basmi aja mereka biar aman kota kita",3,1,1,1,hate_speech,protected_group,ethnicity,ambiguous_reference
823,keyword_search,penjajah,2026-08-15,,Banyak turis dari ostrali yang liburan modal nekat ke Bali.,Pake visa turis tapi diem-diem buka kelas yoga atau jualan online.,Mereka ngerasa berhak banget ngambil lahan rejeki warga lokal dengan gampang.,"bangsa penjajah ini memang tidak beradab, mereka harus diusir paksa agar negara kita bersih dari sampah buangan.",3,1,1,0,hate_speech,protected_group,race,ambiguous_reference
824,keyword_search,penyimpang,2026-08-15,,Acara fashion week kemarin ngundang beberapa transpuan jadi model tamunya.,Bajunya aneh-aneh banget trus gaya berjalannya maksa banget pengen diliat elegan.,Malah jadi keliatan murahan dan bikin ilfeel penonton yang hadir.,"mahluk penyimpang, mau maksa rubah kodrat tetep aja lu najis",3,1,1,1,hate_speech,protected_group,sexual_orientation,ambiguous_reference
825,keyword_search,radikal,2026-08-15,,Aturan jam buka warung makan selama bulan puasa diperketat ormas.,Yang ketauan buka siang hari tanpa tirai bakal disita dagangannya paksa.,Kasian pedagang kecil yang butuh pemasukan harian buat makan ntar.,"komunitas radikal emang sukanya nyusahin orang, gerombolan teroris kerjaannya maksain kehendak doang!",3,1,1,1,hate_speech,protected_group,religion,opinion_attack_ambiguity
826,keyword_search,jawa,2026-08-15,,Pejabat pemerintahan kabinet baru isinya orang-orang dari suku Jawa lagi.,"Udah jadi rahasia umum sih, kalau mau posisi strategis emang harus punya koneksi ke sana.","Pembangunan jadi tersentralisasi terus, daerah lain dianaktirikan ga dapet jatah.","Mental jongos dan kuli memang hanya pantas menjadi bawahan, ras ini terus ngerusak negara dengan sifat feodal mereka.",3,1,1,0,hate_speech,protected_group,ethnicity,ambiguous_reference
827,keyword_search,disabilitas,2026-08-15,,Kuota CPNS tahun ini nyediain jalur khusus buat penyandang disabilitas fisik.,Syaratnya tetep harus lulus tes wawasan kebangsaan sama intelegensia umum sih.,Tapi katanya tes fisiknya dilonggarin banget buat nyesuaiin kondisi mereka.,"ngapain ngasih kerjaan ke manusia beban kaya mereka, pantesnya ngemis aja di lampu merah malah ngabisin anggaran negara",3,1,1,0,hate_speech,protected_group,disability,ambiguous_reference
828,keyword_search,makhluk lemah,2026-08-15,,Tren stay-at-home dad makin populer di kota-kota besar.,"Istrinya yang kerja kantoran nyari nafkah, suaminya ngurus anak sama bersih-bersih rumah.",Kalau secara finansial masuk akal dan sepakat berdua sih ga masalah harusnya.,"makhluk lemah yang melepaskan perannya mencari nafkah adalah cacat moral, manusia-manusia ini semakin lama semakin kehilangan kehormatannya.",3,1,1,0,hate_speech,protected_group,gender,ambiguous_reference
829,keyword_search,penjajah,2026-08-15,,Serangan rudal mematikan ke rumah sakit sipil di perbatasan gaza kembali terjadi malam tadi.,Banyak paramedis dan sukarelawan internasional yang jadi korban jiwa.,Alasan militernya selalu bilang kalau tempat itu dijadiin markas persembunyian komandan.,"kaum penjajah emang pantes dibantai tanpa sisa, kelompok pembunuh ini isinya iblis semua!",3,1,1,1,hate_speech,protected_group,religion,ambiguous_reference
830,keyword_search,komunis,2026-08-15,,TKA asing dari daratan tiongkok ketauan bawa masuk bahan mentah secara ilegal buat pabriknya.,Bea cukai udah ngamanin barang buktinya tapi tersangkanya masih proses lidik.,Pasti ntar ujung-ujungnya damai pake duit pelicin biar kasusnya nguap.,"invasi komunis, bakar aja kuli-kuli itu biar mampus semua ga ada yang balik hidup-hidup!",3,1,1,1,hate_speech,protected_group,nationality,ambiguous_reference
831,keyword_search,penyimpangan,2026-08-15,,Buku cerita anak-anak di perpustakaan sekolah ketahuan ada unsur pengenalan ragam gender non-biner.,Orang tua murid langsung protes keras dan minta bukunya ditarik dari peredaran.,Pihak sekolah beralasan bukunya hasil donasi dan belum disortir ulang secara detail.,"ini adalah agenda kotor dari orang-orang sakit jiwa untuk menularkan penyimpangan mereka kepada anak-anak, mereka harus diisolasi dari masyarakat.",3,1,1,0,hate_speech,protected_group,sexual_orientation,ambiguous_reference
832,keyword_search,parasit,2026-08-15,,Kemaren liat rombongan bule timur tengah di puncak pada buang sampah sembarangan dari mobil.,"Emang pada jorok kelakuannya, mentang-mentang bawa dolar ngerasa bisa beli segalanya.",Warung-warung sana juga pada pasang plang bahasa mereka saking banyaknya pelanggannya.,"parasit pendatang, kaum bau badan ini usir aja balik ke asalnya bikin kumuh indo doang 🤮",3,1,1,1,hate_speech,protected_group,race,ambiguous_reference
833,keyword_search,maling,2026-08-15,,Tetangga gue orang dari pulau seberang buka warung sate 24 jam kaga ada liburnya gila.,Tapi kemaren ketauan dia nyolong aliran listrik dari gardu jalan raya.,Pantesan warungnya terang benderang kaga bayar token listrik ternyata wkwk.,"emang genetik kriminal mah kaga bakal ilang, dibasmi aja harusnya gerombolan maling ini.",3,1,1,1,hate_speech,protected_group,ethnicity,ambiguous_reference
834,keyword_search,tunarungu,2026-08-15,,Pengamen tunarungu di bus kota maksa minta duit sampe narik-narik baju penumpang.,Kalau ga dikasih malah melotot trus mukul-mukul kaca jendela bus.,Harusnya satpol PP rajin razia orang-orang kayak gitu biar ga meresahkan fasilitas umum.,"beban masyarakat gatau diri, mending ditabrak truk aja sekalian gerombolan ini biar mampus kaga nyusahin orang!",3,1,1,0,hate_speech,protected_group,disability,ambiguous_reference
835,keyword_search,kaum kek gini,2026-08-15,,Rame bahas gaji karyawan laki-laki lebih kecil dari perempuan di industri kreatif belakangan ini.,Tapi load kerjanya yang cowok disuruh angkat-angkat barang berat pas lagi event out-door.,"Pas dituntut keadilan, HRD malah bilang cowok harus ngerasa malu kalau kalah saing wkwk.","kaum murahan modal ngangkang doang minta disamain, makhluk kek gini emang otaknya kendor semua",3,1,1,1,hate_speech,protected_group,gender,ambiguous_reference
836,keyword_search,radikal,2026-08-15,,Ada kelompok jamaah yang rutin ngumpul pake jubah serba hitam nyisain mata doang.,Tiap kumpul pasti tertutup banget ga mau sapa tetangga atau interaksi warga sekitar.,Bikin parno takutnya itu sel-sel tidur jaringan ekstremis yang lagi rapat mingguan.,"kumpulan radikal kaya mereka adalah sel kanker bagi perdamaian, manusia-manusia sesat ini harus segera dimusnahkan.",3,1,1,0,hate_speech,protected_group,religion,ambiguous_reference
837,keyword_search,imigran,2026-08-15,,Banyak imigran gelap dari wilayah benua Afrika buka bisnis scam online di apartemen.,Modusnya nipu janda-janda kaya atau macarin cewek lokal buat porotin hartanya pelan-pelan.,Polisi kemaren udah grebek salah satu unitnya dan nyita puluhan belas hape dan laptop.,"pendatang haram, ras kotor nyusahin doang ke indo mending dipulangin aja",3,1,1,1,hate_speech,protected_group,nationality,ambiguous_reference
838,keyword_search,etnis,2026-08-15,,Pedagang kain asal dari Sumatra di Tanah Abang pada komplain omsetnya turun drastis.,Kalah saing sama live streaming di tiktok yang harganya hancur-hancuran banget.,Mereka minta pemerintah nutup aplikasinya biar pembeli balik lagi ke lapak pasar fisik.,"etnis ini memang selalu egois dan enggan beradaptasi, mereka pantas dijauhi karena sifat rakus mereka yang tidak pernah puas terhadap rezeki orang lain.",3,1,1,0,hate_speech,protected_group,ethnicity,ambiguous_reference
839,keyword_search,lintah darat,2026-08-15,,Artis indo keturunan luar rata-rata bayarannya lebih mahal dan sering jadi pemeran utama.,Ya karena mereka dianggap punya value visual lebih di mata brand-brand besar dan agensi.,"Standar kecantikan tv kita masih aja mentok di kulit putih mata sipit, kasian artis lokal aslinya.","kaum lintah darat ini emang selalu nepotisme, parasit kaga sudi gue dukung karya mereka!",3,1,1,1,hate_speech,protected_group,race,ambiguous_reference
840,keyword_search,penyimpang,2026-08-15,,Barusan lewat fyp ada selebgram cowok pelukan mesra sama temen cowoknya di kolam renang.,Komennya pada ngedukung bilang love wins segala macem bikin mual ngeliatnya.,Algoritma sosmed makin parah nampilin konten-konten ginian tanpa filter sama sekali.,"kaum penyimpang najis, orang kek mereka ga punya tempat di sini",3,1,1,1,hate_speech,protected_group,sexual_orientation,ambiguous_reference
841,keyword_search,kapok,2026-08-15,,"Pak ini udh dikasih listnya pak, tinggal sikat aja [USER_D]","Klo dia masuk pake passport US or UE gmn ?? Secara hukum mereka dianggap WN yang masuk pake passport tersebut dan 1 lagi ga mungkin mereka masuk pake passport isroil plus lu macem"" negara secondary mereka pasti bakal ngasih sanksi ke kita krena melecehkan WN mereka",Nope! Rata2 emang paspor israel dan WN israel. That’s why rata2 bisnis yg ke linked di Bali emang travel agency. Tau darimana? Investigate ke grup2 facebook Bali-Israel,"Kalau ketahuan masuk lewat jalur begitu, jangan kasih tempat lagi. Suruh balik aja sekalian, biar kapok.",3,1,1,0,hate_speech,protected_group,religion,ambiguous_reference
842,keyword_search,biarin hancur,2026-08-15,,Konflik di perbatasan daerah makin panas aja tiap minggu antar warga beda keyakinan.,"Iya, kemarin tempat ibadah mereka sempet dilemparin batu sama massa yang ga terima ada pembangunan.",Tokoh masyarakat udah nyoba mediasi tapi pihak sebelah tetep gamau ngalah dan tetep ngotot.,"biarin aj lah, biar hancur",3,1,1,0,hate_speech,protected_group,religion,ambiguous_reference
843,keyword_search,rohingya,2026-08-15,,"Kapal pengungsi Rohingya mendarat lagi di pesisir barat, jumlahnya ratusan orang.",Warga sekitar udah nolak keras karena sebelumnya banyak kasus kabur dari penampungan dan bikin resah.,Mereka sekarang malah bikin tenda-tenda liar di tanah milik desa tanpa izin warga lokal.,"Bantai semua! Pemerintah gmn si masi didiemin, malah dibiarin berkembang, nanti mereka bakal bikin pemerintahan baru kaya di gaza lagi.",3,1,1,1,hate_speech,protected_group,nationality,ambiguous_reference
844,keyword_search,bule,2026-08-15,,Liat berita banyak bule di Bali beli tanah pake atas nama lokal trus bikin pemukiman eksklusif sendiri.,"Iya, warga lokal malah ga boleh masuk ke area pantai dekat villa mereka, bener-bener kurang ajar.",Pemerintah daerah terkesan lambat nindak karena mikirin pemasukan devisa dari sektor pariwisata doang.,enak banget menjajah dimana-mana,3,1,1,0,hate_speech,protected_group,race,ambiguous_reference
845,keyword_search,china,2026-08-15,,Banyak pekerja migran asal China di smelter nikel daerah Morowali yang izin tinggalnya ga jelas.,"Kasihan tenaga kerja lokal kita cuma dikasih posisi buruh kasar, sedangkan posisi penting dipegang mereka semua.",Warga lokal udah sering demo nuntut penertiban TKA tapi kementerian terkait malah terkesan menutup mata.,Langsung usir-usirin aja..,3,1,1,0,hate_speech,protected_group,nationality,ambiguous_reference
846,keyword_search,feminisme,2026-08-15,,"Rame di X perempuan pada bikin thread nolak kodrat buat masak, nyuci, dan ngurus anak di rumah.",Mereka bawa-bawa dalih kesetaraan gender dan feminisme modern biar ga disuruh ngerjain tugas rumah tangga.,Padahal pas pacaran maunya dinafkahin full dan cowok yang nanggung semua biaya kebutuhan hidup.,Cewe modelan begitu aslinya males aja terus ribut2 cari pembenaran atas kemalasannya,3,1,1,0,hate_speech,protected_group,gender,opinion_attack_ambiguity
847,keyword_search,pelangi,2026-08-15,,Komunitas pelangi kemarin terang-terangan bikin acara kumpul di salah satu kafe daerah Jaksel.,Mereka pake atribut mencolok dan mulai berani nunjukin kemesraan di ruang publik tanpa rasa canggung.,"Pas ditegur pengunjung lain, mereka malah balik nyerang dan ngatain warga lokal kolot serta ga toleran.",biasanya yang kayak gitu setan sih,3,1,1,0,hate_speech,protected_group,sexual_orientation,ambiguous_reference
848,keyword_search,islamphobia,2026-08-15,,Akun-akun aktivis queer di timeline mulai ngritik aturan zakat dan syariat waris dalam hukum keluarga.,"Heran deh, mereka yang ga taat dan udah keluar jalur kenapa malah sibuk ngutak-ngatik aturan ibadah umat lain.","Bener, tiap kali ada pembahasan syariat pasti kelompok itu yang paling depan nyerang pake framing radikal.",Bukan islamphobia namanya klo ga ngerecokin agama padahal ga ada hbungan ama mreka.. islamphobia+lgbt? Combo yg sangat mngerikan..,3,1,1,0,hate_speech,protected_group,sexual_orientation,opinion_attack_ambiguity
849,keyword_search,penyimpangan,2026-08-15,,Ada netizen yang ngebelain perilaku homoseksual dengan alasan hak asasi manusia dan kebebasan individu.,"Dia bilang selama ga ngerugiin orang lain secara fisik, masyarakat ga berhak ngehakimi preferensi mereka.",Malah dia nyamain penolakan terhadap LGBT itu setara sama tindak kejahatan kemanusiaan dan diskriminasi rasial.,Komen lu ngeri.. Padahal penyimpangan seksual juga merusak bangsa,3,1,1,0,hate_speech,protected_group,sexual_orientation,opinion_attack_ambiguity
850,keyword_search,tiongkok,2026-08-15,,Berita soal turis-turis dari Tiongkok yang sering bikin rusuh di bandara internasional lagi viral tuh.,"Udah banyak banget laporannya, ga cuma di negara kita tapi di Eropa juga mereka sering di-blacklist.","Bener, kelakuannya jorok trus kalau ngomong teriak-teriak kaga ada sopan santunnya sama petugas.","yang begini jangan dibiarin terus, makin lama makin bikin warga sekitar muak. kalau perlu jangan dikasih tempat lagi",3,1,1,0,hate_speech,protected_group,nationality,ambiguous_reference
851,keyword_search,sumber masalah,2026-08-15,,Ada tokoh toleransi bilang kalau kita harus bisa menghargai perayaan ibadah umat agama lain di lingkungan kita.,"Betul, kedamaian itu kan di atas segalanya, gak masalah kita ikut ngucapin selamat buat merayakan hari besar mereka.","Setuju sih, tuhan kan mengajarkan kasih sayang, yang suka memecah belah itu cuma oknum mabuk agama doang.","kalau mereka terus dianggap sumber masalah, ya wajar kalau ada yg pengen mereka disingkirkan sekalian",3,1,1,0,hate_speech,protected_group,religion,ambiguous_reference
852,keyword_search,tetap keliatan,2026-08-15,,Acara talkshow semalem ngundang selebgram yang katanya baru pulang operasi plastik miliaran dari luar negeri.,"Pantesan wajahnya berubah total, lebih tirus sama bibirnya tebel banget sekarang.","Tapi suaranya pas ngomong masih sember agak nge-bass gitu ya, ga bisa dibohongin wkwk.","mau dandan serapi apa pun tetap keliatan kok, gak perlu pura2 jadi sesuatu yg bukan dirinya",3,1,1,0,hate_speech,protected_group,gender,opinion_attack_ambiguity
853,keyword_search,haram,2026-08-15,,Rombongan tetangga yang nonis pada sibuk masak besar buat acara syukuran akhir tahun di gereja mereka.,"Baunya nyampe ke jalanan depan komplek, padahal kita kan ga tau campuran bumbunya apaan.","Jelas-jelas mereka masak daging babi buat dibagi-bagiin, mending ga usah lewat situ deh ntar kecipratan najis.","pantesan aja otak mereka ikutan sesattt, makanan sehari-harinya aja dari daging haram itu wkwk 🐷",3,1,1,0,hate_speech,protected_group,religion,coded_language_or_euphemism
854,keyword_search,pelecehan,2026-08-15,,Kasus pelecehan di panti asuhan cowok kemaren tersangkanya ternyata pengurus yayasannya sendiri.,"Gila bener, korbannya anak-anak di bawah umur semua belasan orang dipaksa ngelayanin nafsu bejatnya.","Emang bener-bener udah ga ada moral, predator gitu pantesnya dihukum mati aja ngerusak masa depan anak orang.","yang begini jangan dianggap biasa terus, nanti malah makin banyak yg nganggepnya normal",3,1,1,0,hate_speech,protected_group,sexual_orientation,ambiguous_reference
855,keyword_search,ngulang terus,2026-08-15,,Pemilik ruko-ruko di glodok rata-rata pada kompak naikin harga sewa tahun ini barengan.,Bikin pedagang kecil yang nyewa lapak di depannya pada gulung tikar ga kuat bayar.,"Padahal omset mereka dari grosir tuh udah miliaran per bulan, masa ngasih keringanan sewa aja kaga mau.","Kalo ngulang begitu terus, ya jangan heran warga lokal akhirnya minta mereka pergi.",3,1,1,0,hate_speech,protected_group,race,coded_language_or_euphemism
856,keyword_search,imigran,2026-08-15,,Para imigran dari Rakhine State kemaren ketauan ngejebol pagar tempat penampungan sementara di Aceh.,Mereka protes minta dipindahin ke fasilitas yang lebih layak dengan alesan makanannya kurang bergizi.,Padahal warga desa udah ngebantu patungan beliin sembako sama pakaian layak pakai buat mereka.,"udah dibantu dari awal masih minta lebih, lama2 orang juga capek dan pengen mereka balik aja",3,1,1,0,hate_speech,protected_group,nationality,ambiguous_reference
857,keyword_search,selalu begini,2026-08-15,,Kemaren di jalan raya ada sekelompok pemuda perantau dari daerah seberang bikin onar sambil mabuk.,Mereka emang sering kumpul nongkrong nyetel musik kenceng-kenceng kaga peduli tetangga pada istirahat.,"Ditegur RT malah ngelawan pake nada tinggi, emang wataknya keras susah diajak ngomong baik-baik.","kalau tiap kejadian selalu berujung begini, susah juga buat orang kota percaya sama mereka",3,1,1,0,hate_speech,protected_group,ethnicity,ambiguous_reference
858,keyword_search,ruang bebas,2026-08-15,,Serial kartun anak-anak sekarang mulai masukin karakter orang tua yang dua-duanya laki-laki.,Parah banget sengaja mulai masuk secara halus biar anak-anak ngerasa itu pemandangan yang biasa.,"KPI harusnya lebih ketat lagi nyeleksi tontonan dari luar negeri, jangan sampe lolos sensor.","yang kayak begitu jangan dikasih ruang terlalu bebas, nanti anak2 ikut nganggep jadi hal biasa",3,1,1,0,hate_speech,protected_group,sexual_orientation,ambiguous_reference
859,keyword_search,mayoritas,2026-08-15,,Kemaren ada warga muslim yang nekat masuk ngebantu beresin gereja pasca kena musibah banjir.,Banyak netizen yang muji aksi solidaritas itu sebagai contoh toleransi yang patut ditiru.,Tapi ada juga tokoh agama yang ngingetin kalau batas akidah harus tetep dijaga jangan berlebihan ngebantu kaum sana.,ya jangan heran kalau orang makin enggan bantu mereka kalau keyakinannya dianggap bertentangan sama yg mayoritas percaya,3,1,1,0,hate_speech,protected_group,religion,ambiguous_reference
860,keyword_search,kalau begini,2026-08-15,,Vendor katering nikahan gue tiba-tiba kabur bawa lari dp jutaan rupiah padahal acara tinggal sebulan.,Pihak kateringnya orang Padang ya? Emang banyak kasus penipuan vendor yang janjinya manis di awal.,"Hati-hati urusan bisnis sama orang-orang dr daerah sana, omongannya doang yang pinter muter balik fakta.","kalau soal begini, dari dulu juga susah percaya sama mereka",3,1,1,0,hate_speech,protected_group,ethnicity,ambiguous_reference
861,keyword_search,dianggap masalah,2026-08-15,,Komunitas aliran Ahmadiyah di desa tetangga akhirnya diusir paksa sama warga sekitar.,Mereka dituduh menyebarkan ajaran yang berbeda dari mayoritas penduduk setempat dan bikin resah.,"Harusnya pemerintah menjamin hak beribadah mereka dong, ga boleh ada main hakim sendiri kayak gitu.","kalau terus dianggap bikin masalah, jangan kasih mereka tempat di sini",3,1,1,0,hate_speech,protected_group,religion,ambiguous_reference
862,keyword_search,laknatullah,2026-08-15,,"Anak muda sekarang cowoknya pada suka pake skincare, makeup tipis, sama gaya bajunya androgini.","Terpengaruh budaya kpop kayaknya, jadi standar maskulinitasnya bergeser jauh dari jaman dulu.","Ngeliat cowok lenjeh jalannya dilenggak-lenggokin sumpah bikin mata perih, kehilangan jati diri banget.","kaum laknatullah seperti itu memang bikin banyak orang gak nyaman, jadi jangan dibiasakan hadir di ruang umum",3,1,1,1,hate_speech,protected_group,gender,ambiguous_reference
863,keyword_search,ambon,2026-08-15,,Kaget banget liat berita mahasiswa dari Ambon berantem di dalem minimarket cuma gara-gara antrian kasir.,"Sampe mukul pelayannya juga padahal pelayannya cewek, bener-bener ga ada etika.","Kemaren juga ada kasus serupa di daerah kosan gue, pelakunya dari daerah yang sama.","kalau kejadian seperti itu terus kejadian, gak heran orang akhirnya takut sama mereka semua",3,1,1,0,hate_speech,protected_group,ethnicity,ambiguous_reference
864,keyword_search,merusak akidah,2026-08-15,,Pendeta di seminar antar iman kemaren nyampein pesan kalau setiap jalan spiritual itu punya tujuan yang sama menuju kebaikan.,Konsep pluralisme kek gini bagus buat ngeredam konflik sentimen agama yang makin tinggi.,"Sepakat, pada akhirnya ga ada agama yang ngajarin kejahatan, semuanya bawa pesan damai.","kalau ajarannya dianggap terus merusak akidah kita, ya wajar ada yg pengen mereka disingkirkan dari sini",3,1,1,0,hate_speech,protected_group,religion,opinion_attack_ambiguity
865,keyword_search,harus begini,2026-08-15,,"Tiap bulan juni, kota-kota di Eropa selalu rame sama parade perayaan kelompok pelangi di jalan utama.",Pake atribut nyentrik dan kostum aneh-aneh sambil bawa spanduk nuntut hak kesetaraan.,"Malah keliatan norak sih, kayak caper banget butuh validasi publik atas pilihan privasi mereka.","kalau pilihan hidupnya terus dianggap harus dipamerin begini, ya wajar makin banyak yg pengen mereka dijauhkan dari ruang publik",3,1,1,0,hate_speech,protected_group,sexual_orientation,ambiguous_reference
866,keyword_search,pengen disingkirkan,2026-08-15,,Tender proyek infrastruktur pemerintah pusat hampir semuanya dimenangkan sama perusahaan taipan dari grup itu-itu aja.,Pengusaha menengah lokal ga dikasih kesempatan buat bersaing karena syarat modalnya dibikin mustahil.,"Akhirnya uang negara cuma muter di kalangan elit keturunan asing itu doang, gap ketimpangan makin lebar.","bener bro, kalo mereka terus dianggap cuma mikirin kepentingannya sendiri, ya jangan heran kalau warga akhirnya pengen mereka disingkirkan",3,1,1,0,hate_speech,protected_group,race,ambiguous_reference
867,keyword_search,anak autis,2026-08-15,,Anak autis tetangga gue sering banget tantrum di luar rumah ganggu orang yang lagi istirahat.,Udah dikasih tau orang tuanya buat ngurung di dalem kamar aja tapi malah ngeles anaknya lagi terapi perilaku.,"Ngeselin banget, anak idiot gitu dilepas sembarangan kaga ada untungnya buat masyarakat.","Kalau yang begini terus dianggap harus ditangani paksa, lama2 orang juga bakal nganggep mereka memang gak layak dibiarin bebas. Harusnya ada penanganan khusus biar gak nular ke yg lain.",3,1,1,0,hate_speech,protected_group,disability,ambiguous_reference
868,keyword_search,bikin malu,2026-08-15,,Acara paralimpiade kemarin dapet porsi liputan yang minim banget di stasiun tv nasional.,Padahal atlet-atlet kita banyak yang bawa pulang emas ngalahin negara-negara eropa.,Harusnya mereka dapet bonus dan eksposure yang setara sama atlet normal lainnya.,"Jika orang-orang ini bikin malu terus, buat apa juga dikasih ruang sebesar itu?",3,1,1,0,hate_speech,protected_group,disability,ambiguous_reference
869,keyword_search,korban,2026-08-15,,Tren cewek-cewek sekarang pada bawa embel-embel feminisme buat nuntut hak yang ga masuk akal di tempat kerja.,"Kalau disuruh ngerjain tugas lembur ngeluh patriarki, tapi gajinya minta disamain sama cowok yang kerjanya lebih keras.","Ujung-ujungnya main victim card di sosmed kalau dapet surat peringatan dari HRD, licik banget.","kalo pola komunikasinya selalu jadi korban padahal udah dikasih kesempatan, emang susah diajak maju",3,1,1,0,hate_speech,protected_group,gender,ambiguous_reference
870,keyword_search,dajjal,2026-08-15,,Israel kembali melanggar resolusi keamanan PBB dan terus melakukan invasi militer ke pemukiman warga sipil.,Pemimpin negara barat juga terkesan membiarkan genosida ini terus berlangsung tanpa sanksi tegas.,Padahal udah puluhan ribu anak-anak yang jadi korban bom dan kelaparan massal bulan ini.,Agama dajjal mah bakal gitu terus kelakuannya. Ga heran banyak yg pengen mereka semua musnah aja,3,1,1,1,hate_speech,protected_group,religion,ambiguous_reference
871,keyword_search,cowok,2026-08-15,,Pasangan selebgram cowok itu akhirnya nikah resmi di luar negeri dan pamer sertifikat perkawinan di IG.,"Dan yang lebih miris, banyak netizen centang biru lokal yang ngasih ucapan selamat dan terharu.",Otak mereka udah dicuci sama kampanye kebebasan dari barat sampe lupa norma dasar manusia.,kok hal kayak gini makin sering dianggap biasa aja? padahal dulu gak pernah kayak gini,3,1,1,0,hate_speech,protected_group,sexual_orientation,ambiguous_reference
872,keyword_search,pengungsi,2026-08-15,,Kemarin banyak pengungsi asing berlabuh di pesisir selatan bawa anak istri.,Warga lokal pada inisiatif ngasih makan karena kasihan ngeliat kondisinya yang lemes banget kelaparan.,"Kemanusiaan di atas segalanya, biarin urusan diplomasi mah birokrasi pemerintah pusat aja yang mikirin.","Gausah ditolongin sih, mereka cuma bakal nyusahin. Kalo bantuan kita malah dimanfaatin buat hal lain, harusnya dievaluasi lagi efektivitasnya.",3,1,1,0,hate_speech,protected_group,nationality,ambiguous_reference
873,keyword_search,kalo begini,2026-08-15,,"Berita kecelakaan lalu lintas pagi ini, sebuah motor matic ditabrak mobil mewah sport di tol dalam kota.","Katanya yang bawa mobil itu emak-emak yang lagi main HP, salah injek pedal gas dikira rem.",Kalau udah kejadian gini pasti cowok yang disalahin lagi padahal yang nabrak perempuan.,kalo urusan begini emang keliatan bedanya kemampuan antara cowo dan cewe,3,1,1,0,hate_speech,protected_group,gender,ambiguous_reference
874,keyword_search,bule,2026-08-15,,Bule eropa yang kemaren viral gara-gara bikin onar di kafe canggu akhirnya dideportasi imigrasi.,"Baguslah, mereka tuh mikirnya karena bayar pake kurs dolar bisa seenaknya ngelanggar aturan di sini.",Banyak turis dari sana yang emang rasis dan ngerendahin pekerja lokal yang ngelayanin mereka.,"turis dari sana emang terkenal sombong, harusnya ada sanksi tegas buat yg merendahkan pekerja lokal",3,1,1,1,hate_speech,protected_group,race,ambiguous_reference
875,keyword_search,mayoritas,2026-08-15,,Protes warga soal suara pengeras dari tempat ibadah di ujung gang makin rame.,Soalnya kemaren ada yg lagi sakit keras tapi suaranya tetep kenceng banget kaga diturunin.,"Mediasi di kelurahan juga buntu, mereka ngotot itu bagian dari syiar.","emang mayoritas ini pada berisik dan nyusahin, mending hancurin aja toanya dah",3,1,1,0,hate_speech,protected_group,religion,ambiguous_reference
876,keyword_search,parasit,2026-08-15,,Tetangga gue yang jualan sate di depan komplek ketauan nimbun besi proyek.,Padahal siang hari dia keliatan rajin banget ngipasin sate kaga ada curiganya.,Eh pas malem malah sibuk ngangkutin besi curian ke mobil pick up.,"maling kaya mereka pantesnya dipacung aja, parasit susah matinya.",3,1,1,1,hate_speech,protected_group,ethnicity,coded_language_or_euphemism
877,keyword_search,perempuan,2026-08-15,,Film dokumenter soal dua perempuan yang hidup bareng di apartemen lagi rame dibahas.,Katanya mereka udah adopsi anak juga dari panti asuhan luar negeri.,Banyak yang muji kalau mereka ngasih contoh keluarga modern yang bahagia.,model keluarga kayak gini makin sering dikasih panggung ya lama-lama generasi jadi bingung sama nilai dasar,3,1,1,0,hate_speech,protected_group,sexual_orientation,ambiguous_reference
878,keyword_search,orang ga simpati,2026-08-15,,Harga sewa apartemen dan ruko di daerah utara bener-bener dimonopoli sama bos-bos besar.,"Warga lokal kaga ada yang sanggup nyewa, akhirnya cuma jadi satpam atau OB doang di sana.",Yang buka usaha pasti dari kalangan mereka-mereka lagi yang saling support.,"kalo usahanya terus-terusan mateni pasar lokal, wajar aja kalo orang mulai gak simpati",3,1,1,0,hate_speech,protected_group,race,ambiguous_reference
879,keyword_search,sumatra,2026-08-15,,Ada video amatir nelayan nemuin puluhan orang terdampar di pulau terpencil ujung sumatra.,Kondisinya pada kelaparan dan minta dievakuasi ke daratan utama.,Warga desa sekitar sepakat buat nolak dan dorong balik kapal kayu mereka.,"kalo udah ditolak masih maksa masuk, ya mereka sendiri yg bikin repot",3,1,1,0,hate_speech,protected_group,nationality,ambiguous_reference
880,keyword_search,makhluk beban,2026-08-15,,Pejalan kaki yang pake tongkat kemaren kesandung pot bunga besar di trotoar sudirman.,"Padahal dia udah jalan pas di atas ubin kuning bergaris itu, tapi malah dihalangin.",Kasian banget mukanya sampe berdarah nyungsep ke aspal.,"makhluk beban kyk gini gatau diri, mending dikurung aja di rumah drpd nyusahin masyarakat normal.",3,1,1,1,hate_speech,protected_group,disability,ambiguous_reference
881,keyword_search,betina,2026-08-15,,Rame di sosmed bahas cuti haid berbayar yang dituntut sama pekerja pabrik tekstil.,Mereka minta libur 2 hari sebulan tanpa potong gaji pokok karena sakit perut parah.,Pihak HRD nolak dengan alesan bakal nurunin target produksi bulanan.,"betina emang kodratnya di dapur, ngelunjak amat minta disamain, gampar aja congornya lonte.",3,1,1,1,hate_speech,protected_group,gender,ambiguous_reference
882,keyword_search,penyembah berhala,2026-08-15,,Acara baksos pembagian sembako kemaren ternyata didanai dari yayasan keuskupan.,Mereka ngasih beras sama minyak goreng gratis ke warga miskin di desa sebelah.,Beberapa warga nolak karena takut ada agenda tersembunyi di balik bantuannya.,"sekte penyembah berhala ini emang selalu punya niat busuk, bakar aja tempat ibadahnya biar mampus orang2 sesat ini",3,1,1,1,hate_speech,protected_group,religion,ambiguous_reference
883,keyword_search,sdm jongkok,2026-08-15,,Mahasiswa dari asrama daerah timur indonesia ngadain aksi protes di depan balai kota.,Tuntutannya soal fasilitas asrama yang atapnya pada bocor dan ga ada air bersih.,Demo nya sempet ricuh karena ada oknum yang bakar ban di tengah jalan.,"kawanan sdm jongkok ini emang bisanya ngerusuh doang, usir paksa aja gerombolan primitif ini balik ke asalnya",3,1,1,1,hate_speech,protected_group,ethnicity,coded_language_or_euphemism
884,keyword_search,mahluk najis,2026-08-15,,Seleb tiktok cowok ini makin berani bikin tutorial make up tebel pake foundation sama lipstik.,Pakaiannya juga makin feminin pake crop top nampilin perut.,Followers nya malah pada muji cantik dan dukung kebebasan berekspresinya.,"Mahluk penyakitan ngerusak moral, potong aja itunya. Spesies halu najis banget 🤮",3,1,1,1,hate_speech,protected_group,sexual_orientation,ambiguous_reference
885,keyword_search,makhluk cacat,2026-08-15,,Anak kecil di kasir supermarket kemaren ngamuk teriak-teriak kenceng banget guling-gulingan.,Ibunya bilang maaf ke antrian lain karena anaknya punya kondisi spesial hiperaktif.,Harusnya orang tua tau diri kalau anaknya gabisa dikontrol gausah diajak belanja.,"produk gagal tuhan ngapain dibawa keluar, suntik mati aja makhluk cacat itu biar ga repot!",3,1,1,1,hate_speech,protected_group,disability,ambiguous_reference
886,keyword_search,ras penjajah,2026-08-15,,Bule di canggu ketauan maling roti di minimarket dan sempet ribut sama kasir.,"Pas dilaporin ke polisi, dia ngaku kehabisan duit buat beli tiket pulang ke negaranya.",Heran banyak banget turis modal gembel tapi gaya selangit di sini.,"mereka ini emang pantes digorok, usir aja ras penjajah gembel ini dari negara kita",3,1,1,1,hate_speech,protected_group,nationality,ambiguous_reference
887,keyword_search,india,2026-08-15,,konten kreator India nyobain jajanan pinggir jalan di mumbai dan viral karena proses masaknya.,Penjualnya ngaduk adonan pake tangan telanjang masuk ke panci gede ga pake sarung tangan.,Air buat cucian piringnya juga cuma pake satu ember dipake berkali-kali kotor banget.,"manusia kotor jorok, pantes negara asalnya bau tai, musnahin aja ras keling ini.",3,1,1,1,hate_speech,protected_group,race,coded_language_or_euphemism
888,keyword_search,sampah,2026-08-15,,Podcast terbaru ngebahas gimana pria sejati harus megang kendali 100% soal keuangan istri.,Katanya biar istri ga berani macem-macem dan selalu bergantung sama suami.,Bikin merinding denger logika patriarki kolot kayak gitu di jaman sekarang.,"makhluk manipulatif ini memang selamanya sampah genetik, pantesnya spesies ini dimusnahkan saja agar bumi aman",3,1,1,0,hate_speech,protected_group,gender,ambiguous_reference
889,keyword_search,kolot,2026-08-15,,"Pas ritual tahunan di pulau dewata, internet dan siaran tv bener-bener dimatiin total 24 jam.",Bahkan lampu rumah ga boleh keliatan nyala dari luar kalau malem hari.,Buat pendatang yang ga biasa pasti ngerasa tersiksa banget ga bisa ngapa-ngapain.,"kelompok kolot nyusahin orang, praktek sesat gatau diri kek gini harusnya dibumihanguskan aja dari negara kita",3,1,1,0,hate_speech,protected_group,religion,ambiguous_reference
890,keyword_search,jateng,2026-08-15,,Mudik lebaran taun ini stasiun senen dipadati ratusan ribu penumpang tujuan jateng dan jatim.,Habis lebaran pasti mereka bawa saudara atau tetangga sekampungnya ke jakarta buat ngadu nasib.,"Padahal skill ga ada, ujung-ujungnya cuma jadi pengangguran atau buka lapak liar di trotoar.","mental babu pantesnya jadi pesuruh selamanya, ni orang kerjanya cuma bikin kumuh daerah orang",3,1,1,1,hate_speech,protected_group,ethnicity,ambiguous_reference
891,keyword_search,laknatullah,2026-08-15,,Pengeboman rumah sakit di jalur perbatasan memakan korban ratusan perawat dan pasien.,Pihak militer sana ngeles bilang kalau ada markas milisi di bunker bawah tanah rumah sakit itu.,Selalu alasan klise buat membenarkan pembantaian massal yang mereka lakuin.,"ras parasit ini emang genetiknya pembunuh, bantai aja kaum laknatullah ini sampe ga ada sisa",3,1,1,1,hate_speech,protected_group,religion,coded_language_or_euphemism
892,keyword_search,penyimpang,2026-08-15,,Kontes modeling lokal di balai desa terpaksa dihentikan paksa sama warga sekitar.,Soalnya semua pesertanya itu transpuan yang pake gaun seksi dan musiknya kenceng banget.,Panitia padahal udah bayar iuran ke preman kampung tapi tetep aja digerebek.,"kaum penyimpang najis ini emang harus dibasmi, ganyang aja makhluk-makhluk kotor ini sampe mampus!",3,1,1,1,hate_speech,protected_group,sexual_orientation,ambiguous_reference
893,keyword_search,komunis,2026-08-15,,Perusahaan tambang asing baru aja ngebuka lowongan kerja tapi syarat bahasanya mandarin wajib.,Ternyata tenaga kerjanya juga mayoritas diimpor langsung dari daratan asalnya.,Warga lokal bener-bener kaga dikasih ruang buat nyari makan di tanahnya sendiri.,"invasi komunis babi, bakar aja pabriknya biar kuli-kuli itu hangus semua",3,1,1,1,hate_speech,protected_group,nationality,ambiguous_reference
894,keyword_search,barbar,2026-08-15,,Kelompok penagih utang yang kemaren ngambil paksa mobil di jalanan bawa sajam.,Ngomongnya ngegas banget pake logat keras dari luar pulau bikin takut warga.,Kalau udah bergerombol gitu polisi aja kadang kewalahan ngadepinnya.,"gerombolan barbar berisik ini memang tidak beradab, spesies liar ini mending dikurung aja di kerangkeng",3,1,1,0,hate_speech,protected_group,ethnicity,coded_language_or_euphemism
895,keyword_search,makhluk pincang,2026-08-15,,Pengguna kursi roda kesulitan naik jembatan penyeberangan karena liftnya rusak berbulan-bulan.,Akhirnya dia maksa nekat nyeberang lewat jalan tol raya dibantu warga sekitar.,Bikin macet panjang banget gara-gara mobil harus ngerem mendadak ngasih jalan.,"makhluk pincang gatau diri, tabrak aja mendingan biar mampus kaga nyusahin jalanan",3,1,1,0,hate_speech,protected_group,disability,ambiguous_reference
896,keyword_search,lonte,2026-08-15,,Thread viral korban catcalling di KRL akhirnya berani lapor ke pihak berwajib.,"Tapi pas diliat foto profil sosmednya, emang dia sering posting pake tanktop sama celana pendek.",Netizen malah pada nyalahin cara berpakaiannya yang katanya ngundang syahwat laki-laki.,"lonte murahan pantes digituin, emang gatel ngangkang mulu makanya digrepe wkwk!",3,1,1,1,hate_speech,protected_group,gender,ambiguous_reference
897,keyword_search,radikal,2026-08-15,,Emak-emak yang pake pakaian serba hitam nutup muka nyisain mata doang diusir dari bank.,Satpamnya curiga karena dia bawa tas ransel gede trus nolak pas disuruh buka cadarnya buat verifikasi.,Aturan keamanan bank kan emang ketat ga boleh ada wajah yang ketutup demi keamanan bersama.,"pakaian setan curiga bawa bom, usir aja kelompok radikal ini dari tempat umum.",3,1,1,1,hate_speech,protected_group,religion,coded_language_or_euphemism
898,keyword_search,parasit,2026-08-15,,Liburan ke daerah puncak sekarang rasanya kayak lagi di timur tengah.,Banyak tulisan toko pake huruf arab dan turisnya banyakan rombongan dari sana.,Mereka sering nyewa villa mingguan trus bikin pesta tertutup ngundang cewek lokal.,"parasit gurun nyampah doang, basmi aja kaum bau badan ini dari negara kita 🤮",3,1,1,1,hate_speech,protected_group,race,ambiguous_reference
899,keyword_search,penyimpangan,2026-08-15,,Perpustakaan sekolah dasar dapet sumbangan buku dari NGO barat soal kebebasan berekspresi.,Ternyata di dalemnya ada karakter yang diidentifikasi ga punya gender tetap alias non-biner.,Orang tua murid langsung panik dan minta bukunya dibakar massal di lapangan.,"agenda kotor penderita sakit jiwa buat nularin penyimpangan, mereka harus diisolasi dan dimusnahkan.",3,1,1,0,hate_speech,protected_group,sexual_orientation,ambiguous_reference
900,keyword_search,pemalas,2026-08-15,,Bapak-bapak pos ronda dari daerah pasundan tiap malem kerjanya cuma ngopi sama main catur.,Kalau siang pada nongkrong di warung ngomongin tetangga yang baru beli motor atau mobil.,Keliatan santai banget idupnya kaya ga ada beban nyari duit buat keluarga.,"kaum pemalas bisanya ngegosip doang, pantesan miskin ga ada kemajuan orang-orangnya",3,1,1,0,hate_speech,protected_group,ethnicity,ambiguous_reference
901,browsing,,2026-08-07,Ngumpet tapi masih keliatan tuh gimana konsepnya??,Biar ditemuin sama my byutiful girl a.k.a you,WKWKWK ATAP RUMAH GADANG NGAPAIN KAMU BAWA-BAWA??,"Itu isinya nasi sayang, kalo kamu laper aku tinggal nunduk nanti nasi nya glundung","😭😭😭 ayang, ngakak banget bayanginnya..",4,0,0,0,neither,none,,explicit
902,browsing,,2026-08-07,"Pemerintah bisa bersikap seolah semuanya baik-baik saja, tetapi melemahnya nilai tukar rupiah tidak bisa berbohong. Ada yang salah dengan negeri ini, dan yang lebih menyedihkan, para pemimpinnya seakan tidak mau menerima kenyataan","Tahun lalu sudah diingetin oleh para ekonom MBG dan KDMP bisa menekan fiskal kita tapi dibilang ""antek asing"" kelas menengah hilang 11 juta orang juga diabaikan oleh pemerintah warning itu sudah sering disampaikan tapi apalah daya sense of crisis udah mati","🤣🤣🤣 Itu. Mah kecil cuannya yang di gelontorin pemerintah ke rakyatnya,, MBG dan koperasi itu kecil di bandingkan dengan pengusaha yang ngambil SDA dan kekayaan alam dari Indonesia untuk memperkaya Singapura,🤣🤣🤣",tau fiskal gak ?,"Setidaknya,, Sedikit sedikit ngerti,,",4,0,0,0,neither,none,,explicit
903,browsing,,2026-08-08,waktu x 24 jam dan tempat dipersilahkan untuk Coach Monet..,kalau akun dan cuitan lu lewat di Premium+ dapet nya dua kali lipat katanya [PERSON_A]😂,Impressinya 2x lipat gtu ya mas?,ini penjelasannya kak [PERSON_A]🙏,Apakah aku harus langganan premium plus😔,4,0,0,0,neither,none,,explicit
904,browsing,,2026-08-08,"Jujur, selama ini gw mengira [ORGANIZATION_A] bakal menghasilkan inovasi berupa alat2 canggih atau penemuan2 baru. Ga nyangka masih sebatas Genteng dan sepatu. 🙏 Mohon maaf jika ada yang kurang berkenan. 🙏","Tetangga ada yg kerja di [ORGANIZATION_A], menemukan obat dr kunyit dan d jadikan pil. Bagus ko, sy minum tubuh terasa lebih segar",bedanya dg yg di marketplace apa,Belum d jual d marketplace bang..,"Dia nanya beda punya temen lu sama yg di marketplace itu apa, bukan nanya dia udh jual di marketplace atau belom",4,0,0,0,neither,none,,explicit
905,browsing,,2026-07-29,"kemana ya gameplay [PERSON_A] pas lawan bulgaria, oman, mozambik kemarin meskipun squadnya beda tapi kan ini lawannya jauh di bawah bulgaria","Makin menegaskan pemain liga kangkung gabisa dilatih,🤣 iq football nya jongkok",Perasaan [ORGANIZATION_A] dari dulu yg sering ke final pemain liga 1 semua dah,dulu?,Lah dari jaman kibenen timnas senior udah sering ke final bos. Cuman gak pernah juara aja.,4,0,0,0,neither,none,,explicit
906,browsing,,2026-07-29,gapapa kan?,waduh apa inii,jangan kebanyakan live toktok makannya biar ngerti,baru juga lipe sekali ih,langsung ketauan wkwk,4,0,0,0,neither,none,,explicit
907,browsing,,2026-07-29,"klo harus impresi home timeline berarti stop ngepost kamu makan apa ya ga ada yg peduli soalnya kamu makan apa, kamu bukan [PERSON_A] hehehe",kayaknya bakal ada yg kesinggung sama twit harmless ini🥺🥺🥺🥺,gw [PERSON_B]. mulai skrg gw akan post makanan 😡,wkwkwk ayo baiwan lagi w udah punya [PERSON_C] pildun,gassss kapannn,4,0,0,0,neither,none,,explicit
908,browsing,,2026-07-29,Lebih berat/susah gaya uleg atau naik-turun kak? 🥲 (Bertanya kepada suhu),"lebih susah naik turun kak soalnya harus lawan gravitasii, ditambah lagi kalo naik turun ada kemungkinan penisnya lepas dari lubangnya wkwkwk jadi tergantung ukuran penisnya si harus bisa ngepasin jarak naiknya biar ga lepas dari miss v😭","Kenapa ga cowo nya aja suruh naik turun, ih ribet bgt ya 😭",kalo pegel bisa minta gantian kak tapi kalo mau sensasi mentok banget emang harus wot😭,Dua2nya harus banyak senam yahhh wkwk,4,0,0,0,neither,none,,explicit
909,browsing,,2026-07-29,Woi anjing padahal [PERSON_A] udah mau di naturalisasi aja itu uduh cukup buat ngebuktiin kalo dia tu nasionalis anjing. Daripada pejabat pejabat berdasi.,Gitu ye? Naah.. kalo orang yang dikomentarin gimane? Pantess jadi pejabat?,Hah? Gimana-gimana?,Cobain dah.. you tanya  sama warganet/netizens laennye!! Gimane komentarnye??,diksi lu benerin dulu,4,0,0,0,neither,none,,explicit
910,browsing,,2026-07-29,nah ini bener jangan dikontenin terus adek ini kasian😭😭😭,"Itu bapaknya emang residivis dan begal. Bukan nyuri ayam boiler kiloan tapi ayam aduan yg harganya jutaan. Sekali nyuri belasan ayam & uda berkali2 nyuri di daerah sana sampai warga marah. Kenapa nggak lapor polisi? Itu wilayah asalnya kebal polisi, semacem Mexiconya Bali.",Katanya motornya juga hasil curian dan ada yg mengenali.Ini bener ga ya beritanya?,"anying kalo ginimah emg pantes mati tu orang, yang pernah ngerasain kehilangan motor pasti stuju kalo maling kendaraan tuh wajib dimatiin.","iya gw setuju, emang bapaknya pantes dapet hukuman seberat mungkin. tapi anak & keluarganya ga pantes menderita gitu",4,0,0,0,neither,none,,explicit
911,browsing,,2026-07-29,iPad sekarang harganya makin ga ngotak.,"Bener, padahal mending beli laptop sekalian.",Tapi buat nugas di kampus enakan tablet anjir enteng.,Laptop jaman sekarang juga banyak yang enteng kok.,"Tergantung kebutuhan jurusan sebenernya. Kalau butuh buat nulis rumus, bikin mindmap, atau gambar, tablet jauh lebih efisien. Tapi kalau sering ngoding atau olah data Excel, mending ambil laptop aja biar keyboard-nya lebih ergonomis dipakai ngetik lama.",4,0,0,0,neither,none,,explicit
912,browsing,,2026-07-29,Festival musik lokal isinya band itu-itu mulu.,"Iya, promotor males nyari musisi baru kayanya.",Padahal tiketnya makin mahal tiap tahun.,Udah gitu sound systemnya kadang suka sember.,"Bener sih soal line up yang repetitif, tapi kadang promotor juga main aman nyari artis yang fanbase-nya solid biar balik modal. Kalau mau dapet musisi yang fresh, coba datengin gig skala kecil di kafe atau kolektif musik lokal aja.",4,0,0,0,neither,institution_policy_idea,,explicit
913,browsing,,2026-07-29,Nasi goreng gerobak selalu lebih enak dari nasgor resto.,Soalnya bumbunya medok dan apinya gede wkwk.,Wok hei nya dapet bikin aromanya smokey banget.,Bersih ga tuh wajannya jadi kepikiran.,"Kunci utamanya emang di besarnya api (wok hei) yang bikin bumbunya karamelisasi sempurna tanpa bikin nasinya lembek. Selama gerobaknya keliatan rapi dan minyaknya rajin diganti, sesekali jajan di pinggir jalan aman-aman aja kok. 🍳",4,0,0,0,neither,none,,explicit
914,browsing,,2026-07-29,Susah banget nyari sunscreen yang ga bikin whitecast.,"Sama, muka gue malah jadi abu-abu kaya monyet.",Pake chemical sunscreen aja jangan yang physical.,Tapi physical lebih aman buat kulit sensitif katanya.,"Memang physical sunscreen (yang mengandung Zinc Oxide) pasti ninggalin sedikit whitecast karena cara kerjanya memantulkan sinar UV di atas kulit. Coba akalin pakenya tipis-tipis dulu per layer, jangan langsung diteplok banyak biar gampang di-blend.",4,0,0,0,neither,none,,explicit
915,browsing,,2026-07-29,Kucing wajib divaksin ga sih sbnrnya?,"Wajib lah, apalagi virus panleukopenia lagi ngeri.",Biayanya lumayan mahal buat anak kosan.,"Pelihara peliharaan kok ngeluh, gausah miara mending.","Vaksinasi tahunan sangat direkomendasikan untuk mencegah penyebaran virus mematikan pada kucing. Kalau dana terbatas, pantau terus info dari dinas pertanian atau puskeswan daerah karena mereka sering ngadain program vaksinasi dan sterilisasi subsidi. 🐈",4,0,0,0,neither,none,,explicit
916,browsing,,2026-07-29,Kebijakan WFO full 5 hari seminggu bikin capek di jalan.,Padahal pas WFH produktivitas kita tetep bagus.,Bos nya pada butuh validasi kali pengen diliatin.,Biar gedung kantornya ga rugi disewa mahal-mahal.,"Sistem hybrid sebenarnya jauh lebih ideal di era sekarang. WFO bisa difokuskan untuk meeting krusial dan kolaborasi tim, sementara tugas individual yang butuh konsentrasi tinggi diselesaikan saat WFH. Perusahaan yang kaku adaptasi bakal rawan kehilangan talenta bagus.",4,0,0,0,neither,institution_policy_idea,,explicit
917,browsing,,2026-07-29,Jalur busway sekarang diterobos motor terus.,"Sterilisasi udah ga jalan, polisi juga pada diem.",Bikin macet anjir busnya jadi telat semua.,Kasian penumpang yang udah bayar mending naik ojol.,Menerobos jalur TransJakarta itu pelanggaran lalu lintas dan membahayakan keselamatan bersama. Seharusnya denda tilang elektroniknya dimaksimalkan kembali agar transportasi publik kita bisa benar-benar bebas hambatan sesuai fungsinya.,4,0,0,0,neither,institution_policy_idea,,explicit
918,browsing,,2026-07-29,Film-film horor jadul pada di-remake semua sekarang.,Kehabisan ide cerita kayanya sutradara kita.,Mana kadang CGI nya malah kalah natural sama aslinya.,Pemerannya juga kurang auranya dibanding aktor lawas.,"Remake film klasik merupakan strategi bisnis yang lumrah di industri perfilman global untuk menggaet generasi baru. Sayangnya, banyak yang hanya mengandalkan nostalgia tanpa memberikan pembaruan naratif yang signifikan pada karakternya.",4,0,0,0,neither,institution_policy_idea,,explicit
919,browsing,,2026-07-29,Mending investasi emas atau crypto sih jaman sekarang?,Emas lah pasti aman jangka panjang.,Crypto cuannya lebih cepet tapi resikonya gila.,Kalo pemula mending emas aja gausah gaya-gayaan.,"Diversifikasi portofolio itu penting. Emas cocok banget buat lindung nilai aset dari inflasi jangka panjang karena harganya stabil. Sementara crypto bisa dialokasikan maksimal 5-10% dari total modal untuk sekadar ngejar growth, asal siap dengan fluktuasinya. 📉",4,0,0,0,neither,institution_policy_idea,,explicit
920,browsing,,2026-07-29,Angkat beban tuh bikin badan cewek jadi keker ga sih?,"Ga lah, cewek kan hormon testosteronnya dikit.",Tapi temen gue main gym tangannya jadi gede tuh.,Palingan dia makannya surplus kalori makanya ngelebar.,"Mengangkat beban tidak akan membuat perempuan otomatis berotot besar layaknya binaragawan, karena secara genetis komposisi hormonnya berbeda. Justru resistance training sangat bagus untuk kepadatan tulang dan bikin postur tubuh jauh lebih fit. 💪",4,0,0,0,neither,none,,explicit
921,browsing,,2026-07-29,Gacha rate di game ini pelit banget sumpah.,Gue abis jutaan ga dapet karakter limitednya.,"Hoki-hokian itu mah, temen gue sekali pull dapet.",Udah tau sistem judol dibalut game masih aja dimainin.,"Sistem gacha di dalam game memang dirancang secara psikologis untuk mendorong pemain terus top-up (FOMO). Kalau mau main aman, pastikan selalu menabung resource di in-game sampai mencapai batas pity-nya agar kepastian dapat karakternya terjamin tanpa harus keluar uang.",4,0,0,0,neither,institution_policy_idea,,explicit
922,browsing,,2026-07-29,Sistem UKT kampus negeri makin lama makin mahal aja.,"Katanya subsidi silang, tapi yang kaya pada malsuin data.",Ujung-ujungnya mahasiswa kelas menengah yang paling dicekik.,Harus demo sih ini biar rektorat pada melek.,Transparansi dalam penentuan golongan UKT memang harus segera diperbaiki oleh pihak universitas. Mahasiswa yang merasa keberatan dengan nominalnya berhak mengajukan banding atau keringanan biaya dengan melampirkan berkas keuangan keluarga yang valid.,4,0,0,0,neither,institution_policy_idea,,explicit
923,browsing,,2026-07-29,COD di e-commerce mending dihapus aja bikin repot kurir.,Banyak bocil pesen barang pas dateng ga mau bayar.,Kurirnya yang kena denda kalo paketnya dikembaliin.,Padahal bisa bayar pake minimarket kalo ga punya m-banking.,"Fitur COD awalnya dibuat untuk merangkul masyarakat di pelosok yang belum tersentuh literasi keuangan digital. Solusinya bukan dihapus total, melainkan e-commerce harus memblokir permanen akun pembeli yang sering menolak paket agar kurir tidak terus dirugikan.",4,0,0,0,neither,institution_policy_idea,,explicit
924,browsing,,2026-07-29,Beli baju thrifting impor kok sekarang dilarang sih.,Katanya ngerusak pasar UMKM tekstil lokal.,Padahal kualitas baju bekas impor jauh lebih bagus.,Baju lokal sekarang harganya overpriced ga masuk akal.,"Regulasi larangan pakaian bekas impor sebenarnya ditujukan untuk mencegah Indonesia menjadi tempat pembuangan sampah tekstil global. Namun, pemerintah juga harus membina pengusaha UMKM lokal agar bisa menekan biaya produksi dan meningkatkan kualitas kainnya.",4,0,0,0,neither,institution_policy_idea,,explicit
925,browsing,,2026-07-29,Keyboard mekanikal suaranya berisik banget kaya mesin tik.,Sengaja emang biar ngetiknya berasa ada kepuasan.,Pake switch biru sih lo makanya tetangga pada bangun.,Mending pake keyboard bawaan laptop aja sepi.,"Kalau suka sensasi ngetik tapi ga mau ganggu rekan kerja di kantor, coba ganti switch keyboard kamu ke varian tactile atau linear (seperti red/brown switch) lalu tambahkan foam peredam di dalam casingnya. Suaranya bakal jauh lebih empuk (thocky) dan ga berisik. ⌨️",4,0,0,0,neither,none,,explicit
926,browsing,,2026-07-29,Self-diagnose mental illness gara-gara TikTok bahaya banget.,Banyak abg ngerasa depresi padahal cuma bad mood biasa.,Nonton satu video langsung nyimpulin kena ADHD.,Psikolog capek pasti nerima klien kaya gini.,"Kesadaran akan kesehatan mental yang meningkat di sosial media adalah hal positif, namun mendiagnosis diri sendiri tanpa bantuan profesional bisa berujung pada penanganan yang salah. Gejala-gejala psikologis hanya bisa dikonfirmasi lewat serangkaian tes klinis oleh ahlinya.",4,0,0,0,neither,none,,explicit
927,browsing,,2026-07-29,First date mending cowok yang bayarin atau split bill?,"Cowok dong, kan dia yang ngajak jalan duluan.",Kalo split bill kesannya cowoknya perhitungan amat.,"Jaman sekarang kesetaraan gender bos, bayar masing-masing.","Membicarakan ekspektasi pembayaran sebelum berkencan bisa mencegah kecanggungan. Tidak ada aturan baku; bagi sebagian orang, split bill menunjukkan independensi finansial, sementara bagi yang lain, dibayari adalah bentuk apresiasi (love language). Komunikasikan saja dengan santai.",4,0,0,0,neither,none,,explicit
928,browsing,,2026-07-29,Bule di Bali belakangan ini kelakuannya makin aneh-aneh.,Pake motor ugal-ugalan ga pake baju sama helm.,Kerja pake visa turis juga banyak yang buka rental.,Imigrasi harusnya lebih tegas deportasi mereka.,"Masalah overtourism dan pelanggaran hukum oleh turis asing membutuhkan penegakan aturan yang konsisten dari pemerintah daerah dan kepolisian. Kita tidak anti wisatawan, namun mereka wajib tunduk pada norma dan hukum positif yang berlaku di Indonesia.",4,0,0,0,neither,institution_policy_idea,,explicit
929,browsing,,2026-07-29,Mobil listrik masih ribet banget buat dipake mudik keluar kota.,"SPKLU nya belum merata, ngantrinya bisa berjam-jam.",Batre bocor gantinya seharga mobil baru ngeri.,Paling bener emang mobil bensin konvensional ga ada matinya.,"Saat ini, EV (Electric Vehicle) memang lebih efisien untuk mobilitas dalam kota karena bebas ganjil genap dan hemat biaya operasional harian. Untuk perjalanan antarkota yang sangat jauh, mobil hybrid tampaknya menjadi jembatan transisi yang paling rasional sebelum infrastruktur charging benar-benar matang.",4,0,0,0,neither,institution_policy_idea,,explicit
930,browsing,,2026-07-29,KPR rumah harganya gila banget cicilannya sampe 20 tahun.,Kalau nyicilnya selama itu jatuhnya bayar bunga doang anjir.,Mending nabung emas sampe kekumpul baru beli cash.,Sampe kiamat juga ga bakal kebeli keburu harganya naik lagi.,"Mengambil KPR memang komitmen jangka panjang yang harus dihitung cermat. Kalau mau cicilannya ringan dan bunganya lebih pasti, kamu bisa mencari informasi soal KPR Subsidi FLPP dari pemerintah yang cicilannya flat sampai lunas, khusus untuk pembeli rumah pertama. 🏡",4,0,0,0,neither,institution_policy_idea,,explicit
931,browsing,,2026-07-29,Potongan admin buat driver ojol gede banget sekarang sampe 20%.,Pantesan argo makin mahal tapi driver ngeluh dapetnya dikit.,Aplikasinya monopoli sih jadi semena-mena.,Harusnya ada batas maksimal potongan dari kemenhub.,Kesejahteraan pekerja gig economy seperti driver ojek online sering terabaikan karena status kemitraannya yang lemah di mata hukum. Sangat krusial bagi pemerintah untuk merevisi regulasi batas atas komisi agar ekosistem transportasi online tetap sehat bagi aplikator dan pengemudinya.,4,0,0,0,neither,institution_policy_idea,,explicit
932,browsing,,2026-07-29,Orang Jaksel kalau ngomong campur-campur inggris cringe abis.,Which is literally annoying banget dengernya wkwk.,Biar keliatan pinter kali padahal grammar belepotan.,Bahasa indonesia aja susah apalagi sok inggris.,"Fenomena code-mixing dalam sosiolinguistik sebenarnya wajar terjadi di lingkungan urban yang terpapar budaya global. Selama lawan bicaranya mengerti dan digunakan pada konteks kasual, tidak ada yang salah dengan mencampur bahasa untuk mengekspresikan diri.",4,0,0,0,neither,none,,explicit
933,browsing,,2026-07-29,Teknik pomodoro 25 menit kerja 5 menit istirahat ga mempan di gue.,"Pas baru nemu fokus malah disuruh istirahat, buyar deh.",Kalo istirahat 5 menit malah bablas jadi 2 jam main hp.,Mending dikerjain nonstop sampe beres sekalian.,"Teknik Pomodoro itu fleksibel, tidak harus terpaku pada interval 25 menit. Kalau kamu butuh waktu fokus yang lebih panjang, coba modifikasi menjadi sesi 50 menit kerja dengan 10 menit istirahat. Temukan ritme yang paling cocok dengan rentang konsentrasi alami otak kamu.",4,0,0,0,neither,none,,explicit
934,browsing,,2026-07-29,"Baca buku fisik baunya enak, ga tergantikan sama e-book.","Setuju, ngeliat rak penuh buku tuh ada kepuasan sendiri.",Tapi e-book praktis banget bisa bawa ribuan buku di HP.,Buku fisik berat menuh-menuhin tas doang sekarang mah.,"Sensasi membalik halaman buku fisik memang punya nilai sentimental dan minim distraksi mata. Namun, perangkat seperti e-reader (Kindle/Kobo) menawarkan kepraktisan luar biasa bagi mereka yang sering bepergian, karena layar e-ink-nya juga sangat nyaman dibaca berjam-jam tanpa bikin mata lelah. 📚",4,0,0,0,neither,none,,explicit
935,browsing,,2026-07-29,Kenapa cuaca sekarang siang panas terik sore badai petir ya.,Pancaroba emang gini langganan orang pada tumbang sakit.,Jemuran ga pernah kering sempurna cucian numpuk.,Global warming juga ngaruh bikin cuaca ga ketebak.,"Perubahan suhu yang ekstrem dalam satu hari memang sangat menguji daya tahan tubuh kita. Pastikan untuk selalu mengonsumsi vitamin C, menjaga hidrasi, dan membawa jas hujan atau payung di tas agar tidak kehujanan saat beraktivitas di luar ruangan.",4,0,0,0,neither,none,,explicit
936,browsing,,2026-07-29,Lagi mikirin rencana tahun depan,Banyak yang mulai opmoots,Aku juga lagi nimbang-nimbang,Ada yang udah siapin budget,Aku juga lagi ngerencanain pelan-pelan biar ga kaget nantinya,4,0,0,0,neither,none,,explicit
937,browsing,,2026-07-29,Udah saatnya stop nganggep semua orang temen,Kadang kita terlalu mudah percaya,Akhirnya kecewa sendiri,Lebih baik selektif,"Iya sih, lebih baik jaga jarak dulu sampai benar-benar kenal",4,0,0,0,neither,none,,explicit
938,browsing,,2026-07-29,Cuaca di puncak lagi dingin banget,Cocok buat hiking ringan,Tapi harus siap jaket tebal,Bawa termos juga lebih aman,"kemarin waktu bawa teh anget, rasanya beda banget sama di kota",4,0,0,0,neither,none,,explicit
939,browsing,,2026-07-29,Tiket film sudah dibeli dari Senin,Besok mau nonton sama pacar,Semoga ada yang ikut juga,Genre-nya ringan biar santai,Semoga ada yang liat ini yang siapa tau mau nonton juga! Tiketnya udah aku beli dari Senin bahkan >_<,4,0,0,0,neither,none,,explicit
940,browsing,,2026-09-26,"Di Indon ""fasisme"" dibelokkan jadi ""militerisme"". Itu sesat sih, imo.","Militerisme itu cuma satu gejala fasisme, penyakit yang sudah bermetastase dan makin menguasai seluruh sendi kehidupan masyarakat yang kian hari kian menjadi zombie.","Ketika semuanya menjadi zombie, sulit sekali bisa muncul organisasi politik yang menjadikan perlawanan terhadap fasisme sebagai agenda eksplisitnya. ",Tentu harus dimulai dengan mengidentifikasi dan menyebut nama fenomenanya dengan terang.,"Mengapa Indonesia memiliki masalah fasisme? Karena kita memiliki masalah identitas yang memanifestasikan dirinya sebagai kompleks inferioritas kolektif. Kompleks tersebut memunculkan keinginan akan sosok Ratu Adil yang bersifat mesianis, yang mampu meredakan kecemasan masyarakat yang berada dalam kondisi rapuh.",4,0,0,0,neither,institution_policy_idea,,explicit
941,browsing,,2026-07-29,Lagi hitung ulang budget bulanan,Kategori makan di luar kebesaran,Perlu dipangkas,Catat pengeluaran kecil dulu,Menurut saya lebih baik mulai catat semua pengeluaran kecil. Kadang yang sepele justru ngeboncos,4,0,0,0,neither,none,,explicit
942,browsing,,2026-09-26,"Di atasnya ""people pleaser"" itu ada namanya ""savior complex"". Hobinya nyelamatin dunia. Padahal gaada yg minta.","Selalu ngerasa harus bantu, nyelesaiin masalah orang lain, kasih solusi, bahkan ikut mikul beban yang sebenernya bukan tanggung jawabnya.","Fulfilled kl ngerasa paling dibutuhkan. Sampe kadang lupa nanya ke diri sendiri, ""Sebenernya gue mau bantu, atau gue takut kalau gue ga dibutuhkan?""","Karena ngerasa dibutuhkan emg bisa bikin kita ngerasa berharga. Tapi kl harga diri kita mulai bergantung sama seberapa banyak org yg bisa kita selamatin, lama lama kita sendiri yg cape.",Gasemua masalah harus lo selesain. Gasemua org harus lo selamatin. Dan gasemua org yg lg kesulitan butuhin lo buat ambil alih hidup mereka.,4,0,0,0,neither,none,,explicit
943,browsing,,2026-07-29,Lagu indie lokal lagi naik daun,Liriknya relate banget,Produksinya juga rapi,Cocok buat playlist kerja,"pas aku putar terus di playlist kerja, rasanya lebih enak daripada lagu luar yang udah basi",4,0,0,0,neither,none,,explicit
944,browsing,,2026-09-26,"Tiati, di yutup udah banyak. Buat yg suka pake yt music atau yt dan sukanya di autoplay next, gw pernah kegocek soalnya wkwk",Emang jir sarangnya di situ,"Bener banget, orang² pada sialan emang. Udah didengerin, ehh kok enak, begitu dicari artisnya ngga nemu, sialan. Paling banyak yg lagu cover kek dibikin bossanova gitu tuh AI semua. Emang harusnya ada labelnya sih.",Tp musik ai tu beda si kek gaada soulnya,"Kalo yg prompter ecek² iya, kaya cover² gitu pasti kerasa banget kalo AI, tapi kalo yg oke (bukan memuji) kudu didengerin bolak balik dulu baru kerasa. Dan yg baru² skrg apalagi yg J-Pop, itu udah kek emang artis music virtual, tapi generate AI, sampe harus cross-check.",4,0,0,0,neither,none,,explicit
945,browsing,,2026-07-29,Hp lama mulai lemot,Lagi bandingin ganti atau upgrade,Budget terbatas,Cek dulu apakah masih bisa di-upgrade,Lebih baik cek dulu apakah masih bisa di-upgrade. Kadang nambah ram aja udah cukup buat 1-2 tahun ke depan,4,0,0,0,neither,none,,explicit
946,browsing,,2026-09-26,"Sejujurnya pengen banget nyoba pake menstrual cup, tapi katanya yang peraw*an ga boleh pake ini? emang bener kah guys??😭","Yang pake menstrual cup minta review nya dong, saranin dari brand apa yang baguss & ga pake di rendem air anget cara bersihinnya",pake ini rasanya ky ngeganjel gitu gasih? penasaran tp blm berani coba,"kalau pas awal nyoba itu iya kak, tapi kalau udah terbiasa dalam 2x mens aja udah nyaman banget, kaya ga ada apa-apa",wow aman berarti yaa dr bocor2. sumpah ksl bgt kl lg mens trs bocor pdhl udh pake softex yg uk paling panjang tp ttp nembus🥹,4,0,0,0,neither,none,,explicit
947,browsing,,2026-07-29,Dia kalau dikerubungin perempuan bt anjir mukanya kalau laki yang ngerubungin sumringah banget 😭,"Siapa sih dulu yg nyebarin klo dia ganteng idaman wanita? 😭 Dulu kan sempet booming tuh dia. Sekarang kayanya selain muka gibran, muka bunted juga harus pake TW! Dah 😭",bahkan ada wattpadnya dulu wkwkkwkw gakuatt,Hah?!!! Demi apa?!😭,"benerann, dulu booming banget kann si [PERSON_B] ini 😭 ada beberapa cerita tentang dia di wp. sumpah walaupun dah lupa namanya, tapi seinget aku geli banget baca judul""nya cringe dan alay",4,0,0,0,neither,none,,explicit
948,browsing,,2026-09-26,"“LOKER DI INDO TU SEBENARNYA BANYAK LOH” IYAAAAA BANYAKKKK, TAPIIIIIIIII “intern unpaid” “intern paid 1 juta” “sales wifi” “debt collector” “pialaanggg” “umur maks 25 minimal pengalaman kerja 26 tahun”","Yang komen gengsi/males, sorry banget nih. No offense. Bahkan yang pendidikan tinggi pun tetep kalah sama ordal. Dan kesempatan itu ga datang buat setiap orang. Ga semua orang beralasan karena males, tapi karena emang kesempatan itu ga dateng sesering itu.","Kerasa bgt di aku kak,  jujur pas dgrnya agak kurang nyaman, tp ya gimana aku gapunya relasi dimana².","Aku pgn nyoba switch karir ke staff dr operator dgn ijazah S1, tp gatau knp aku gapernah ada panggilan interview dr perusahaan ini. Sedangkan temen aku sm HR perusahaan ini dibilang ""kalo lg butuh kerja  hubungin aja, nanti dicariin posisi""","Karena HR nya kenalan kakaknya. Temen aku cerita ke aku, dia tolak karena dia gak ngerti kerjaannya, dan kualifikasinya  S1, sedangkan temen aku SMA.. Tp aku gak buang2 kesempatan sih, aku titip nama aku-",4,0,0,0,neither,none,,explicit
949,browsing,,2026-09-25,Apa pula ini berita? Mo pake strategi RKAB atau lewat kungfu mana ini 😅,"Sumpah berita ini, meski sebatas masih rumor, tapi bikin gak nyaman, ini seolah2 kek negara amu mendoninasi semua lewat beliau, bagus apa gak sih, kalau beneran jadi?","Ngeri kalo beneran kejadian Dulu bayan resources awalnya juga rumor, ternyata di beli juga 30% Lebih murah pula dari harga pasar","Nah itu,kok bisa ya dibeli lbh murah","Kapasitas produksinya digedhein dengan syarat harga pasarnya diturunin. Makanya isam berani borong 30% Kalo harganya ngikut harga pasar, kapasitas produksinya dibatasin",4,0,0,0,neither,institution_policy_idea,,explicit
950,browsing,,2026-09-25,"seriuss ada gak si orang yang chat whatsappnya sepi beneran sepii gitu,",kayaa kalo ada chat yg masuk paling cuma dari grup doang,Saya termasuk.. wkwmwm,kita sama dong,makanya main X saja biar bisa ngoceh kkwwkwkw,4,0,0,0,neither,none,,explicit
951,browsing,,2026-09-26,ac ku bocor nya gak ngotak sampe bajir 1 kamar udah kehabisan tisu dahlah gatau mau ngapain lg 😥,"Anak kos ada aja ide di luar nalarnya😭😭, udah coba laporan ke pemilik nya kah?",udah darisubuhhh disuruh service sendiri 😭,ya ampun ga bertanggungjawab bgt😞,"Buset kalo kayak gitu terus capek banget pasti. Seingetku harga service ac around 150k, kak..",4,0,0,0,neither,none,,explicit
952,browsing,,2026-09-26,"apakah aku hrs mengedukasi bahwa ukuran bra 32 34 36 tuh ga menentukan gede atau engganya volume payudara. Tapi cup A,B, C, D lah yg nentuinnya. Mau 38 sekalipun kalo cup nya A yaaaa tetep kecil... cuma lebar aja badannya Paham ga sihhh ni cowo cowo sotoy","cup A B C D tuh selisih ukurannya berapa ya? atau kira-kira A tuh segede benda apa, B segede apa, ada yang bisa ilustrasikan? trus kalo 34B tuh bentuk badannya kayak gimana/siapa?","A telur ceplok, B burger MCD, C Big mac mcd double beef, D pepaya atau melon begitulah kira2. Punya gue telur celpok tp ukuran 34. Jd pakai 34 A","Blm tentu kayak gt jg sih nder, krn ak 36DD/E, ga gede2 bgt kl ga pake, krn cenderung melebar gt bentuknya, pas pake bra br kayak banyak(?) isinya","Iya makanya, krn bentuk payudara tuh ga bisa dilihat dr ukuran aja. Tergantung merk, bahan. Lingkar punggung. Jd kali udh nemu toko yg emang ada uk buat ku biasanya balik lg ke toko itu.",4,0,0,0,neither,none,,explicit
953,browsing,,2026-07-29,Lagi belajar desain grafis otodidak,Banyak tutorial gratis,Tapi susah konsisten,Target kecil tiap minggu,Coba deh bikin target kecil tiap minggu. Lebih gampang diukur progresnya,4,0,0,0,neither,none,,explicit
954,browsing,,2026-07-29,Kesepian lebih baik daripada bingung,"Mending makan, ngantuk, tidur",Kadang overthinking bikin lelah,Istirahat dulu,"Iya sih, kadang lebih baik istirahat dulu daripada dipaksain mikir terus",4,0,0,0,neither,none,,explicit
955,browsing,,2026-07-29,Saran film yang ringan untuk aku dong,Genre komedi atau slice of life,Biar ga berat,Ada rekomendasi bagus,Coba deh yang slice of life lokal. Biasanya lebih ringan dan relate,4,0,0,0,neither,none,,explicit
956,browsing,,2026-07-29,Pernah ada waktu masih nganggur abis lulus,Stress ngelihat keberhasilan orang,Malah ngerasa lebih baik setelah hapus IG,Masa itu gak lama,Untungnya masa itu gak lama. Kadang jarak dari medsos bikin lebih tenang,4,0,0,0,neither,none,,explicit
957,browsing,,2026-07-29,Banyak orang di tempat kerja,Aku berharap secepatnya resign,Dapat kerjaan yang lebih baik,Semoga cepat ketemu,Semoga cepat ketemu yang lebih sesuai. Kadang pindah memang dibutuhkan,4,0,0,0,neither,none,,explicit
958,browsing,,2026-09-24,"kalo logikanya kaya gitu, kenapa peradaban kita lebih maju karena ilmuwan islam dulu? bukankah mereka juga mengkaji tentang ilmu ilmu tsb? tapi, argumenmu ada benarnya, bagian menguji keimanan, karena Allah pun sosok yg tak kasat mata, jadi hanya bisa kita percaya dan imani","Iya, di Islam, ad hal 2 yg mmg logis, ad jg yg gak. Ut hal2 yg kt sbg pribadi msh kurang mumpuni ilmunya, mmg ad baiknya menyerahkan urusannya pd mrk yg lebih tau.","hmm, kalau mengacu foto di post miw, itu kan masih sebagian ulama, apakah hal itu masih jadi perdebatan dan belum mutlak?","Kurang tau sih, krn sy jg bru liat. Tp klo dliat it fatwa beberapa Negara brbeda, klo term and co Shopee VIP yg jd dasar adanya fatwa di negara2 it sama dgn dsni, maka fatwa nya bs brlaku dsni jg.","menarik untuk dicek ulang, terima kasih untuk pov lainnya ryomen sukuna",4,0,0,0,neither,none,,explicit
959,browsing,,2026-07-29,Gw sebagai cules masih beranggapan,Kalau dia sehat dan balik percaya diri,Dia bakal perform bagus banget,Leadership-nya juga bagus,"Iya, leadership-nya memang bagus. Semoga bisa balik ke performa terbaiknya",4,0,0,0,neither,none,,explicit
960,browsing,,2026-07-29,"Bener, nonton dah",Bukan serem setan,Serem yang bikin mikir,Kalau gua yang kena gimana ya,"Iya, yang bikin mikir justru lebih nempel. Kadang film seperti itu lebih berkesan",4,0,0,0,neither,none,,explicit
961,browsing,,2026-07-29,Kafe di Senopati harganya makin gila.,"Kopi segelas 80 ribu, mending beli kopi keliling.","Yang mahal tuh bayar sewa tempatnya, bukan kopinya.",Emang target pasarnya buat orang tajir yang mau foya-foya.,"Harga kopi di kedai spesialis memang bervariasi tergantung jenis biji dan metode seduhnya. Kalau merasa harganya di luar anggaran, membuat kopi sendiri di rumah bisa jadi alternatif yang jauh lebih hemat. ☕",4,0,0,0,neither,none,,explicit
962,browsing,,2026-07-29,Orang ngegym tuh rata-rata pamer doang di instastory.,"Bener, alatnya difoto tapi badannya ga berotot.",Cuma gaya-gayaan biar dibilang anak sehat wkwk.,Palingan sebulan doang abis itu berenti langganannya.,"Rajin mendokumentasikan proses olahraga di gym itu sah-sah saja kok, seringkali itu jadi cara mereka buat jaga motivasi pribadi biar tetap konsisten. Yang penting esensi latihannya tetap dapet. 💪",4,0,0,0,neither,none,,explicit
963,browsing,,2026-07-29,Pake sunscreen tiap hari malah bikin muka jerawatan.,Pori-pori kesumbat tuh makanya bruntusan parah.,Mending gausah pake apa-apa biarin natural aja.,Sunscreen emang akal-akalan klinik kecantikan aja.,Breakout setelah rutin pakai tabir surya biasanya terjadi karena proses double cleansing yang kurang maksimal. Pastikan selalu membersihkan wajah pakai micellar water atau cleansing balm sebelum cuci muka pakai sabun ya.,4,0,0,0,neither,institution_policy_idea,,explicit
964,browsing,,2026-07-29,Beli lampu pinter warna warni malah bikin pusing.,"Emang ga penting, mending lampu putih biasa terang benderang.",Lagian ribet nyalain matiin harus pake hp atau suara.,"Barang ginian cepet rusak, setahun juga udah mati LED nya.","Penggunaan smart bulb memang lebih cocok untuk menciptakan ambience atau mood ruangan tertentu, bukan untuk penerangan utama saat bekerja. Biar awet, pastikan router WiFi di rumah sinyalnya stabil agar koneksinya ga gampang putus. 💡",4,0,0,0,neither,institution_policy_idea,,explicit
965,browsing,,2026-07-29,Kucing ras mahal-mahal gampang penyakitan.,"Bener, beda sama kucing kampung yang kebal banting.",Kucing kampung makan sisa tulang aja idup.,"Mending miara kucing kampung, ga abis-abisin duit.",Daya tahan tubuh kucing domestik maupun ras sebenarnya sangat bergantung pada kualitas nutrisi dan kelengkapan vaksinasinya. Perawatan dan makanan yang baik pasti akan berdampak positif pada kesehatan hewan dalam jangka panjang.,4,0,0,0,neither,none,,explicit
966,browsing,,2026-07-29,Orang tua bawa bayi nangis ke bioskop tuh egois banget.,Bayinya rewel ga ngerti apa-apa malah diajak nonton film aksi.,Harusnya dilarang masuk sama petugas tiketnya.,Bikin penonton lain gagal fokus gara-gara berisik.,"Pihak manajemen bioskop sebenarnya bisa menyediakan jam tayang khusus atau studio ramah keluarga dengan pencahayaan dan tata suara yang sudah disesuaikan, agar pengunjung umum dan orang tua sama-sama merasa nyaman.",4,0,0,0,neither,none,,explicit
967,browsing,,2026-07-29,Kerja kantoran 9-5 itu udah kaya perbudakan modern.,Gaji umr tapi disuruh ngerjain jobdesc 3 divisi.,"Mending jadi freelancer, bebas mau kerja dari mana aja.",Freelance lebih gampang dapet duit gede dari luar negeri.,"Menjadi pekerja lepas (freelancer) memang menawarkan fleksibilitas yang sangat tinggi, tapi kamu juga harus siap dengan tanggung jawab mencari klien secara mandiri dan mengatur dana darurat karena tidak ada jaminan asuransi kesehatan dari perusahaan.",4,0,0,0,neither,none,,explicit
968,browsing,,2026-07-29,Main saham sekarang tuh sama aja kaya judi legal.,Banyak bandar yang mainin harga biar ritel nyangkut.,Nyangkut di pucuk nangis darah duit tabungan abis.,Main deposito aja yang pasti-pasti ga bikin stres.,"Pasar modal memiliki mekanisme dan analisis fundamental yang jelas, berbeda dengan praktik judi. Edukasi literasi keuangan dan profil risiko sangat penting sebelum mulai berinvestasi agar kita paham membatasi kerugian. 📊",4,0,0,0,neither,institution_policy_idea,,explicit
969,browsing,,2026-07-29,Telur dadar pake tepung itu sekte sesat.,Rasanya jadi aneh kaya makan bakwan.,Orang miskin aja yang nyampur tepung biar telurnya keliatan gede.,Padahal telur murni aja udah enak banget digoreng kering.,Menambahkan sedikit terigu atau maizena pada adonan telur dadar itu trik yang sering dipakai di warung makan agar teksturnya lebih tebal dan krispi. Ini murni soal variasi resep dan selera masing-masing orang di dapur. 🍳,4,0,0,0,neither,none,,explicit
970,browsing,,2026-07-29,Kenapa sih orang-orang suka nyalain lampu hazard pas hujan deres.,Bikin silau dan malah bahaya buat mobil di belakangnya.,"Otaknya pada ditaro di dengkul, SIM nembak pasti.",Harusnya ditilang aja polisi tuh biar pada kapok.,"Menyalakan lampu hazard saat hujan memang menyalahi aturan keselamatan karena fungsi aslinya adalah untuk keadaan darurat saat kendaraan berhenti. Saat jarak pandang terbatas akibat cuaca lebat, cukup nyalakan lampu kabut (fog lamp) saja.",4,0,0,0,neither,institution_policy_idea,,explicit
971,browsing,,2026-07-29,Anak kecil main game online kelakuannya pada toxic semua.,Kalah dikit langsung keluar kebun binatang dari mulutnya.,Gara-gara orang tuanya ngasih hp bebas ga diawasin.,Generasi hancur emang moralnya dibiarin main judol juga ntar.,Peran fitur parental control pada konsol atau perangkat seluler sangat krusial untuk membatasi akses permainan sesuai rating usia. Mendampingi dan mengawasi anak saat bermain jauh lebih efektif daripada melarangnya sama sekali secara sepihak. 🎮,4,0,0,0,neither,none,,explicit
972,browsing,,2026-07-29,Beli baju di toko online sering zonk ga sesuai ekspektasi.,"Di foto bagus, pas dateng bahannya tipis kaya saringan tahu.",Makanya males beli online mending dateng ke tokonya langsung.,Penjual online pada nipu doang nyari untung instan.,"Untuk meminimalisir kekecewaan saat belanja pakaian daring, biasakan selalu membaca ulasan pembeli lain yang menyertakan foto asli produk dan teliti mencocokkan panduan ukuran (size chart) sebelum melakukan checkout barang.",4,0,0,0,neither,none,,explicit
973,browsing,,2026-07-29,Konsultasi ke psikolog tuh mahal banget sejutaan per jam.,Ga masuk akal buat orang menengah ke bawah.,Mending curhat ke temen gratis sambil ngopi.,Psikolog cuma dengerin doang ga ngasih solusi nyata.,"Biaya konsultasi profesional memang bervariasi. Bagi yang memiliki kendala finansial, saat ini sudah banyak puskesmas dan rumah sakit umum daerah yang menyediakan layanan psikologi yang layanannya bisa diklaim sepenuhnya menggunakan BPJS Kesehatan.",4,0,0,0,neither,institution_policy_idea,,explicit
974,browsing,,2026-07-29,Minum soda tiap hari siap-siap aja cuci darah pas tua.,Gulanya gila-gilaan setara makan gula sekilo.,Udah gitu bikin gendut cepet banget.,Minum air putih aja yang sehat dan ga bikin penyakitan.,"Kalau kamu sangat menyukai minuman bersoda tapi mulai ingin membatasi asupan kalori harian, beralih sementara ke varian diet coke atau zero sugar bisa jadi langkah awal yang cukup baik sambil membiasakan diri minum lebih banyak air mineral. 🥤",4,0,0,0,neither,none,,explicit
975,browsing,,2026-07-29,Maskapai penerbangan plat merah ini sering banget delay parah.,Penumpang diterlantarin di ruang tunggu ga dikasih info jelas.,Kompensasi juga palingan cuma dapet air mineral sama roti keras.,Mending maskapai swasta biarpun low cost tapi on time.,"Keterlambatan jadwal terbang seringkali dipengaruhi oleh faktor cuaca ekstrem atau lalu lintas udara yang padat. Sesuai regulasi kementerian, penumpang memiliki hak untuk menuntut kompensasi yang layak jika delay melewati batas jam tertentu.",4,0,0,0,neither,institution_policy_idea,,explicit
976,browsing,,2026-07-29,Nonton konser sekarang isinya orang rekam pake hp nyala semua.,Nutupin pandangan orang yang di belakangnya banget.,Norak pada pengen fomo update instastory doang.,Kalo nonton dari layar hp ngapain beli tiket mahal-mahal.,"Mengabadikan momen saat musisi idola tampil itu sangat wajar, tapi etikanya posisi ponsel sebaiknya disejajarkan dengan dada atau pandangan mata agar tidak menghalangi penonton di barisan belakang. Nikmati juga ambiens konsernya secara langsung!",4,0,0,0,neither,none,,explicit
977,browsing,,2026-07-29,"Tanaman hias jaman covid harganya ratusan juta, sekarang rongsok.",Emang pada ikut-ikutan doang tren sesaat digoreng bandar.,Kasian yang nyangkut beli mahal sekarang mati tanamannya.,Orang kita gampang banget dibodohin hal-hal spekulasi kaya gini.,"Fenomena meroketnya harga tanaman hias (seperti janda bolong) memang merupakan contoh klasik siklus penawaran dan permintaan massal. Sekarang karena harganya sudah kembali stabil, para kolektor sejati justru jadi lebih gampang untuk merawat dan memperbanyak koleksi mereka. 🪴",4,0,0,0,neither,institution_policy_idea,,explicit
978,browsing,,2026-07-29,"HP lipat (foldable) tuh gampang rusak layarnya, rapuh banget.",Garis lipatan di tengahnya lama-lama keliatan jelas ganggu mata.,Harga selangit tapi build quality kaya mainan plastik.,Inovasi gagal mending hp biasa yang layarnya ketebak tebel.,"Teknologi layar fleksibel memang masih terus dalam proses penyempurnaan riset oleh vendor ponsel. Ketahanan material engsel dan kaca pelindungnya perlahan sudah membaik dari generasi awal, jadi wajar jika konsumen masih bersikap wait and see di pasaran.",4,0,0,0,neither,institution_policy_idea,,explicit
979,browsing,,2026-07-29,Pasangan yang sering pamer kemesraan di sosmed biasanya aslinya toxic.,Menutupi masalah hubungan dengan postingan bahagia biar diliat orang.,Validasi doang dari netizen butuhnya.,Yang hubungannya adem ayem malah nyaris ga pernah ngepost.,Frekuensi mengunggah foto bersama pasangan tidak bisa dijadikan satu-satunya tolak ukur kebahagiaan sebuah hubungan. Setiap individu memiliki batas kenyamanan dan caranya masing-masing dalam mengekspresikan kehidupan pribadi mereka di dunia maya.,4,0,0,0,neither,none,,explicit
980,browsing,,2026-07-29,Beli kamera mirrorless puluhan juta tapi fotonya tetep jelek.,Gear ga penting kalau orangnya ga ada sense of art.,Mending pake hp aja kalo ujung-ujungnya dipakein filter sosmed.,Buang-buang uang bapaknya doang mending buat modal usaha.,Peralatan yang mumpuni tentu sangat mempermudah pengambilan gambar di kondisi minim cahaya. Tapi mempelajari segitiga exposure dan komposisi dasar fotografi memang langkah esensial sebelum buru-buru melakukan upgrade ke sistem kamera yang mahal. 📷,4,0,0,0,neither,none,,explicit
981,browsing,,2026-07-29,Orang yang bawa laptop ke kafe pesen kopi satu cangkir duduk seharian.,"Bikin penuh tempat, yang mau nongkrong beneran jadi ga kebagian.",Ga tau malu numpang wifi dan colokan listrik dari pagi ke malem.,Usir aja harusnya dikasih batesan waktu maksimal sejam.,"Bekerja atau nugas dari kedai kopi sah-sah saja, namun ada baiknya kita saling menjaga empati. Saat kondisi kedai sedang peak hour, usahakan memesan tambahan makanan ringan atau memberi ruang bagi pelanggan baru agar perputaran bisnis kafe tetap berjalan.",4,0,0,0,neither,none,,explicit
982,browsing,,2026-07-29,Buku pelajaran anak SD jaman sekarang tebel-tebel tasnya sampe berat.,Tulang punggung anak bisa bungkuk gara-gara kebanyakan beban.,Kurikulumnya terlalu banyak teori ga guna yang nyiksa memori.,Harusnya pake tablet aja semua biar ringkas dan gampang.,Dampak beban buku cetak terhadap postur tubuh anak memang patut dievaluasi pihak sekolah. Solusinya bisa dengan menyediakan loker penyimpanan di masing-masing kelas atau memperluas ketersediaan materi digital agar siswa tak harus memanggul semuanya tiap hari.,4,0,0,0,neither,institution_policy_idea,,explicit
983,browsing,,2026-07-29,"Vape tuh sama bahayanya kaya rokok biasa, asepnya tebel ngebul.",Bau buah-buahan tapi tetep aja ngerusak paru-paru orang sekitar.,Yang pake vape sok keren padahal isep bahan kimia cair.,Asap vape bikin asma gila tolong di-banned aja peredarannya.,"Berdasarkan rilis medis, uap rokok elektrik tetap mengandung nikotin aerosol dan bahan kimia yang berisiko mengiritasi saluran pernapasan. Edukasi terkait larangan menggunakannya secara sembarangan di ruang publik tertutup memang harus terus digalakkan.",4,0,0,0,neither,institution_policy_idea,,explicit
984,browsing,,2026-07-29,Bahasa gaul gen Z sekarang makin aneh dan susah dimengerti.,"Kata-kata kaya rizz, skibidi, mewing apaan sih ga jelas.",Ngerusak tatanan bahasa indonesia yang baik dan benar.,Generasi alay emang miskin kosa kata baku ga pernah baca buku.,"Terciptanya slang atau bahasa pergaulan adalah fenomena sosiolinguistik yang sangat wajar di setiap generasi akibat kecepatan budaya internet. Selama individu tersebut masih mampu menempatkan bahasa formal pada konteks profesional, hal ini bukan sebuah ancaman linguistik.",4,0,0,0,neither,none,,explicit
985,browsing,,2026-07-29,Kereta jarak jauh kursi kelas ekonominya bikin encok parah.,"Sandaran tegak 90 derajat dengkul mentok depan, nyiksa.",PT KAI ga ada empati sama sekali sama penumpang pas-pasan.,Bikin tiket murah tapi kualitasnya disamain kaya gerbong barang.,Saat ini pihak KAI sedang aktif melakukan peremajaan rangkaian armada dengan mengganti kursi berhadapan tegak menjadi kursi kelas ekonomi premium generasi baru (new generation). Inovasi tersebut diharapkan bisa memperbaiki kenyamanan perjalanan antarkota jarak jauh. 🚄,4,0,0,0,neither,institution_policy_idea,,explicit
986,browsing,,2026-09-25,"ada yg mau loker tambang gaa, kantor aku lg recruitment",Open recruitnya bagian apa ka ?,"doms mana kaa, ini di kalimantan","Kalimantan mana ka, aku juga kaltim, kebetulan aku punya sertifikat safet officer",Kak sertif safet bisa di ikutin dmn ya pelatihannya?,4,0,0,0,neither,institution_policy_idea,,explicit
987,browsing,,2026-07-29,Lagi cari film yang ringan buat weekend,Genre komedi atau slice of life,Biar ga berat di kepala,Ada rekomendasi bagus?,Coba deh yang slice of life lokal. Biasanya lebih ringan dan relate banget,4,0,0,0,neither,none,,explicit
988,browsing,,2026-09-25,"Yes! Saya As HR setiap interview juga menormalkan saja yg gugup dan terbata-bata. Saya lebih menilai kepribadiannya,isi jawaban dr pertanyaan yg disampaikan. Kalau jawaban yg diberikan nyambung  dengan pertanyaan saya, itu sudah jadi nilai yg baik buat kandidat interview.",kaa kalau psikotest sama wawancara tuh bobot penilaian nya besar yang mana? kalau interview bagus tapi pas psikotest jawab soal yang Capabiliy banyak yang salah apa ada kemungkinan lolos?,"Balik lagi , tergantung proses recruitment perusahaannya seperti apa. Kalau diperusahaan saya, kandidat psikotest dahulu. Jika lolos maka akan lanjut interview HR ,jika tidak lolos psikotest maka tidak lanjut interview. Lalu jika lolos  tentunya penilaiannya lebih ke interview.","ini barengan kaaa, jadi sambil tahap awal nya interview dan pengerjaan psikotest gituu, online semua ya inii","Kalau ini tidak bisa jawab saya, karena selama pengalaman saya jadi HR , perusahaan saya belum menerapkan seperti ini. tapi balik lagi psikotest itu ada yg hasilnya menggambarkan kepribadian kita , jadi pastinya akan ada pertimbangan dari sisi psikotestnya.",4,0,0,0,neither,none,,explicit
989,browsing,,2026-09-25,soft porn ini lagi,"apaan dah malu2in army lu anjir, berasa mantep bgt lu komen gini? pake akun army lg",Kalau liat army gak waras tuh suka kasian liat army yang waras soalnya bakalan kebawa-bawa.,Dia siapa? Dia kenapa? Jelasin please 🥲,"Itu yang bikin postingan nyenggol [PERSON_A] padahal [PERSON_A] gak ada nyenggol siapa-siapa, jadinya banyak yang kesel sama yang punya postingan ini ketambahan dia army ( tau lah army disini banyak yang gak suka ) jadinya army yang waras kebawa-bawa gara-gara dia.",4,0,0,0,neither,none,,explicit
990,browsing,,2026-09-25,"Orang ini ngga ada kapok-kapoknya, apa yang salah sama fotonya jir. Orang transferan juga di transfer sama suaminya",Lah udah kembali lg akunnya. Apakah ini gimmick? Buat naikin engagement?,Kalo ini kurang paham juga aku mint,"Agak janggal soalnya, udah pernah di somasi, minta maaf, trs berulah lg.",Mungkin kemarin ngga dilanjut karena ada something jadi kak [PERSON_T] ngga tega,4,0,0,0,neither,none,,explicit
991,browsing,,2026-09-25,"Banyak orang di tempat kerjaBarusan aku beli roti di pinggir jalan, terus ibu yg jual nanya “kuliah dimana?” mungkin karena aku pake kemeja kali ya jadi beliau nanya begitu. aku jawab “saya kerja bu, belum kuliah..insyaallah tahun depan.” trs beliau malah “lho kenapa ga kuliah? anak saya tuh lagi kuliah di-","terus nyebut salah satu pts. Aku cuma senyum doang jir 😭 bingung juga mau jawab apa. Trs ga lama beliau bilang kalo aku ga kuliah, aku gabakal bisa sukses. Aku langsung cabut. literally cuma bilang makasih terus pergi. tapi pas udah agak jauh dari tempat itu aku malah nangis.","Idk kenapa kalimat sesimpel itu bisa sakit banget. Padahal aku kerja bukan karena aku ga punya cita-cita. Aku kerja justru karena aku punya cita-cita dan aku lagi berusaha nyiapin diri buat ngejar itu tahun depan. Siapa juga yg mau kerja duluan 😭 kalo aku bisa milih, aku juga-","maunya abis lulus langsung kuliah. Aku juga pengen ngerasain jadi mahasiswa, pake almamater, pulang sore dari kampus, dan segala macemnya. I didn't choose this either.","Orang mungkin mikir “yaudah kan tinggal kuliah” seolah kuliah itu tinggal daftar terus berangkat. Padahal hidup orang beda-beda. Ada yg bisa langsung lanjut, ada yg harus kerja dulu, ada yg harus nabung dulu, ada yg harus nunggu keadaan memungkinkan juga..",4,0,0,0,neither,institution_policy_idea,,explicit
992,browsing,,2026-09-25,"Hdh, males ketemu emak emak gini. Not everyone has the same timeline, Bu. Let her breathe lah, semangat dah yak.",Niat ibunya tuh mungkin knp seumuran km ga kuliah knp langsung kerja? Tampa tau latar belakang orng lain. In this point ortu kaka ini yg patut di pertanayakan.,"Keep it to yourself aja lah ka, memang pendidikan yg layak itu tanggung jawab smua ortu, tpi inti dri cerita si sender ini bkn disitu pointnya, pointnya ya di ibu2 penjual ini knp ngejudge bgtu tnp tau kondisi ekonomi org lain","Kan gua bilang disitu,”tampa tau latar belakang “ bukti nyata orang indo itu buta literasi wkwkkwk","Harusnya komenmu juga cukup di 'tanpa tau latar belakang' aja gausah merembet dg komen ortunya perlu di pertanyakan, karena kondisi ekonomi org kan berbeda².",4,0,0,0,neither,institution_policy_idea,,explicit
993,browsing,,2026-09-25,"tetangga gue stress gara gara suaminya nikah sama adik kandungnya. tetangga gue tkw di arab, pulang pulang suaminya dah jd suami orang😭 kayanya dah stress parah, soalnya dia motoran mulu sambil telanjang kek pake bh sama kancut doang😭",HAHHH suaminya nikah sama adiknya?? KANDUNG?? HAHHH,"iyaa, nikah sama adik kandung istrinya😭",GILA AJG 😭😭😭,"kasiann bgt anjir, sampe bbrp kali motoran gapake celana udh kek parah bgt😭",4,0,0,0,neither,none,,explicit
994,browsing,,2026-09-25,Orang Indonesia sama sekali tidak kesusahan belajar bahasa lain.,Dari umur 12 tahun orang indon pasti trilingual. Inggris (basic) + Indonesian + Bahasa Daerah,normalnya bilingual. bahasa inggris g banyak yg beneran make terutma kalangan menengah bawah,"itukan ada di gambar, cuma 17%an",iya makanya q bilang normalnya g banyak. tapi diatas q ngomong dr umur 12 orang indo pasti trilingual. padahal belum tentu,4,0,0,0,neither,none,,explicit
995,browsing,,2026-07-29,Lagi mikirin rencana tahun depan,Banyak yang mulai opmoots,Aku juga lagi nimbang-nimbang,Ada yang udah siapin budget,"Setuju, aku juga lagi ngerencanain pelan-pelan biar ga kaget nantinya",4,0,0,0,neither,none,,explicit
996,browsing,,2026-09-25,"Baru kali ini udah booking yang cantik-cantik buat nemenin semaleman, eh malah minum kebanyakan sampe mabok dan ketiduran di sofa 🤮😴 Melayang deh itu duit... 😑",Jujur aja cari bookingan secakep ini susah. Gue pernah nemu satu yang lumayan ada di Emporium. Chindo dan cakepnya bukan cakep yang ani ani gt,"Gampang kalo tau channelnya. Kadang DM di Instagram/TikTok juga pada mau kok. Yang susah itu cari duitnya buat bayar, karena mereka tidak muraaaaah 😆",Kemarin sempet ke yang chinese dan viet ori itu juga mahal banget 🙂🙂🙂 jadi tidak bawa pulang,Tapi btw import masih ada di rate 3-4jt di jkt,4,0,0,0,neither,none,,explicit
997,browsing,,2026-07-29,Cuaca di puncak lagi dingin banget,Cocok buat hiking ringan,Tapi harus siap jaket tebal,Bawa termos juga lebih aman,"Setuju, kemarin aku bawa teh hangat. Rasanya beda banget sama di kota ☕",4,0,0,0,neither,none,,explicit
998,browsing,,2026-09-25,"Barusan iseng nanya sama ustad [PERSON_F], soal haram dan halal di rental ps, beliau bilang ini kondisinya dinamis, tapi singkat ceritanya apa yang sudah kita beli yah jadi hak kita untuk diapain aja, tapi mungkin berbeda cerita kalo akadnya dari awal memang sudah melarang adanya komersialisasi dari pembelian suatu produk. Jadi sesungguhnya jawabannya ga bisa A atau B, tapi harus dilihat dari banyak faktor :) lengkapnya nanti kuajak podcast deh ustadz [PERSON_F]","Tapi emang harusnya gitu, kita beli ps5, mau diapain kek udah full hak kita, sony ga punya kuasa buat nyuruh2, kalo gitu mah orang beli motor ga boleh ngojek, KAN GOBLOK SONY","lebih ke lisense game/software-nya sih bg, bukan hardwarenya cmiiw",Genre-nya ringan biar santaiIni juga Makanya masukbya grey area,"yg bikin grey area karena beli tapi gak berasa memiliki sih, contoh lainnya ya beli cd musik, kita cuman dapet salinan sama hak buat dengerin aja, lagunya tetep milik yg bikin, mirip sama game",4,0,0,0,neither,institution_policy_idea,,explicit
999,browsing,,2026-09-25,niat sekali paptir,Tapi Sony sendiri seakan tutup mata juga ya? Apa mungkin karena regulasi setiap negara berbeda?,"Itu satu, alasan lain butuh biaya gede buat ngurusin itu semua. Dan gk sebanding sama market pasar Indonesia.",Mungkin klo kasusnya di amerika atau jepang Sony bakal gercep razia rental ps. Karena marketnya emang gede kan,"Berita lama sih, tapi di jepang ada juga tempat sewa ps wkwk.",4,0,0,0,neither,none,,explicit
1000,browsing,,2026-09-25,kenapa si org org di jalan jam pulang kerja pada ngebut ngebut? lu kan udah pulang anj ngejar apa lagi si😭,"Kalau pagi2 okelah ya ngejar biar ga telat, takut telat dikit kena potong gaji kalau pulang ngejar apa bjir.. telat 5 menit nyampe rumah bakal pada meninggal kah?","capek kakk, kerja tuh capek, mau nya cepet pulang rabahan, tidur, istirahat","Tapi capek gakan bikin meninggal kan? Mending kalau cuma ngebut aja, ini ada yg sampe ugal2an nyeruduk sana sini dan itu jam2 pulang kerja. Maksudnya ga ada urgensi apa2 gitu loh, bukan yg mau melahirkan atau misal telat 5 menit sampe rumah bakal dikunciin pintu",buat yg naik transum (krl) even 1 menit berharga btw. telat semenit bisa nunggu kereta 15-20 menit lg. blm lg makin sore makin rame makin kegencet,4,0,0,0,neither,none,,explicit
1001,browsing,,2026-07-29,Rencana liburan ke pantai yang murah,Cari yang aksesnya gampang,Biar ga ribet,Penginapan lokal lebih hemat,Banyakan happy-nya apa berantemnya nder... komunikasi kalian cuma berantem aja ya apa gunanya gitu pacaran (maaf). luangin waktu seminggu sekali buat date yang beneran tanpa bahas kerja atau kuliah dulu. Kadang yang bikin makin runyam itu karena ketemu cuma pas lagi cape. Semoga bisa balik lagi ke yang enak ya 🙏,4,0,0,0,neither,none,,explicit
1002,browsing,,2026-09-25,Malam Teman Pintu!,Ada total hadiah Rp6.000.000 dalam bentuk USDT buat 40 orang yang share token andalan mereka buat ATH tahun ini! 🎉,(giveaway rules + #AplikasiPintu),"menurut gua $HYPE bisa ATH karena RWA open interest di Hyperliquid udah nembus $2 miliar,",tanda makin banyak aset dunia nyata masuk onchain lewat platform ini #AplikasiPintu,4,0,0,0,neither,none,,explicit
1003,browsing,,2026-09-25,Gameplay timnas setelah FIFA Series seperti terlihat menurun 🥲,"jujur main nya ngga selepas lawan Bulgaria kmrn,","tadi mainnya nahan bgt,","kyk hati2 gitu,","apa jaga stamina buat next lawan Malaysia ya, yahh tinggal liat senin bsk, semoga lebih baik permainannya, lebih cair",4,0,0,0,neither,none,,explicit
1004,browsing,,2026-09-25,"Silakan duduk dan jadilah bintang utama di meja kami, [USER_B]!","Hari ini, seluruh tim Morntea ngumpul buat nyanyi lagu selamat ulang tahun yang paling meriah untukmu.",Semoga setiap mimpi yang tersimpan dalam hati mulai mekar dengan indah tahun ini.,Mari kita rayakan kehadiranmu sambil menikmati secangkir minuman hangat! 🎉,"Happiest birthday aktris cantiiik sedaratan china >___< semoga selalu dikelilingi oleh orang baik dan kebahagiaan yaa. Trus semangat projeknya, makin sukses dan josjis!! 🎀",4,0,0,0,neither,none,,explicit
1005,browsing,,2026-09-25,"Hari yang membosankan sekali: rutinitas, latihan, dan teori yang terus-menerus diulang @_@",jngnn bosann yah smpai playlist funda aku selesaii,"progressnya bkalan gini teruss hehe T_T, gnightt 💤💤","keren sekali kk nat 😼👏🏻!!! good job for today, so proud of you 🫶🏻.",jangan lupa istirahat yang cukup yaaa n tetap semangat untuk belajarnya 😎,4,0,0,0,neither,none,,explicit
1006,browsing,,2026-07-29,orang kota kaget ketemu pisang asli tampa campur tangan manusia 😁😁,Penasaran bgt rasanya gimana,"wah belum pernah nyoba juga sih, tp kalau pisang hutan ada disini tp ga pernah coba buahnya",“Belum pernah coba” Wkwkw kirain lu udh si paling tau 😂😂,"kalau pisang kapok/batu berbiji udah sering, kalau pisang hutan gitu, ga ada orang sini mau makan, mereka tau itu banyak bijinya",4,0,0,0,neither,none,,explicit
1007,browsing,,2026-09-25,"seriusan deh tanya sebagai org yg malas banget buat skincare an malam,","pake face mist doang gini emang se gong itu ya hasilnya wajah jdi cerah, bekas jerawat ilang?",butuh bgt review jujur takut kemakan iklan doang😭,Tergantung kandungannya apa gak sih kak?,"Aku bukan affiliate tp cobain deh kak easydew, aku pakai itu sbg pelembab wajah jadi cerah dan bekas jerawat hilang.",4,0,0,0,neither,none,,explicit
1008,browsing,,2026-09-24,"enak banget ya jadi anak anggota dewan, gabut dikit langsung ambil kursus pastry di paris🇫🇷 when yha bisa menghabiskan hampir 200 juta buat 6 minggu belajar pastry🥹",Gw nunggu banget bapaknya di cek KPK ini. Duitnya deres banget ke anaknya,"2020 pernah diperiksa & viral krn kasus korupsinya kak.. tp tauu deh seperti biasa, beritanya tbtb hilang😃 aku tau si nurul jg dari kasus bapaknya yg korup😃",aku telat berarti kak taunya pas nikah sama [PERSON_A] jadi kasus sebelumnya emang udah awikwokwk ya,"iyaaa kak makannya aku kaget ini orang"" ko pada baru tau.. dulu viral sampe anak"" & alamat rumahnya kesebar wkwk dan aku makin kaget krn dia viral lg gara"" nikah sm [PERSON_A}😭😭",4,0,0,0,neither,none,,explicit
1009,browsing,,2026-09-25,Mon maap. Pendek ya? Soalnya aku digituin karna pendek 😭,Aku 157,Aku 162,Kamu tinggi anjir kak😭😭,Masalahnya kasirnya emang lebih tinggi dari aku alias tiang dan keliatan anak baru lulus SMA apa gak marah 😭,4,0,0,0,neither,none,,explicit
1010,browsing,,2026-09-24,"hanya karena kau suka cerita masa lalu Yunani/Greek artinya kau mengamini perbuatan mereka. Ya kali lu setuju/mau niru incest, atau lu mau jadi dewa perang. Besok besok yang menikmati karya tokoh komunis bisa dicap komunis/mau makar.","Bentar, emg fans mokuten banyak yg benci eris? Gw baru tau jir Toh, kita sebagai manusia juga dikasih akal sama Tuhan, yakali gabisa misahin mana yg baik dan mana yg buruk dr apa yg di konsumsi. Gamungkin lah ya gamungkin 😹",Dy sok tau. Orang yg ada malahan jadi istri terfavorit di banding slyphie sama roxy.,"di episode terakhir itu aku ga suka sama Eris, karena dia cabs gitu aja. Eris mikir Rudy pasti paham, Rudy pinter mage genius. Dari sudut pandang Rudy aku paham. pas lagi berduka dia datang datang ngajak nikah, kan tai. tapi sisanya Eris emang bagus secara chara dev",Yup bener bgt. Waktu nonton S1 masih ikutin manganya dan masih kesel sama eris karena ninggalin rudy gt aja. Eh pas dpt spoiler LN lgsg gak kesel lg.,4,0,0,0,neither,none,,explicit
1011,browsing,,2026-07-29,Deploy web pake Vercel kok lemot ya?,Iya mending pindah Railway aja.,Setup databasenya ribet tapi.,Apalagi nyambungin ke Supabase pusing.,"Baca dokumentasi resmi Supabase aja bang, biasanya ada step-by-step integrasi ke framework JS kok.",4,0,0,0,neither,none,,explicit
1012,browsing,,2026-07-29,Lupa password IG lagi deh.,Bikin baru susah banget OTP nya ga masuk.,Makanya pake pass 123456 aja gampang.,Ntar kena hack nangis lo.,"Pake Bitwarden atau password manager bawaan browser aja, gratis dan jauh lebih aman. 🔐",4,0,0,0,neither,none,,explicit
1013,browsing,,2026-07-29,Bingung nentuin metode skripsi nih.,Pake kualitatif aja gampang ngarangnya.,Kuantitatif lebih jelas datanya terukur.,"Tapi gue bikin produk aplikasi, bingung.","Kalo emang fokus bikin prototype, mending pake metode Design and Development Research (DDR) aja biar terstruktur.",4,0,0,0,neither,none,,explicit
1014,browsing,,2026-07-29,Belajar kanji susah banget hurufnya keriting.,Pusing coretannya banyak bener.,Baca pake romaji aja mendingan.,Mana ada manga yang pake romaji.,"Nyicil pake WaniKani aja tiap malem, ntar lama-lama juga hapal sendiri pola radikalnya. 📚",4,0,0,0,neither,none,,explicit
1015,browsing,,2026-08-13,"utiku yg lahir di 1920an, yg tumbuh besar di penjajahan belanda, BENCI banget sama jepang. ga sengaja mention soal jepang di depan beliau aja langsung bikin uti marah. so that already tells a lot soal gimana parahnya 3 tahun itu","Kak sekejam itu jepang loh, sayang sejarah di Indonesia gak sedetail itu mencatatnya menurut aku, tapi kalau baca beberapa buku soal jugun ianfu sudah cukup bayangkan sekejam apa, terus di negara lain terkenal juga pembantaian nanjing",dan kayaknya pas sekolah gak terlalu detail dikasih taunya. cuma ya sekedar lewat aja. aku mulai sadar dan nyari banyak info soal kekejaman mereka malah setelah nonton video soal nanjing massacre,"Kejahatan di unit 731 harbin juga, gak habis pikir kak, mereka bahkan sempet gak mengakui soal proyek itu","Emang gila. Makin dipelajarin makin keji. Dan aku lebih kaget lagi pas tau kalo mereka punya kuil khusus untuk menghormati penjahat perang yg “membela” kekaisaran. Kayak yg wow, mereka bener2 ga menyesal",4,0,0,0,neither,institution_policy_idea,,explicit
1016,browsing,,2026-07-29,WiFi indihome parah banget sering loss.,Sinyalnya ilang-ilangan mulu.,Pake router bawaan mah emang bapuk.,Mending beli router baru aja dah.,"Coba masuk ke setting routernya dulu, pisahin SSID 2.4G sama 5G trus atur RSSI threshold-nya biar stabil.",4,0,0,0,neither,institution_policy_idea,,explicit
1017,browsing,,2026-07-29,Baru belajar python nih enaknya bikin apa?,Bikin AI aja langsung pake machine learning.,Kejauhan anjir otaknya belom nyampe.,Bikin web aja pake django.,Coba bikin aplikasi CLI to-do list aja dulu buat melatih fundamental logikanya. 💻,4,0,0,0,neither,none,,explicit
1018,browsing,,2026-07-29,Mie soto dipakein susu full cream itu sekte mana lagi.,Bikin eneg liatnya juga.,Kaya kuah muntahan bentukannya.,Merusak cita rasa indomie yang suci.,"Enak kok padahal, rasanya jadi creamy mirip carbonara lokal gitu. Selera aja sih ya wkwk.",4,0,0,0,neither,none,,explicit
1019,browsing,,2026-07-29,Ojol sekarang harganya makin mahal.,Potongan ke aplikasinya kegedean.,Kasian drivernya dapetnya dikit doang.,Mending pake maxim jauh lebih murah.,"Kalo mau bener-bener hemat, naik kendaraan umum kayak MRT atau LRT aja sekalian.",4,0,0,0,neither,institution_policy_idea,,explicit
1020,browsing,,2026-07-29,Main valorant isinya toxic semua.,Bocil kematian pada teriak-teriak.,Mending main CS aja lebih dewasa.,CS banyak cheaternya malesin.,Mute all aja dari awal match biar bisa main tenang dan fokus naikin rank. 🎮,4,0,0,0,neither,none,,explicit
1021,browsing,,2026-07-29,Member gym mahal banget sebulan 500rb.,Paling rajin sebulan doang awalnya.,Sisanya cuma jadi donatur tetap.,Mending workout di rumah aja gratis.,"Workout di rumah emang efisien, modal beli matras sama dumbbell 5kg aja udah cukup banget buat pemula.",4,0,0,0,neither,none,,explicit
1022,browsing,,2026-07-29,Kucing gue rontok parah bulunya.,Stres kali tuh lagi musim kawin.,Ganti makanannya jangan yang murahan.,Pake royal canin mahal ga kuat dompet.,"Sering disisir aja tiap pagi buat buang bulu matinya, trus tambahin minyak ikan di makanannya. 🐈",4,0,0,0,neither,none,,explicit
1023,browsing,,2026-07-29,Hujan deres banget jas hujan nembus.,Lu beli yang gopek di warung sih.,Jas ujan mahal juga tembus kalo badai.,Pake kresek item gede aja udah paling bener.,"Jas hujan bahan PVC model setelan atas bawah emang paling aman sih buat nerjang badai, ga bakal tembus.",4,0,0,0,neither,none,,explicit
1024,browsing,,2026-07-29,Nonton bioskop bawa anak kecil tuh egois.,Nangis berisik gangguin seisi studio.,Orang tuanya ga tau diri emang.,Harusnya dilarang masuk sama petugasnya.,Sebenarnya beberapa jaringan bioskop udah nyediain studio khusus anak yang suaranya ga terlalu kencang kok.,4,0,0,0,neither,institution_policy_idea,,explicit
1025,browsing,,2026-07-29,Nabung tuh susahnya minta ampun.,Gaji selalu numpang lewat doang.,Pake fitur auto debet aja tiap gajian.,Ujung-ujungnya ditarik lagi pas akhir bulan wkwk.,"Kalo susah nahan jajan, mending uangnya beliin reksadana pasar uang aja biar repot pas mau nyairin. 💸",4,0,0,0,neither,none,,explicit
1026,browsing,,2026-07-29,Capek main dating app di-ghosting mulu.,Cowok emang gitu nyari yang gampang doang.,Dating app isinya cowok red flag semua.,Mending jomblo seumur hidup aja aman.,"Istirahat aja dulu dari aplikasinya kak, fokus me time atau jalan bareng temen-temen biar ga stres.",4,0,0,0,neither,none,,explicit
1027,browsing,,2026-07-29,Baju thrifting sekarang harganya ga masuk akal.,Penjualnya maruk mentang-mentang lagi tren.,Mending beli baju baru di mall sekalian.,Baju lokal juga overprice sekarang.,"Belanja di pasar senen pas subuh aja, masih banyak yang diobral miring kalau lu jeli bongkarnya.",4,0,0,0,neither,none,,explicit
1028,browsing,,2026-07-29,Nyari loker sekarang syaratnya ga ngotak.,Fresh grad disuruh pengalaman 2 tahun.,Belum lagi wajib bisa desain dan coding.,HRD nya pada mabok lem kayanya.,Perbanyak bikin project pribadi atau nyari kerjaan freelance aja dulu buat ngisi portofolio lu.,4,0,0,0,neither,institution_policy_idea,,explicit
1029,browsing,,2026-07-29,Iklan spotify ganggu banget pas lagi enak dengerin lagu.,Ya beli premium dong kere amat.,Mahal sebulan 50 ribu sayang duitnya.,Pake apk mod aja di android gratis selamanya.,"Langganan paket family aja trus patungan sama temen, jatuhnya jauh lebih murah per bulannya.",4,0,0,0,neither,none,,explicit
1030,browsing,,2026-07-29,Udah jam 3 pagi mata ga bisa merem.,Insomnia parah nih besok ngantor lagi.,Minum obat tidur aja ntar pules.,Bikin teler besok paginya kalo minum obat.,"Jauhin HP sejam sebelum tidur trus coba dengerin white noise atau suara hujan, lumayan ampuh sih.",4,0,0,0,neither,none,,explicit
1031,browsing,,2026-07-29,Batre HP bocor banget sehari ngecas 3 kali.,Lu pake iPhone XR kan? Wajar jadul.,Udah saatnya lempar beli seri terbaru.,Duit dari mana anjir harganya belasan juta.,"Langsung ganti batre barunya aja di service center resmi, sayang kalau beli HP baru padahal performanya masih oke.",4,0,0,0,neither,none,,explicit
1032,browsing,,2026-07-29,Tiket konser coldplay ludes dalam 10 menit.,Calo bangsat ngeborong pake bot.,Dijual lagi 3 kali lipat harganya gila.,Yang beli di calo juga sama tololnya.,"Gausah FOMO maksa beli di calo, mending duitnya disimpen buat nonton musisi lain yang ga kalah seru.",4,0,0,0,neither,none,,explicit
1033,browsing,,2026-07-29,Liburan ke Bali sekarang mahal banget.,Mending ke Thailand lebih murah dan bersih.,"Setuju, Bali isinya turis bule kere doang.",Warga lokalnya juga pada bule hunter.,"Kalau mau liburan hemat di domestik, eksplor Jogja atau Banyuwangi aja. Alam dan pantainya juga banyak yang bagus. 🏖️",4,0,0,0,neither,none,,explicit
1034,browsing,,2026-07-29,Keyboard mekanikal temen gue berisik banget.,Pake switch biru ya? Emang kaya mesin tik.,Diprotes anak kosan sebelah kemaren wkwk.,Lempar aja keyboardnya ke luar jendela.,"Suruh ganti pake red switch aja atau ngetiknya dipelanin, emang suara kliknya kadang lumayan ganggu sih.",4,0,0,0,neither,none,,explicit
1035,browsing,,2026-07-29,Umur 25 masih gini-gini aja ngerasa gagal.,Liat temen udah pada nikah dan mapan.,Udah pada nyicil rumah KPR segala.,Gue masih rebahan di kasur nunggu mukjizat.,"Setiap orang punya timeline-nya masing-masing kok. Gausah terlalu mikirin pencapaian orang lain, jalanin aja pelan-pelan.",4,0,0,0,neither,none,,explicit
1036,browsing,,2026-07-29,Program pengawasan makanan lagi digencarkan,Banyak yang mulai lebih teliti beli bahan,Pengaruhnya ke dapur rumah,Jadi lebih hati-hati pilih,Program pengawasan makanan bener-bener ngena ke kehidupan sehari-hari,4,0,0,0,neither,institution_policy_idea,,explicit
1037,browsing,,2026-07-29,Lagi cari film ringan buat weekend,Genre slice of life atau komedi,Biar ga berat di kepala,Ada yang worth ditonton?,Coba deh yang slice of life lokal. Biasanya lebih ringan dan relate banget sama kehidupan sehari-hari,4,0,0,0,neither,none,,explicit
1038,browsing,,2026-07-29,Jam tidur udah lama berantakan,Susah banget diatur lagi,Mau mulai dari malam ini,Jangan dengerin yang bikin overthinking,"Nggak usah didengar kalau gitu yaa. Udah lama berantakan jam tidurnya, ini mau coba tidur",4,0,0,0,neither,none,,explicit
1039,browsing,,2026-07-29,Kadang kesepian lebih nyaman,Daripada dipaksa mikir terus,Mending makan dulu,Lalu ngantuk dan tidur,"kesepian lebih baik drpd bingung. mending makan, ngantuk, tidur.",4,0,0,0,neither,none,,explicit
1040,browsing,,2026-09-26,"Buku pelajaran anak SD. ""Ibu sedang memasak"" ""Ayah sedang menonton TV"" ""Ibu sedang menyapu"" ""Ayah sedang meminum kopi di teras"" PATRIARKINYA SUDAH MENGAKAR SAMPAI DIBAWA KE BUKU AJAR.","Tolonglah kasih guru kemudahan mengajar knp sih? Masa nanti ada gambar ibu angkat galon, bapak ke posyandu wtf",gue guru sd dan malah lebih gampang ngajar pake contoh ibu-ibu kerja di kantor atau bapak cuci mobil.,"Ibu sedang mengerjakan excel, bapak sedang membuat kopi","ternyata mereka berdua owner coffee shop, si bapak jadi barista terus ibunya ngurus keuangan",4,0,0,0,neither,none,,explicit
1041,browsing,,2026-09-25,"kakak-kakak yang ga minum alcohol, kalo lagi stress bngt minumnya apa ya?","Gak semua orang stress harus minum alkohol, maki2 pemerintah juga udah nurunin kadar stress 20%, sehari 5 kali maki2 udah bebas dari stress, besok tinggal ulangi siklus yg sama",Kalo >5 kali aman kah kak?,"Aman kak, coba aja dulu. Tapi kalo ada tukang bakso lewat depan rumah kabarin aja","apalagi kalo tukang baksonya terlalu tampan, patut dicurigai itu 🙏",4,0,0,0,neither,none,,explicit
1042,browsing,,2026-07-29,Kita ribut pas pagi sampe putus,Aku bilang udah beliin kue,Dia bilang lebih baik dimakan buat adek,Lucu juga sih,Wkwk lucu juga. Kadang yang sepele bisa jadi momen yang diingat,4,0,0,0,neither,none,,explicit
1043,browsing,,2026-07-29,Sebagai cules masih beranggapan,Kalau dia sehat dan balik percaya diri,Dia bakal perform bagus banget,Leadership-nya juga bagus,Leadership-nya memang bagus. Semoga bisa balik ke performa terbaiknya,4,0,0,0,neither,none,,explicit
1044,browsing,,2026-07-29,Film yang bikin mikir,Bukan serem setan,Tapi serem yang bikin nanya,Kalau gua yang kena gimana ya,Yang bikin mikir justru lebih nempel. Kadang film seperti itu lebih berkesan,4,0,0,0,neither,none,,explicit
1045,browsing,,2026-09-25,suhu di jakarta hari ini,hah serius? itu suhu segitu panasnya segimana ga basah kuyup kah? 😫,"buat orang jakarta sih ga terlalu kerasa karna udah biasa juga,","tapi tetap harus jaga kesehatan, terutama di cuaca panas gini","panas nih emang nguras tenaga banget sihh. bobok dan istirahat yang cukup ya byy🤗 jangan males² minum air putih biar ga dehidrasi 🫰🏻 Sama-sama jaga diri, cuaca begini gampang sakit kalo kurang minum.",4,0,0,0,neither,none,,explicit
1046,browsing,,2026-07-29,Udah saatnya stop nganggep semua orang temen,Kadang kita terlalu mudah percaya,Akhirnya kecewa sendiri,Lebih baik selektif,Lebih baik jaga jarak dulu sampai benar-benar kenal,4,0,0,0,neither,none,,explicit
1047,browsing,,2026-07-29,Cuaca di puncak lagi dingin banget,Cocok buat hiking ringan,Tapi harus siap jaket tebal,Bawa termos juga lebih aman,Kemarin aku bawa teh hangat. Rasanya beda banget sama di kota ☕,4,0,0,0,neither,none,,explicit
1048,browsing,,2026-09-25,"Jangan berhenti buat mantau kondisi Kalimantan ya guys, asapnya masih tebel gini kemana-mana mesti bawa masker juga","iyaa, terutama buat teman-teman yang dekat sama titik apinya.","semoga aja hujan tadi beneran merata,",kalau pun nggak semoga besok hujan lagi di tempat yang belum hujan sama sekali biar apinya padam :(,"aamiin, kamu juga yaa cingtah sehat selaluuu sekeluarga 🤍 Jaga kesehatan ya, kabut asap gini bikin sesak.",4,0,0,0,neither,none,,explicit
1049,browsing,,2026-07-29,Latihan lari pagi di car free day,Udaranya masih seger,Banyak yang bawa anak kecil,Rute sepi lebih enak,Aku biasanya ambil rute yang agak sepi biar bisa fokus napas,4,0,0,0,neither,none,,explicit
1050,browsing,,2026-07-29,Lagi hitung ulang budget bulanan,Kategori makan di luar kebesaran,Perlu dipangkas,Catat pengeluaran kecil dulu,Lebih baik mulai catat semua pengeluaran kecil. Kadang yang sepele justru ngeboncos,4,0,0,0,neither,none,,explicit
1051,browsing,,2026-09-25,"Memang belum terlihat, seiring berjalannya waktu akan terlihat berbeda dengan orang-orang yang mengatur pola hidup yang sehat. Akan rentang sakit masalah komplikasi, khususnya jantung, diabet, masalah ginjal.",Sepertinya tidak juga,Maksud?,"Tidak juga mereka yg mengkonsumsi alkohol, merokok dan jarang olahraga wajahnya nampak terlihat tua dari usia nya.","Memang belum terlihat, seiring berjalannya waktu akan terlihat berbeda dengan orang-orang yang mengatur pola hidup yang sehat. Akan rentang sakit masalah komplikasi, khususnya jantung, diabet, masalah ginjal.",4,0,0,0,neither,none,,explicit
1052,browsing,,2026-07-29,Lagu indie lokal lagi naik daun,Liriknya relate banget,Produksinya juga rapi,Cocok buat playlist kerja,Aku putar terus di playlist kerja. Rasanya lebih enak daripada lagu luar yang udah basi,4,0,0,0,neither,none,,explicit
1053,browsing,,2026-07-29,Anak mulai masuk usia sekolah,Lagi cari cara biar ga bosen belajar,Main sambil belajar,Aktivitas outdoor membantu,Sisipkan aktivitas outdoor sederhana. Kadang yang di luar kelas malah lebih nempel di kepala,4,0,0,0,neither,none,,explicit
1054,browsing,,2026-07-29,Hp lama mulai lemot,Lagi bandingin ganti atau upgrade,Budget terbatas,Cek dulu apakah masih bisa di-upgrade,Cek dulu apakah masih bisa di-upgrade. Kadang nambah ram aja udah cukup buat 1-2 tahun ke depan,4,0,0,0,neither,none,,explicit
1055,browsing,,2026-07-29,Kursus online bahasa asing,Progresnya agak lambat,Butuh motivasi tambahan,Group belajar membantu,Aku biasanya gabung group belajar biar ada yang temenin. Lebih semangat,4,0,0,0,neither,none,,explicit
1056,browsing,,2026-07-29,Tidur semalam kurang nyenyak,Pagi-pagi udah pusing,Mungkin karena scroll terlalu malam,Matiin notifikasi membantu,Aku coba mulai matiin notifikasi 1 jam sebelum tidur. Rasanya beda,4,0,0,0,neither,none,,explicit
1057,browsing,,2026-07-29,Event pasar malam di kampung,Banyak makanan tradisional,Suasana ramai tapi nyaman,Kangen yang seperti itu,Aku kangen yang seperti itu. Makanan lokalnya selalu beda rasanya,4,0,0,0,neither,none,,explicit
1058,browsing,,2026-09-24,"ntar pulang indo buka pastry shop sendiri, trs semua orang terkagum-kagum krn doi “belajarnya di paris” dan skrg “sukses” bisa buka pastry shop sendiri 👍 it’s always easier for them rich kids 👍",tapi kak...daripada...seleb hedon...🥲🙏,hedon2 gitu tapi gak pake duit rakyat kak. lebih bikin sakit hati anak pejabat hedon hasil dikasih duit bapaknya yg digaji dari duit rakyat sih🙏,oh ini anak pejabat kak? maaf ngga tau,iya kak bapaknya anggota DPR RI,4,0,0,0,neither,none,,explicit
1059,browsing,,2026-09-24,Dikira Indonesia yang bisa berjualan bebas.,"Diluar negeri satpol PPnya lebig stress, disini perkara jual sate arangnya disiram air aja rame bener wkwk",Negara mana itu?,Di Yogya waktu itu lewat beritanya,Kan yang dia tanya negara mana kenapa lu jawab Yogya😭,4,0,0,0,neither,none,,explicit
1060,browsing,,2026-07-29,Rencana pindah kos lebih dekat kampus,Harga agak naik,Tapi hemat ongkos,Worth it kalau selisihnya masuk akal,Worth it kalau selisih harganya masih masuk akal. Waktu tempuh juga berharga,4,0,0,0,neither,none,,explicit
1061,browsing,,2026-07-29,Muka gue ngelupas parah gara-gara retinol.,Kebanyakan pakenya kali lu.,Emang keras banget itu mending stop aja.,Kalo udah iritasi gitu obatnya apa anjir.,Pake moisturizer yang ada ceramide-nya aja dulu buat benerin skin barrier.,4,0,0,0,neither,none,,explicit
1062,browsing,,2026-07-29,LRT Jabodebek remnya masih kasar banget.,Bikin pusing tiap mau berenti.,Kereta tanpa masinis emang gitu kali.,Harusnya bisa disetting lebih smooth lagi sistemnya.,Kemarin baca sih katanya emang software pengeremannya lagi terus dikalibrasi ulang sama teknisinya.,4,0,0,0,neither,institution_policy_idea,,explicit
1063,browsing,,2026-07-29,Artefak Genshin ampas mulu dapetnya.,Resin abis cuma dapet def sama hp.,Game gacha emang scam ga ada obat.,Capek grinding tiap hari ga ada hasil.,"Santai aja mainnya gausah terlalu tryhard, namanya juga RNG wkwk. 🎮",4,0,0,0,neither,none,,explicit
1064,browsing,,2026-07-29,Makan seblak level 5 perut langsung melilit.,Lu cari penyakit sih makan pedes gitu.,Usus lu bisa jebol lama-lama ngeri.,Tapi nagih banget rasanya bangsat.,Jangan lupa minum susu beruang atau yakult aja abis makan pedes biar perutnya mendingan.,4,0,0,0,neither,none,,explicit
1065,browsing,,2026-07-29,TWS gue yang sebelah kiri mati total.,Merk apaan tuh cepet banget rusaknya.,Palingan merk cina murahan wkwk.,Padahal baru beli sebulan di sopi.,"Coba bersihin konektor kuningannya pake cotton bud, biasanya cuma kotor doang jadi ga ngecas.",4,0,0,0,neither,none,,explicit
1066,browsing,,2026-07-29,Film komedi indo sekarang garing banget.,Modalnya cuma teriak-teriak ga jelas.,Ga ada lucu-lucunya sama sekali.,Kangen era warkop dki yang lawakannya pinter.,"Agak susah sih nulis komedi sekarang, banyak batasan sensor sama takut nyinggung pihak tertentu.",4,0,0,0,neither,institution_policy_idea,,explicit
1067,browsing,,2026-07-29,Minum creatine bikin ginjal rusak ga sih?,Kata temen gue iya bikin batu ginjal.,Mending gausah minum suplemen macem-macem.,Pake whey protein aja udah cukup.,Selama minum air putihnya banyak dan sesuai dosis sih aman-aman aja buat ginjal yang sehat.,4,0,0,0,neither,none,,explicit
1068,browsing,,2026-07-29,Interview kerja online wajib pake kemeja ga sih?,Pake kaos oblong juga gapapa asal rapi.,Dih ga sopan banget masa pake kaos.,Kalo dari pinggang ke bawah pake kolor doang gpp kan wkwk.,Mending pake kemeja aja sih biar first impression-nya bagus di mata HRD.,4,0,0,0,neither,none,,explicit
1069,browsing,,2026-07-29,Anjing peliharaan gue gonggong terus tiap malem.,Berisik banget pasti tetangga pada protes.,Pukul aja moncongnya pelan biar diem.,Ga tega anjir masa dipukul.,"Coba diajak jalan-jalan sore dulu biar energinya abis, biasanya malem langsung pules tidurnya. 🐶",4,0,0,0,neither,none,,explicit
1070,browsing,,2026-07-29,Paylater limitnya tiba-tiba naik jadi 10 juta.,Wah asik tuh bisa checkout hp baru.,Jangan anjir ntar lu kelilit utang.,Bunga paylater gede banget mencekik.,Mending fiturnya dinonaktifin aja sekalian kalau emang ga butuh-butuh amat buat jaga-jaga.,4,0,0,0,neither,none,,explicit
1071,browsing,,2026-07-29,Cowok gue pelit banget masa makan di warteg aja split bill.,Putusin aja cowok red flag gitu.,Baru pacaran aja itungan apalagi pas nikah.,Mending cari sugar daddy aja wkwk.,"Coba dikomunikasikan dulu aja berdua, siapa tau dia emang lagi krisis keuangannya bulan ini.",4,0,0,0,neither,none,,explicit
1072,browsing,,2026-07-29,Beli piringan hitam mahal-mahal buat pajangan doang.,Fomo doang anak senja jaman now.,Padahal ga punya turntable nya.,Mending dengerin spotify gratisan.,"Namanya juga ngoleksi fisik album, ya sah-sah aja jadi bentuk apresiasi ke musisinya biarpun ga diputar.",4,0,0,0,neither,none,,explicit
1073,browsing,,2026-07-29,Staycation di hotel bintang 5 kok bosen ya.,Kurang kerjaan mending keliling kota.,Sayang duitnya mending dipake modal usaha.,Enakan juga tiduran di kasur sendiri gratis.,"Namanya juga nyari suasana baru buat rebahan, kadang ganti tempat tidur aja udah bikin pikiran fresh.",4,0,0,0,neither,none,,explicit
1074,browsing,,2026-07-29,Smartwatch harganya 5 juta cuma buat liat jam.,Mending beli jam g-shock sekalian awet.,Batrenya juga paling sehari abis.,Buat gaya doang itu mah biar keliatan pinter.,Fitur tracking detak jantung sama GPS buat larinya lumayan akurat kok kalau emang hobi olahraga.,4,0,0,0,neither,none,,explicit
1075,browsing,,2026-07-29,Programmer yang pake light mode matanya kuat banget.,Psikopat sih itu silau bener.,Bikin sakit mata liat layar putih terang benderang.,Langsung rabun senja ntar matanya wkwk.,"Tergantung pencahayaan ruangan aja sih, kalau ruangannya emang terang benderang pake light mode malah lebih nyaman dibaca.",4,0,0,0,neither,none,,explicit
1076,browsing,,2026-07-29,Streak duolingo gue putus anjir udah setahun.,Nyesek banget pasti tuh.,Beli aja streak freeze nya pake gem.,Telat udah ga bisa diselamatin wkwk.,"Gapapa mulai dari nol lagi aja, yang penting kan vocabulary-nya udah banyak nempel di otak.",4,0,0,0,neither,none,,explicit
1077,browsing,,2026-07-29,Langit jakarta hari ini abu-abu banget ga keliatan gedung.,Polusi udara makin parah ga ada obat.,Isinya asep knalpot semua bikin batuk.,Wajib pake masker KF94 sih ini kalo keluar.,Kalau bisa beli air purifier aja di kamar biar minimal pas tidur udaranya bersih dan ga bikin radang.,4,0,0,0,neither,institution_policy_idea,,explicit
1078,browsing,,2026-07-29,Kertas ganteng doang selembar harganya sejutaan.,Fans kpop emang pada di luar nalar kalo jajan.,Digoreng harganya sama reseller maruk.,Mending duitnya buat makan sebulan.,"Harga photocard PC emang diatur sama supply dan demand di kalangan kolektornya, persis kayak koleksi kartu pokemon.",4,0,0,0,neither,none,,explicit
1079,browsing,,2026-07-29,"Beli barang 10 ribu, ongkirnya 35 ribu.",Nyesek banget liat ongkir lebih mahal.,Gausah jadi beli lah rugi bandar.,Nungguin voucher gratis ongkir ga dapet-dapet.,"Kumpulin aja barangnya ke keranjang, nanti checkout pas ada promo tanggal kembar atau payday sale.",4,0,0,0,neither,none,,explicit
1080,browsing,,2026-07-29,Kamera analog sekarang roll film-nya mahal banget.,Susah nyarinya juga banyak yang out of stock.,Balik pake digicam aja lah lebih murah.,Cuci scan nya juga ikutan naik harganya.,"Produksi film Kodak memang lagi dikurangin skala global, makanya harganya melambung terus beberapa tahun terakhir.",4,0,0,0,neither,institution_policy_idea,,explicit
1081,browsing,,2026-07-29,Air fryer beneran bikin makanan jadi kering banget.,Iyalah kan ga pake minyak sama sekali.,Rasanya jadi ga enak hambar.,Ayam goreng gue jadi kaya batu kerasnya.,"Diolesin minyak dikit aja pakai kuas sebelum masuk air fryer, nanti teksturnya tetap krispi tapi dalemnya juicy. 🍗",4,0,0,0,neither,none,,explicit
1082,browsing,,2026-07-29,Sistem zonasi bikin anak rajin ga masuk sekolah favorit.,Kasian yang udah belajar mati-matian.,"Keadilan sosial apanya, bikin anak males belajar.",Rumah deket sekolah doang yang diuntungin.,"Tujuan utamanya buat meratakan kualitas sekolah sih, cuma emang fasilitas pendidikan tiap daerah belom siap 100%.",4,0,0,0,neither,institution_policy_idea,,explicit
1083,browsing,,2026-07-29,Tiktok shop racun banget bikin fomo belanja mulu.,Niat buka mau liat video lucu doang.,Ujung-ujungnya checkout lipstik.,Algoritmanya tau aja barang yang kita pengen wkwk.,Batasin aja limit transaksi hariannya di m-banking biar ga gampang kelepasan checkout pas lagi buka aplikasi.,4,0,0,0,neither,none,,explicit
1084,browsing,,2026-07-29,Sepatu lari karbon harganya nyekek banget 3 jutaan.,Cuma buat lari doang padahal.,Pake sepatu kets biasa aja nyeker juga sehat.,Buat pemula mah ga guna beli mahal-mahal.,"Kalau larinya masih jarak dekat atau pace santai, pake daily trainer yang bantalannya empuk aja udah cukup nyaman kok. 👟",4,0,0,0,neither,none,,explicit
1085,browsing,,2026-07-29,Ganti oli motor matic telat seminggu mesin langsung kasar.,Wah bisa turun mesin tuh siap-siap.,Dompet jebol buat biaya servis gedenya.,Makanya dicatet kilometer nya jangan males.,"Langsung bawa ke bengkel resmi aja minta dikuras olinya, mumpung belum merembet ngerusak komponen mesin yang lain.",4,0,0,0,neither,none,,explicit
1086,browsing,,2026-07-29,Lagi bandingin lantai baru di rumah,Bahan keramik vs vinyl,Biaya pemasangan beda jauh,Tampilan akhir lebih rapi,Lebih bagus ya lantainya,4,0,0,0,neither,none,,explicit
1087,browsing,,2026-07-29,Menu baru di aplikasi hemat shop,Ada promo spesial hari ini,Porsi cukup untuk dua orang,Rasa masih stabil,hemat shop mantap nih menu baru dpt promo,4,0,0,0,neither,none,,explicit
1088,browsing,,2026-07-29,Sinyal satelit tiba-tiba drop,Bisa jadi piringan vsat tidak presisi,Atau lagi sun outage,Kalimatnya lucu juga,"Bisa jadi piringan vsat di atasnya ga presisi mengarah ke satelitnya, jadi harus dikalibrasi ulang. Atau lagi ada sun outage. Tapi lucu juga kalimatnya. Masa satelit goyang hehehe",4,0,0,0,neither,none,,explicit
1089,browsing,,2026-07-29,Alat dapur baru yang baru dibeli,Fungsinya multipurpose,Harga masih masuk budget,Hasil masakan jadi lebih rapi,Mantap banget alatnya,4,0,0,0,neither,none,,explicit
1090,browsing,,2026-07-29,Kapal baru yg lagi diuji coba,Desainnya beda dari biasanya,Kapasitas penumpang lebih besar,Cocok buat rute pendek,Keren juga kapal' nya,4,0,0,0,neither,none,,explicit
1091,browsing,,2026-07-29,Bangun tidur rambut selalu acak-acakan,Susah diatur pagi-pagi,Pakai serum sedikit membantu,Tapi tetap kaku,Aku juga bangun tidur tuh rambutnya acak acakan banget,4,0,0,0,neither,none,,explicit
1092,browsing,,2026-07-29,Kemampuan masak bukan satu-satunya ukuran,Setiap orang punya keahlian berbeda,Ada yang jago di bidang lain,Tidak perlu dipaksakan,TIDAK BISA MASAK BUKAN BERARTI TIDAK BISA JADI ISTRI. Kemampuan seorang wanita tidak ditentukan hanya dari seberapa banyak masakan yang bisa dia buat. Setiap orang punya keahlian yang berbeda.,4,0,0,0,neither,none,,explicit
1093,browsing,,2026-07-29,Belum pernah coba makanan ini,Rasanya seperti apa ya,Ada yang udah pernah?,Kelihatan enak di foto,"gimana rasanya kaa, aku belum pernah coba makan ini",4,0,0,0,neither,none,,explicit
1094,browsing,,2026-07-29,Bandingkan kuliah sama kerja,Jam lebih fleksibel di kampus,Orang-orangnya sudah lebih dewasa,Suasana lebih nyaman,"College and it’s not even close!! Di kuliah jamnya lebih fleksibel dan orang""nya juga udah mindsetnya agak dewasa jadi lebih nyaman 💘",4,0,0,0,neither,none,,explicit
1095,browsing,,2026-09-25,"lhah iyaa ternyata wkwk,",perasaan pas nonton pertama kayak 3 🤣 + drama yang sama shin sia..,ternyata pas nonton ulang 2 doang.,"Emang kalo nonton sambil scroll HP kadang episode kelewat,",next time full fokus aja biar gak bingung.,4,0,0,0,neither,none,,explicit
1096,browsing,,2026-09-25,"pokoknya sehat sehat my calon suami gue, semoga Allah meminjamkanku dirimu sepanjang hidupku ❤️ doaku menyertaimu selalu <3",yakin seyakin yakinnya kalo semua cita cita bakal terwujud 🥺🫶🏻,huhuh syukron syukron syukron ya Rabb😭 telah ditunjukkan bahwa jalan/proses menuju “kebaikan” itu dipermudah.,"terima kasih juga buat papa, love u to the moon and back.","aku menjadi wanita beruntung, pasangan yang beruntung, dan anak yang beruntung ❤️ Alhamdulillah banget hari ini.",4,0,0,0,neither,none,,explicit
1097,browsing,,2026-09-25,Gak bisa bayangin gimana si [PERSON_M] 🗿,dengan mesin Aprilia aja dramanya kyk gitu,Makanya ini musim ksempatan trakhirnya kalo mau jurdun bro wkwk,"Musim depan lineup udah beda lagi, kesempatan buat buktikan diri makin sempit.",Semoga aja bisa naik podium sebelum pindah.,4,0,0,0,neither,none,,explicit
1098,browsing,,2026-09-25,Harga sewa ruko sekarang naik terus,Banyak yang tutup karena omzet makin berkurang,"Selain sewa, bahan baku juga naik, listrik ikut naik. Banyak yang pindah ke online biar lebih hemat operational cost.",Yang masih bertahan biasanya yang punya pelanggan tetap atau niche market.,ikutan program pelatihan digital marketing atau akses kredit ringan biar UMKM nggak gampang gulung tikar,4,0,0,0,neither,none,,explicit
1099,browsing,,2026-09-25,Cedera ACL emang momok buat pemain bola,"Iya, banyak yang kariernya berubah total",Ada yang masih bisa bangkit jadi legenda,"Del Piero salah satu contoh yang jarang banget. Setelah cedera dia ubah gaya main, nggak lagi andalin kecepatan tapi lebih ke positioning sama finishing efektif.","Banyak pemain Indonesia yang punya potensi bagus tapi setelah cedera susah balik ke level semula. Kalau ada support medis dan coaching yang tepat, masih bisa lanjut karier meski beda style. Yang penting mentalnya kuat dan mau adaptasi.",4,0,0,0,neither,none,,explicit
1100,browsing,,2026-09-25,Harga sewa tempat usaha naik terus di kota,Banyak yang tutup karena margin tipis,"Iya, sekarang modal awal buka usaha kecil semakin berat. Selain sewa, bahan baku juga naik, listrik ikut naik.",Banyak yang pindah ke online biar lebih hemat operational cost. Yang masih bertahan biasanya yang punya pelanggan tetap atau niche market.,pemerintah memang bisa bantu lewat program pelatihan digital marketing atau akses kredit ringan biar UMKM nggak gampang tutup,4,0,0,0,neither,none,,explicit
1101,browsing,,2026-09-25,Interaksi guru sama siswa kadang bikin ribet,"Gw setuju boundaries itu penting, terutama antara guru dan siswa. Demi kebaikan bersama.","Tapi dari video yang beredar, interaksinya masih terlihat wajar kok.","Yang lebih sering minta perhatian justru siswanya. Selama nggak melebihi batas profesional, seharusnya aman.",Yang perlu dijaga ya komunikasi dua arah biar nggak salah paham. Sekolah juga bisa bikin guideline yang jelas biar semua pihak nyaman.,4,0,0,0,neither,institution_policy_idea,,explicit
1102,browsing,,2026-09-25,"1965 ke atas, tahanan politik, Petrus, Timor, itu darah nyata. Nggak ada yang nyangkal.",Tapi mayat Orde Baru nggak tiba-tiba bikin teori kelas jadi suci.,Kejahatan satu rezim bukan surat bebas buat rezim yang lain,Kamu mau pakai hitungan mayat?,"tiap rezim punya kesalahan sendiri-sendiri yang bisa kita lakuin hari ini ya jaga ruang diskusi biar tetap waras dan berbasis data, bukan emosi doang",4,0,0,0,neither,institution_policy_idea,,explicit
1103,browsing,,2026-09-25,Kunir itu kunyit?? kayaknya iya deh..,ya sama aja. Biasanya buat jamu.,"Aku suka yang rasa asli, bukan yang manis-manis.",Ada rekomendasi merek yang enak ga?,kunir itu kunyit?? kayaknya iya deh.. eh tapi menurutku semua rasa jamu sama ;—; yang beda cuma takaran madunya aja. Aku pribadi lebih suka yang pahit dikit biar kerasa “obat”. Kalo mau yang lebih mild coba campur sama jahe sama serai. Biasanya aku rebus sendiri pagi-pagi biar seger. Kamu sering minum jamu juga?,4,0,0,0,neither,none,,explicit
1104,browsing,,2026-09-25,"Kemarin nonton final, wasitnya aneh banget sih.",Emang dari babak pertama udah keliatan bias.,Tapi skor akhir masih masuk akal menurutku,Kalian lebih ke tim mana?,"Wah lagu apa nih? Coba denger dong. Skrng lg fokus liburan sih, kemarin baru selesai nonton sepak bola dek. Soal wasit ya susah dihindari, hampir setiap final besar selalu ada kontroversi. Besok-besok kalo ada pertandingan lagi kasih tau ya, biar nonton bareng virtual 😂",4,0,0,0,neither,non_protected_group,,explicit
1105,browsing,,2026-09-25,Lagi mikir mau pindah kerja. Gaji sekarang oke tapi lingkungan toxic banget.,Sudah coba apply ke tempat lain belum?,"Baru kirim 5 lamaran, masih nunggu jawaban.",Takut resign dulu terus stuck tanpa kerjaan.,"eh tapi bisa masuk sektor formal sekalian sama informalnya ga ya kak? kalo emang bisa, coba di gas aja kak. rejeki kan luas ya. siapa tau kamu bisa menemukan lingkungan kerja yg cocok buat kamu? atau coba istikharah deh. tanya sama Allah. siapa tau dikasih petunjuk hehe. Yang penting jangan sampe burnout total dulu, ambil cuti kalo masih bisa. Semoga cepet nemu yang lebih enak 💪",4,0,0,0,neither,none,,explicit
1106,browsing,,2026-09-25,"Gais, ini emg kesalahan aku fatal bgt ya? Aku emg lupa kmrn kirim notulen abis bimbingan tp aku udh minta maaf dan langsung kirim notulennya.. Tp kayaknya beliau marah bgt ya sama aku?",Dosen pembimbing biasanya sensitif soal administrasi gitu.,"Temenku pernah kena juga, akhirnya harus nunggu 2 minggu baru dibales lagi.",Help ini ak hrs gmn,"menurutku ga yg fatal banget sih, malah sidang di kampusku tiap penguji bikin notulen sendiri ntar dikasih ke mahasiswanya :/ sensi kali dosenmu wkwkwk. coba ditemuin langsung aja nder, biar revisimu jg ga ketunda krn bliau. Bawa print out notulennya sekalian biar kelihatan effort. Biasanya kalo ketemu muka-muka lebih gampang cair dibanding chat doang. Semangat ya!",4,0,0,0,neither,none,,explicit
1107,browsing,,2026-09-25,"Menurut analis asing target bull market Bitcoin kali ini ke $160,000.",Masih jauh banget dari sekarang. Kira-kira kapan ya?,Siklus biasanya 4 tahun. Dari bottom kemarin sudah mulai naik pelan.,Ada yang punya target pribadi beda?,"Kalo menurut saya sih btc minimal top nya di 200k capt. Karena dia mulai bull market dari 70k an capt👌 Asumsi aja sih, tapi dari pola sebelumnya selalu overshoot dari prediksi analis. Yang penting jangan FOMO all-in di harga sekarang, averaging pelan-pelan aja biar mental aman. Semoga bener ya haha",4,0,0,0,neither,none,,explicit
1108,browsing,,2026-09-25,Pacaran 2 tahun tapi akhir-akhir ini cuma berantem mulu. Udah capek.,Emang seringnya berantem soal apa sih?,"Biasanya kecil-kecilan aja tapi akumulasi. Dia kerja shift malam, aku kuliah, jarang ketemu.",hmm.. pacar kamu lagi stress atau burnout kah nder? biasanya kalau lagi stress atau burnout jadi lebih gampang tersulut. coba yang mau kasih pendapat & saran buat temennya.. :(,Banyakan happy-nya apa berantemnya nder... Menurutku sih coba dibicarain kenapa kalian berantem terus. Komunikasi kalian cuma berantem aja ya apa gunanya gitu pacaran (maaf). Coba deh lu berdua luangkan waktu seminggu sekali buat date yang beneran tanpa bahas kerja atau kuliah dulu. Kadang yang bikin makin runyam itu karena ketemu cuma pas lagi cape. Semoga bisa balik lagi ke yang enak ya 🙏,4,0,0,0,neither,none,,explicit
1109,browsing,,2026-07-29,"Nikah dgn keadaan sudah zina duluan, lu puja2. Ya bajunya lah, konsepnya lah, make upnya lah. Nikah bae2, lu gunjing-gunjing. Ya tipenya lah, maharnya. Emak2 tukang gosip gak pernah hilang. Cuma pindah tempat dari lorong kompleks ke medsos.","yg di hina bukan nikahnya, cara penyampaian cowonya ini loh. jujur suka banget kalo orang menormalisasi pernikahan muslim. tapi ucapan dia kaya ngerendahin wanita.","Enggak sih yg seliweran dari td di TL sy. Jatuhnya udah overhate. Ngeributin nilai maharnya lah, habis itu lompat lagi ngeributin seserahan. Bahkan istri dan keluarga istrinya yg gak tau apa2 jg dituduh2 begini begitu.",iya tapi awalnya karna omongan dia. jadi merembet… tapi foto itu aneh sih berat sebelah bikin risiko panggungnya nubruk,Ya itu yg sy maksud menggunjing 😹😹😹 Udah macam emak2 kompleks pindah lapak ke medsos,4,0,0,0,neither,none,,explicit
1110,browsing,,2026-07-29,Anak mulai sekolah,Lagi cari cara biar ga bosan,Aktivitas di luar kelas membantu,Main sambil belajar,Sisipin aktivitas outdoor sederhana. Kadang yang di luar kelas malah lebih nempel di kepala,4,0,0,0,neither,none,,explicit
1111,keyword_search,otak tolol,2026-08-09,kena ulti,"Dari jawaban si istri tersebut kenapa pada akhirnya tidak memilih kriteria yg dia mau? Ujung²nya juga milih suaminya yg tampangnya apa adanya, karena sadar diri apa gak laku nih sama yg dia mau? 😂","lah si suami jg kan? kenapa ngga daridulu sama cewe2 yg dia mau? dripda cobain, emg apaan cewe dicobain? makanan? kayak ada aja cewe yg mau dicobain sama si suami bngsat itu. itu brrti si suami sadar diri, gak laku, apa kere? lebih ke binatang ajasi kayaknya","Mungkin karena si suami bosen karena si istri gak becus melayani suaminya dengan baik, makanya timbulah keinginan seperti itu...","alaaahhhh intinya cowo tolol dan otak kontol aja. dikira yg punya bosen cuma suami2 aja, binatang mah binatang aja",4,0,0,1,abusive_language,individual,,explicit
1112,keyword_search,ga becus,2026-08-10,cewenya pinter ngerem nih biar ga blunder 😭😭😭,"Art kan perempuan, lantas apa bedanya. Kamu memuliakan istrimu (perempuan) tapi tidak memuliakan perempuan lain","Bang konteksnya memuliakan istri, nah si ustad [PERSON_A] memuliakan istrinya itu dg hire art banyak. Nah bagian art ya lu protesnya sama suami artnya masing""","Memuliakan perempuan bang, Kenapa yg di muliakan cuma istrinya saja, seharusnya semua perempuan. Kita terlahir dari rahim perempuan loohh bang.","YA KAN ITU ART DIBAYAR. SELAGI DIBAYAR LAYAK YA BERARTI MASIH DIMULIAKAN, KARNA DIAPUN JADI PERANTARA RIZKINYA SI ART ITU. YANG HARUS MEMULIAKAN SI ART YA SUAMI ART ITU, MASA GA BECUS JADI SUAMI SAMPE SAMPE ISTRINYA MASIH HARUS KERJA. PAHAM GA OTAK KAU, CUKI?",4,0,0,1,abusive_language,individual,,explicit
1113,keyword_search,feminist,2026-08-23,"dua dua nya sih sama aja, buat apa saling nyerang? temenku cewe kebanyakan jd pelakor dan pelaku perzinahan terus temenku yg cowo kebanyakan playboy. dunia emg lagi rawan bgt buat orang baik.",orang lagi bahas femicide malah disempitin jadi pleakor2 an zina2 an,"wkwk main jangan terlalu jauh kak, jadi gatau kan kaum kalian kebanyakan jadi pelakor","lgi bahas femisida malah ke pelakor. udah logical fallacy, reading comprehension 0","wkwkwkwk kocak orang orang feminist ini, saling menjatuhkan tapi lupa sejenis nya juga sama aja bawa penyakit",4,0,0,1,abusive_language,non_protected_group,,explicit
1114,keyword_search,tolol bangsat,2026-08-12,Kertas printer nyangkut mulu di dalem.,Coba ditarik pelan-pelan dari bawah rollernya.,Udah gw tarik pelan eh malah robek nyisa di dalem.,Bawa ke kang servis aja minta bongkar.,"kang servis tolol kaga ada otak, lu ganti rugi printer gw bangsat!",4,0,0,1,abusive_language,individual,,explicit
1115,keyword_search,goblok,2026-08-12,Pesen martabak telor pake ojol malem ini.,Nyampe kosan udah dingin keras kaya batu.,Drivernya nyasar jauh ke komplek sebelah kayanya.,Padahal bisa nanya satpam atau liat maps bener-bener.,"kang ojol goblok buta map, mampus aja lu kaga usah kerja anjing nyusahin doang!",4,0,0,1,abusive_language,individual,,explicit
1116,keyword_search,babi lu,2026-08-12,Update patch game terbaru sizenya 50GB gila.,Internet kosan ngos-ngosan download semaleman.,Pas kelar malah corrupt file dibilangnya.,Disuruh redownload dari 0 lagi dong anjir.,"dev anjing emang kaga becus bikin game, babi lu semua ngerjain player doang tai!",4,0,0,1,abusive_language,non_protected_group,,explicit
1117,keyword_search,bangsat lu,2026-08-12,Beli micellar water lagi promo diskon 80%.,Pas dateng gw cek expired date nya bulan depan.,Pantesan didiskon gede banget mau abis umurnya.,Seller nya kaga ngasih tau di deskripsi barang sama sekali.,"kang tipu bangsat, moga toko lu kebakaran mampus lu anjing kaga berkah idup lu!",4,0,0,1,abusive_language,individual,,explicit
1118,keyword_search,goblok lu,2026-08-12,Nonton ulang spiderman no way home kemaren.,CGI nya berasa kurang mulus ya di beberapa scene.,Kadang keliatan kyk animasi PS3 pas lagi ayunan.,Budgetnya abis buat bayar aktor mahal kali wkwk.,"mata lu picek goblok, selera sampah kaga ngerti seni lu anjing bacot doang! 🕷️",4,0,0,1,abusive_language,individual,,explicit
1119,keyword_search,anjing,2026-08-12,Beli sepatu lari size 42 di toko oren.,Dikirimnya malah size 39 kaga muat.,Pas komplain disuruh potong jari kaki aja biar muat.,Malah ngelawak adminnya di chat kaga ngasih solusi.,"admin anjing kaga ada sopan santunnya, ludahin aja mukanya bangsat biar pinter dikit!",4,0,0,1,abusive_language,individual,,explicit
1120,keyword_search,tolol lu,2026-08-12,Nunggu transjakarta di halte blok m sejam kaga dateng.,Sekalinya dateng busnya lewat doang kaga brenti.,Penuh banget sampe pintu kaga bisa nutup.,Padahal jadwal bus selanjutnya masih lama banget.,"dishub tolol kaga becus ngurus armada, nyusahin rakyat doang lu pada babi mampus!",4,0,0,1,abusive_language,institution_policy_idea,,explicit
1121,keyword_search,babi lu,2026-08-12,Ngegym hari ini ada bapak-bapak bau ketek nyengat banget.,Pake kaos singlet bolong-bolong basah kuyup.,Ga pake deodoran kayanya sebelum olahraga.,Bikin pusing seisi ruangan sumpah gw ga kuat.,"usir aja si bangsat kaga tau diri itu, manusia babi emang ngerusak udara woi!",4,0,0,1,abusive_language,individual,,explicit
1122,keyword_search,anjing lu,2026-08-12,Antrian masuk venue konser chaos abis semalem.,Ga ada pager pembatas sama sekali buat ngantri.,Satpamnya malah diem ngerokok di pojokan.,Penonton dorong-dorongan sampe ada cewek yang jatuh pingsan.,"panitia anjing emang pembunuh, kaga becus bikin acara mampus lu di penjara bangsat!",4,0,0,1,abusive_language,non_protected_group,,explicit
1123,keyword_search,babi lu,2026-08-12,Kebijakan tapera potong gaji 3% per bulan resmi disahin.,Katanya buat nabung rumah masa depan buruh.,Tapi cairnya nunggu umur 58 tahun baru bisa diambil.,Ngasih makan koruptor doang ini mah akal-akalan.,"pejabat babi emang rakus duit rakyat, moga perut lu meledak anjing pemeras!",4,0,0,1,abusive_language,non_protected_group,,explicit
1124,keyword_search,bacot lu,2026-08-12,Timnas menang telak kemaren lawan negara tetangga.,Pemain naturalisasi mainnya rapih dan umpan silangnya akurat.,Pemain lokal cuma pada duduk manis di bench cadangan.,Emang skill pemain binaan kita kalah jauh visi mainnya.,"bacot lu pengamat karbitan goblok, kaga ngerti bola mending lu diem aja bangsat!",4,0,0,1,abusive_language,individual,,explicit
1125,keyword_search,babi lu,2026-08-12,Transfer dari m-banking ke gopay nyangkut siang ini.,Saldo udah kepotong di mutasi tapi ga masuk di aplikasi.,Nelpon cs katanya suruh nunggu 3x24 jam kerja.,Padahal duitnya mau dipake beli makan siang ini juga.,"bank sampah anjing kaga ada tanggung jawabnya, rampok lu pada babi balikin duit gw!",4,0,0,1,abusive_language,institution_policy_idea,,explicit
1126,keyword_search,anjing lu,2026-08-12,Temen satu divisi tiba-tiba resign dadakan hari ini.,Kerjaan dia dilimpahin ke gue semua sampe bulan depan.,Gaji kaga nambah sepeser pun padahal beban kerja dobel.,Bos bilang ini kesempatan emas buat belajar multitasking.,"bos lu emang lintah darat anjing, tampar aja mukanya trus lu cabut bangsat eksploitasi gila!",4,0,0,1,abusive_language,individual,,explicit
1127,keyword_search,anjing,2026-08-12,Tetangga komplek rutin bakar sampah daun tiap sore.,Asapnya ngebul masuk ke jemuran baju gue di belakang.,Baju jadi bau sangit semua harus dicuci ulang.,Udah ditegur baik-baik malah nyolot katanya pekarangan dia bebas.,"tetangga babi kaga punya etika, siram aja mukanya pake aer comberan anjing biar sadar!",4,0,0,1,abusive_language,individual,,explicit
1128,keyword_search,bangsat lu,2026-08-12,Lampu merah di perempatan simpang lima mati total.,Polisi lalu lintas kaga ada yang turun buat ngatur.,Mobil pada klakson ga mau ngalah nyari jalan sendiri.,Macet ngunci kaga bisa gerak 2 jam di tengah panas terik.,"polisi tidur semua anjing kaga kerja makan gaji buta, mampus aja lu pada bangsat!",4,0,0,1,abusive_language,non_protected_group,,explicit
1129,keyword_search,lonte,2026-08-12,Jalan pertama kali sama match dari tinder semalem.,Dia pesen makanan paling mahal di menu ga kira-kira.,Pas bill dateng dia pura-pura ada telpon trus ke toilet lama.,Ujung-ujungnya gue yang nombokin bayar sejuta lebih.,"cewek lonte kang porotin cowok, cewe gembel kaga modal mampus aja lu babi!",4,0,0,1,abusive_language,individual,,explicit
1130,keyword_search,ngentot,2026-08-14,"santet itu sihir, di belahan dunia manapun ada yg namanya sihir, dari jaman nabi juga ada sihir... santet itu sebutan kita aja dari sihir itu","gw tau sihir itu ada. tapi gw ga percaya sama dukun"" sekarang  :')",Percaya adanya sihir dan ghaib tidak harus percaya klenik dan santet. Sikap!,BACA LAGI KOMEN GW !!! PAHAM?,"Itu gw dukung opini lo soal percaya adanya sihir tapi kaga buat dukun dukun sekarang. Ah elah emosi mulu, ngentot",4,0,0,1,abusive_language,individual,,explicit
1131,keyword_search,anjing lu,2026-08-12,Band indie favorit merilis album baru setelah hiatus.,Genrenya berubah drastis jadi pop elektro dance.,Fans lama pada kecewa karena terlalu komersial dan mainstream.,Vokalisnya bilang mereka butuh berevolusi ngikutin jaman.,"band sampah idealis tai kucing, ngejual pantat demi duit mampus lu ditinggalin fans anjing!",4,0,0,1,abusive_language,non_protected_group,,explicit
1132,keyword_search,babi lu,2026-08-12,Nunjukkin foto referensi model rambut fade ke kapster.,Hasilnya malah dipotong cepak ABRI kependekan banget.,Katanya bentuk tulang kepala gue ga cocok dibikin fade.,Alesan doang emang dianya kaga bisa motong gaya kekinian.,"kang cukur cacat kaga punya skill anjing, potong aja tangan lu babi kaga becus!",4,0,0,1,abusive_language,individual,,explicit
1133,keyword_search,bangsat lu,2026-08-12,Kucing gue divaksin f3 kemaren di klinik deket rumah.,Pulang-pulang malah demam tinggi dan gamau nyentuh makanan.,Kata dokternya lewat wa itu efek samping wajar.,Tapi ini udah masuk hari ketiga masih lemes banget ga bisa berdiri.,"dokter hewan tolol pembunuh anjing, nyuntik racun kali lu ke kucing gw bangsat! 🐱",4,0,0,1,abusive_language,individual,,explicit
1134,keyword_search,goblok lu,2026-08-12,Algoritma sosmed I sekarang makin aneh dan nyebelin.,Feed isinya fyp reels orang ga dikenal semua numpuk.,Postingan foto temen sendiri malah ga pernah muncul di timeline.,Maksain banget biar persis kaya kompetitor aplikasinya.,"dev nya emang goblok kaga punya inovasi, kang copas sampah mampus aja aplikasi lu tai!",4,0,0,1,abusive_language,non_protected_group,,explicit
1135,keyword_search,anjing lu,2026-08-12,Pesawat delay 4 jam ga ada kompensasi makanan sama sekali.,Penumpang pada marah-marah ke petugas gate di ruang tunggu.,Petugasnya malah nangis kaga bisa ngapa-ngapain disorakin.,Manejemen maskapainya ngumpet kaga ada yang berani keluar.,"maskapai babi emang lari dari tanggung jawab, jajaran direksinya anjing semua bangkrut aja lu!",4,0,0,1,abusive_language,institution_policy_idea,,explicit
1136,keyword_search,waras,2026-08-12,baru muncul udah di cancel wkwkwk byeee 02 voter,Tolol banget yang cancel2 hanya gara2 beda pilihan.,udah 02 voter jadi buzzer lagi wkwkwk hina banget,Ga semua yang berbeda pendapat dengan kau itu buzzer ya oon.,Klo beda pilihan antara 01 dan 03 karena masih waras lah ini 02? Otaknya udh geser,4,0,0,1,abusive_language,non_protected_group,,explicit
1137,keyword_search,dungu,2026-09-21,"Makanya otak tolol sebelum lu repost/ngepost dicek dlu beritanya ngentot, jangan asal simpan upload. Jgn jdi tolol demi duit elon","lah, suka suka, ngebela boti banget, boti lu ya? hidup lu ngurusin hidup orang doang bisanya wkwkkw","Elu cenblu DONGO nyebar hoax, timpa teks, udah tau salah lu takedown tuh postingan anjing. Post noh berita, foto postingan yg bener dungu",lah ngatur? hidup lu aja belum bener ngatur ngatur orang wkwkwk,"Andai lu cuman miskin mental ga bakal gw urusin anjing, masalahnya lu ngerugiin org lain cenblu dungu.",4,0,0,1,abusive_language,individual,,explicit
1138,keyword_search,sesat bangsat,2026-08-12,Bikin kue kering nastar pake resep fyp tiktok kemaren.,Adonannya ambyar kaga bisa dibentuk bulet-bulet ancur.,Katanya kurang komposisi mentega sama kuning telur.,Resepnya kaga jelas takarannya nyesatin orang yang baru belajar baking.,"kang masak caper anjing nyebar resep sesat, tangan lu cacat aja kaga usah ngonten bangsat!",4,0,0,1,abusive_language,individual,,explicit
1139,keyword_search,goblok lu,2026-08-12,Ujan deres sejam air meluap masuk rumah selutut.,Pintu air di bendungan katanya udah siaga 1 bahaya.,Pompa air di perumahan rusak kaga nyala nyedot air.,Petugas operasionalnya kaga ada yang jaga di posnya asu.,"penjaga pompa goblok makan gaji buta, klelep aja lu anjing kaga guna idup lu tai!",4,0,0,1,abusive_language,individual,,explicit
1140,keyword_search,babi lu,2026-08-12,Klien minta revisi desain poster event sampe 10 kali bolak-balik.,Padahal di kontrak awal cuma disepakati max 3 kali revisi minor.,Pas ditagih invoice tambahannya alasannya bos belom acc.,Klien dari neraka emang kaga tau aturan main hargain waktu orang.,"klien babi kaga mau bayar keringet orang, bangkrut aja lu perusahaan sampah anjing!",4,0,0,1,abusive_language,individual,,explicit
1141,keyword_search,bangsat,2026-08-12,Promotor nyediain layar proyektor kecil banget di section festival belakang.,Kaga keliatan apa-apa ke panggung ketutup kepala orang ribuan.,Berasa dengerin spotify doang bediri 3 jam pegel.,Padahal bayar tiket hampir 3 juta tapi fasilitas ampas.,"promotor penipu anjing kaga modal, duit haram lu bawa mati aja ke neraka bangsat!",4,0,0,1,abusive_language,institution_policy_idea,,explicit
1142,keyword_search,tolol,2026-08-12,Markir mobil di basement mall penuh banget weekend ini.,Pas dapet slot kosong eh ada ibu-ibu bediri di tengahnya.,Katanya slotnya udah di-tag buat mobil suaminya yang lagi muter.,Nyebelin abis emang parkiran umum bukan tempat booking lu.,"manusia tolol kaga punya otak, tabrak aja kakinya biar patah sekalian tuh anjing bangsat egois!",4,0,0,1,abusive_language,individual,,explicit
1143,keyword_search,tolol,2026-09-21,"buat para boti, hati hati kalo liat abang kurir galon 😭","Cenblu babi, ga bisa makan klo ga bawa boti. Udahlah nimpa teks, bawa"" boti, foto pelaku juga beda lagi.","eh goblok, ada gua bilang yang difoto itu pelakunya? Lu kali yang babi",Terus ngapain lu pake foto orang pdhl foto pelakunya udah ada + timpa teks warga diubah jadi boti. Cenblu DONGO,"eh tolol dongo, itu ada tulisan watermark, bati-bati, bukan gua yang bikin dong tolol idiot",4,0,0,1,abusive_language,individual,,explicit
1144,keyword_search,bodoh,2026-08-12,"Eh liat deh outfit Aqeela semalem di red carpet, cakep banget vibesnya beda!","Keren abis, stylistnya emang top bener tau aja yang cocok buat dia.","Vibesnya apaan, itu kan jelas-jelas niruin gayanya agz pas di acara kemaren wkwk.","Emang fans seitil mah pada kaga kreatif, biasnya modal copas style center kita doang bangga.","dari dulu nuduh2 aza ngikutin style idola mereka, sebelum idola lu nongol di agz, udah bermacam2 style dipakai aqeela. idola lu bukan pusat dunia bukan kiblat outfit, ga usah ngerasa semua2nya ngikutin idola lu. pasukan seitil, belagunya bukan main. bodoh sombong kata gue mah",4,0,0,1,abusive_language,individual,,explicit
1145,keyword_search,goblok,2026-08-12,dah ada tanda larangan parkir masih aja ngeyel,"Tuh kan emang ga boleh masuk/parkir di situ, rambunya jelas dilarang gitu.","Liat tulisan di bawahnya dong, itu ada pengecualiannya bego.","Rambu 🚫 ya artinya dilarang mutlak, tulisan di bawahnya cuma penegasan aja keles.","goblok dah kan gue reply [USER_A] yang bawa bawa rambu duluan, makanya gue tanya ada ga permenhub yang ngejelasin tanda baca tulisan di atas 🚫 artinya cuma penegasan??? dari sd juga diajarin kali cara baca rambu yang bener gimana, kecuali lo emang ga tamat sd 🤷🏻‍♀️",4,0,0,1,abusive_language,individual,,explicit
1146,keyword_search,tolol lu,2026-08-12,Fenomena banyak anak muda sekarang milih jomblo karena biaya hidup yang semakin mahal.,"Iya bener, nikah jaman sekarang bebannya berat banget buat pihak laki-laki.","Ya gimana cowok ga takut nikah, perempuan indonesia sekarang emang semalas dan semanja itu. Maunya dinafkahin tapi disuruh ngurus rumah kaga mau.","Bener bang, nyari istri yang mau diajak susah bangun dari nol sekarang mah langka.","nah akun kek gini harus dibasmi. kasian keluarga lu yg perempuan punya anggota keluarga yg punya statement ""perempuan indonesia semalas dan semanja"". kasian gaada ide konten lain ya buat duit lu sampe ngetwewt gini wkwkwk cenblu tolol",4,0,0,1,abusive_language,individual,,explicit
1147,keyword_search,bangsat,2026-08-12,Mari kita heningkan cipta sejenak untuk mengenang jasa para pahlawan dan pemimpin bangsa ini.,"Pahlawan kemerdekaan sih respect, tapi kalo pejabat rakus sekarang mah ogah.","Ga boleh gitu, gimanapun juga mereka pemimpin yang lagi berjuang buat negara. Harus tetep dihormati.","Bener, netizen jaman sekarang emang pada ga tau diri, lupa sama jasa pemimpinnya.",gaada yang melupakan perjuangan pahlawan ya. cuman pejabat pejabat ini terlalu bangsat untuk dihormati.,4,0,0,1,abusive_language,non_protected_group,,explicit
1148,keyword_search,goblok,2026-08-12,BREAKING: Lisa spotted taking a private jet to Paris today with Frederic!,"Wah gila go public beneran nih akhirnya, bahagia terus ya!",Itu outfit yang dia pake pas di bandara kemaren lusa kan ya bukan hari ini?,"Halu lu semua, ini mah video baru aja emang dia sengaja nutup-nutupin hubungannya.",Bgst itu foto lama kocak lisa bru up goblok Jan di pelihara ketololanny,4,0,0,1,abusive_language,individual,,explicit
1149,keyword_search,bangsat,2026-08-12,"HANCUR JAKARTA HARI INI! Demo besar-besaran tolak aturan baru, jalanan sudirman lumpuh total kaga bisa dilewatin!",Ini beneran min? Aduh paket jualan gw nyangkut dong di ekspedisi.,"Bener banget, hindari area pusat kota soalnya pada rusuh bakar ban.","Ngeri banget, pantesan gojek gw pada cancel semua dapet rute ke sana kaga ada yang mau narik.",DIMANA DEMONYA BANGSAT BANGSAT LO BIKIN RESAH MASYARAKAT AJA. DEMO AJA KAGAK ADA TIAP HARI GW KIRIM PAKET DI JAKARTA KAGAK ADA DEMO KONTOL AKUN KAYA GINI. BIKIN RESAH,4,0,0,1,abusive_language,individual,,explicit
1150,keyword_search,tolol lu,2026-08-12,Jaman kemerdekaan dulu kok bisa potongan rambutnya undercut?,Gaya rambutnya keren juga ya jaman segitu udah ngenal pomade sama potongan rapi.,"Hoax ini mah editan AI, mana mungkin jaman londo ada model rambut serapih itu.","Bener, jaman susah boro-boro mikirin gaya rambut, alat cukurnya aja ga dapet akses pasti orang pribumi.",Tolol lu... Lu kira di masa penjajahan orang gak bisa kerja mangkas rambut blok? 😂,4,0,0,1,abusive_language,individual,,explicit
1151,keyword_search,anjing,2026-08-12,Info harga VGA dan prosesor bakal naik tajam 30% bulan depan karena kurs rupiah melemah parah.,Wah mampus baru nabung setengah buat rakit PC impian.,Mending sikat sekarang aja pake paylater drpd ntar kaga kebeli sama sekali.,Seller komponen pc sekarang emang lagi pada pesta pora naikin harga kaga ngotak manfaatin momen.,anjing lah jualan pas periode ekonomi indonesia lagi kontol2nya dan rate electronic + hardware global lagi tinggi2nya,4,0,0,1,abusive_language,institution_policy_idea,,explicit
1152,keyword_search,goblok,2026-08-12,ni bocil nekat ngevape deket tabung gas elpiji,"Ngeri banget sumpah, kaga ada takut-takutnya itu anak mainan asep deket gas.",Keren tuh wkwk uji nyali beneran.,Gapapa bang selama apinya kaga dinyalain mah ga bakal meledak itu nyantai aja.,kok ada orang goblok kegitu,4,0,0,1,abusive_language,individual,,explicit
1153,keyword_search,tolol lu,2026-08-12,"Innalillahi, gadis ABG jadi korban penyekapan dan pelecehan pas lagi nunggu angkot malem.","Jahat banget pelakunya, semoga hukumannya seberat-beratnya buat si bajingan.","Ya makanya cewek tuh jgn keluyuran malem-malem pake baju kebuka, kan ngundang syahwat. Salah sendiri juga.","Bener, kadang korban itu ya ngasih peluang buat pelaku berbuat jahat, ini buat pelajaran aja.","nah kalo elu pure tolol. ketikan lu juga melanggar moral karena karena gak tau sikon, berpikiran sempit, dan berprasangka buruk",4,0,0,1,abusive_language,individual,,explicit
1154,keyword_search,goblok lu,2026-08-12,"Aturan pemblokiran aplikasi X resmi berjalan, banyak pekerja kreatif dan freelance yang kehilangan lapak jualan.",Hancur beneran ini sumber penghasilan gw dari situ semua kaga ada sisa.,"Alah lebay, kan masih banyak platform lain, pemerintah pasti ngelakuin ini buat ngelindungin data kita dari ancaman asing.","Bener, ngeluh doang kerjanya, ga mikirin tujuan mulia pemerintah buat kedaulatan digital dan keamanan nasional.","Lu mikir apaan goblok, lu lihat sekarang dampaknya kontol.",4,0,0,1,abusive_language,individual,,explicit
1155,keyword_search,anjing,2026-08-12,lagi dicukur ni orang nengok-nengok mulu ga bisa diem bikin kang cukur emosi,Bahaya banget itu pisau cukurnya deket kuping malah gerak-gerak terus palanya.,Customer kyk gini nih yang bikin kang potong rambut tekanan batin kerjanya.,Ya elah wajar aja kali ngobrol nanya-nanya biar kaga bosen pas dicukur.,Gw jadi yang dicukur udah gw powerglue mulutnya. Nanyain kang cukurnya nunggu sampek kelar cukur aja ngapa sih anjing.,4,0,0,1,abusive_language,individual,,explicit
1156,keyword_search,cewek,2026-08-12,Diskusi soal pentingnya RUU cuti haid dapet penolakan dari beberapa perwakilan asosiasi pengusaha.,"Kalo cewek dapet cuti haid, cowok dapet cuti apa dong? Cuti sange? Biar adil lah.","Hahaha bener, lagian haid doang lebay banget sampe minta libur segala. Bisa ditahan kali.","Aku cewek tapi setuju sih, mens mah kaga sakit-sakit amat pake painkiller juga kelar, cowok lebih kasian kalo disuruh nahan nafsu wkwk.",Sange bisa ditahan btw..asal punya otak dan gk kalah dr kontol Tp mens tidak bsa d tahan..cewek tolol,4,0,0,1,abusive_language,individual,,explicit
1157,keyword_search,tolol,2026-08-12,"""Bocor! Calon Presiden [PERSON_A] Janjikan Hapus Bantuan Sosial Jika Terpilih Nanti""","Waduh, bahaya nih kalo sampe menang, rakyat kecil makin melarat ditarik bansosnya.","Emang ketahuan dari dulu dia mah pro konglomerat, ga mikirin rakyat bawah.",Beneran ini beritanya? Wah nyesel kemaren sempet niat dukung dia jadi presiden.,"Ah... Ini pasti HOAX yg sengaja disebarkan para pendukung pecundang yg lagi ngimpi jadi presiden, terlihat dari Captionnya yg TOLOL.",4,0,0,1,abusive_language,non_protected_group,,explicit
1158,keyword_search,najis,2026-08-12,VIRAL: Curhatan istri sah pergokin suaminya ngamar sama pelakor berhijab di sebuah hotel melati.,"Astagfirullah, jaman sekarang emang ga bisa nilai orang dari pakaiannya doang ya.",Pakaian rapet panjang-panjang taunya kelakuan dalemnya jablay juga wkwk.,"Banyak emang yang modelan gini, casing syari dalemnya free trial buat suami orang kaga nahan godaan.","Duh kerudung² genit nya ke suami orang apalagi sampai HS.. Babi doang haram, anjing najis, suami orang kagak 😅",4,0,0,1,abusive_language,individual,,explicit
1159,keyword_search,sempit otaknya,2026-08-23,"Dia sering lewat tapi ga tau letak lucunya di mana, tapi fansnya banyak",ak ilfeel sm dia wkt itu gara2 dia jokes apa sih kek pedofil gt dah,Sama yg aku inget dia homophbc tapi kalo lesbian gapapa (mungkin karna cewe x cewe jadi terlihat menggoda) tapi sambil becanda gitu,bruhhhh disgusting asfug,"cocok dah lu berdua buat sirkel, sama sama sempit otaknya :D",4,0,0,1,abusive_language,individual,,explicit
1160,keyword_search,otak halu,2026-08-23,"ya kalau elu nya kurang suka sama dia percuma juga, mau dia selucu apapun pasti ga di anggep lucu sama elo, simple","Idiiiiiih, hakim kau? Langsung menghakimi?",ye dibales fakta malah ngejawab ngelantur,"Saha anu ngalantur, Ujang? Si ujang anu ngalantur, ujug-ujug nuduh. Tinggal jelaskan ""ini letak lucunya di sini"". Ini malah sewot. Idolanya katanya lucu, tapi fansnya sewotan 🤣🤣🤣",otak kebanyakan halu jadi ga nyambung percuma,4,0,0,1,abusive_language,individual,,explicit
1161,keyword_search,dongo,2026-08-23,"padahal banyak agama asli indonesia, di jawa pun masih ada apalagi di luar jawa.","makanya tapi yg mau diakuin sama mereka cuma beberapa, rada diskriminatif emang","Ya kamu protes lah ke brand-nya, ngetik gini ya mana ada di notice","yg diprotes tuh yg ngetweet ""Semua"" wkwkwk ngapa pada ngira protes ke brandnya sih wkwkwk","Sekolah dongo, jangan jadi pengangguran main sjw",4,0,0,1,abusive_language,individual,,explicit
1162,keyword_search,dungu,2026-08-12,"Itu acara konser The Sound Project. Jadi yang dateng ya bebas lah… Ada booth minuman beralkohol di situ, bootj Newport dan booth ini bikin challenge gratis 1 botol ditukar surah Adh Dhuha tadi.  Sengaja melecehkan kaaann…","Ooh,kalo muslim yg bodoh mmng gampang dkendalikan oleh orang, itulah kenapa pentingnya pendidikan diangkat. Islam datang utk melawan kemiskinan dan kebodohan bkn utk mensesatkan dan mengkafirkan sesama muslim yg sdh bersyahadat,kan ada ustad dungu yg baru bljr agama yg mrs nyunah","Waduh. Ini kayaknya koneksinya lagi kusut... Yang dibahas apa, kesimpulannya apa.","Gini loh, itu penghinaan terhadap ayat suci Alquran, karna sy muslim dan negara membiarkan kemiskinan dan kebodohan jd orang muslim yg mayrts bnyk yg dibodohkan oleh negara. Kenapa sy mengaikan dgn pendidikan karna dgn jln pendidikan orang bs tercerdasakan, polapikirnya dilatih","gak gampang dipengaruhi siapapun.karna presidennya bodoh orang bodohpun gampang dikendalikan,gampang dipengaruhi.Islam datang utk melawan kemiskinan dan kebodohan,dalam hal ini ustad2 dungu yg mbawa faham yg mensesatkan dan mengkafirkan sesama muslim adanya mulai jokowi berkuasa",4,0,0,1,abusive_language,unclear,,explicit
1163,keyword_search,tolol,2026-08-12,Btw tadi gue marah marahnya kayak ngegap suami selingkuh padahal itu adek cowo gue pantesan warga pada dateng ngerubunin,"SI BABI BUKANNYA PUTUS MALAH BUAT STATUS “TUAN PUTRIKU” BANGSAAATTTT EMAK LO DAH JANTUNGAN NOH MASIH BISA BEGITU. INI GUE MASIH SABAR YA, SEKALI LAGI GUE GAP GUE VIRALIN MUKA KEDUANYA BIAR DO DARI KAMPUS","Emang bener duaduanya tolol, adek gue tolol ceweknya tolol. Emang cocok kalian berdua samasama tolol dan sangean 🖕🏻","Lu juga tololl wkwkw,, aib ade sendiri di umbarr GOBLOKK wwkwkw,, maen sosmed si maen sosmed","Suka² dia lah tolol, salah sendiri bikin aib diposisi masih tanggungan org rumah.",4,0,0,1,abusive_language,individual,,explicit
1164,keyword_search,tolol lu,2026-08-12,"""emang harus ya joget begitu"" ya yang viral part dance nya emang yang itu mau gimana lagi anjrit lagian lumrah disana lu semua aja alay","Yg jadi masalah doi joget2 didepan atlit bola dan tim bola kelas dunia pula, ya habislah dimasak, untuk fans kpop mending pada ngalah aja deh sma fans bola, gk bakal menang adu bacot",ya tolol ngapain ngalah ajg? itu jg dia disana krn diundang gamungkin jg tbtb dia maju kedepan terus joget joget gila kali ah,"ya kan bisa nolak ajg, dia nerima makanya jd bahan gunjingan. Jogetan cringe kayak gitu harusnya di pangging aja, ngapain dia nerima job jogetan di lapangan? salah dia sendiri awowkwowkwowk","dia kerja tolol, aneh jg fans bola ini. lu pikir dia gitu free kah? dia diundang dia kerja disana ngapain nyalahin dia ajg? lu salahin aja penyelengara yg ngudang dasar aneh tolol",4,0,0,1,abusive_language,non_protected_group,,explicit
1165,keyword_search,bacot lu,2026-08-13,HP ini gampang panas banget padahal cuma buka sosmed.,Iya chipset seri itu emang rawan overheat dari pabrikannya.,Kalo dipake buat main ML frame drop nya parah banget ngelag.,Mending nabung dikit lagi beli seri flagship sekalian aman.,"bacot lu miskin sok nyuruh beli flagship, otak lu aja kaga nyampe goblok sok pinter lu anjing!",4,0,0,1,abusive_language,individual,,explicit
1166,keyword_search,tolol lu,2026-08-13,Bikin kue kering nastar kok gosong mulu ya padahal ngikutin resep.,Apinya kebesaran itu pas manggang di dalem oven.,Pake oven tangkring emang susah ngatur suhunya ga stabil.,Kalo belum pro mending beli jadi aja di toko kue praktis.,"ya elah kang julid tolol, orang belajar malah dinyinyirin mampus aja lu anjing kaga ada empati bangsat!",4,0,0,1,abusive_language,individual,,explicit
1167,keyword_search,babi lu,2026-08-13,Pemain basket X pindah klub ke rival abadi musim ini.,Bayarannya jauh lebih gede di sana dapet kontrak eksklusif.,Fans lamanya pada kecewa dibilang pengkhianat mata duitan.,Namanya juga pro player kerja nyari duit buat keluarga.,"fansnya emang pada babi tolol kaga ada otak, nyembah klub kaya nyembah tuhan anjing mampus lu pada!",4,0,0,1,abusive_language,non_protected_group,,explicit
1168,keyword_search,bangsat,2026-08-13,Mobil LCGC ngebut di jalan tol ngeri banget ngeliatnya.,Bodinya tipis goyang ditiup angin kenceng bahaya.,Sering banget manuver zig-zag kaga nyalain lampu sein.,Berasa bawa mobil sport eropa kali mereka di jalanan.,"supir ugal-ugalan tuh emang sampah jalanan bangsat, miskin tapi nyusahin orang mampus lu kelindes truk anjing!",4,0,0,1,abusive_language,non_protected_group,,explicit
1169,keyword_search,monyet lu,2026-08-13,Paket gw nyasar ke alamat orang padahal resinya bener.,Kurirnya salah baca nomor rumah pas nganter kayanya.,Di maps padahal udah pas titik koordinatnya ga mungkin salah.,Laporin aja ke CS nya minta ganti rugi barang hilang.,"kurir ekspedisi emang sekumpulan monyet goblok kaga bisa baca, buta mata lu anjing balikin paket gw tai!",4,0,0,1,abusive_language,non_protected_group,,explicit
1170,keyword_search,bangsat lu,2026-08-13,Selebgram A jual ludah doang di podcast kaga ada isinya.,Isinya pamer harta mulu kaga ada edukasinya sama sekali.,Banyak abg yang fomo jadiin dia role model kesuksesan.,Miris liat anak muda tontonannya sampah kaya gitu.,"selebgram tai kucing itu emang lonte caper anjing, kaga punya skill apa-apa mampus aja lu bangsat!",4,0,0,1,abusive_language,individual,,explicit
1171,keyword_search,tololnya,2026-03-16,[PERSON_N]..semoga ga ada org tolol rese yg lewat dan reply ya..pengalaman bngt kmrn up topik ginian reply an nya pada ga mikir ga punya otak anjgg,"Makasih doanya, tapi udah ada beberapa🤗🤗🤗🤗😭😭😭",AH BENERAN?JINKK GUA KIRA TOPIK GITU DOANG GA AKAN ADA YG SALTY DAN GOBLOK???,Scroll aja coba🤯🤯🤯 mind blowing.,"duh..takut emosi.. aku jg beberapa yg resenya dan tololnya udh toomuch di hide jir, replynya males menanggapi dah",4,0,0,1,abusive_language,non_protected_group,,explicit
1172,keyword_search,babi lu,2026-08-13,Promotor festival C kaga nyediain air putih gratis di venue.,Botol minum dari luar disita semua pas masuk gerbang.,Di dalem harga air mineral botol kecil ditembak 50 ribu.,Monopoli parah nyari untung dari orang kehausan pas jingkrak-jingkrak.,"promotor lintah darat anjing, panitianya pada babi semua rakus duit moga lu kena azab bangsat!",4,0,0,1,abusive_language,non_protected_group,,explicit
1173,keyword_search,babi lu,2026-08-13,Developer game D nurunin rate gacha lagi diem-diem.,Top up sejuta kaga dapet karakter banner sama sekali ampas.,Udah nyedot duit player triliyunan kaga ada perbaikan server.,Uninstall aja game scam kaya gini gausah dimainin lagi.,"dev gamenya emang babi ngepet anjing, nipu player doang mati aja lu perusahaan sampah bangsat!",4,0,0,1,abusive_language,institution_policy_idea,,explicit
1174,keyword_search,wota tolol,2024-05-01,"TAYK LAAHHH member yang gua kira bisa jadi next 'Ve' karena aura idolnya, perform ok, fanservice bagus, tapi ternyata dibelakang mainnya sama serkel gituan anj",sampe sirkel mainnya aja diatur 😔,najis bgt jir wota tolol wkwk,"lu kira idol lu cuman boleh puasin hasrat lu doang Jing? nurutin kemauan fans Mulu Jing? kocak bgt wotakontol member temenan sama cowo di kirain pacaran emg bener dah member jangan punya Abang, sodara(laki2), temen, mungkin juga kalo mereka punya bapak masih muda di pocecipin","lah, mkanya gw blg wota tolol. smpe sirkel main mrka aja hrs di atur tnpa tau kebenerannya gimana😞",4,0,0,1,abusive_language,non_protected_group,,explicit
1175,keyword_search,gila,2026-09-25,SETUJU Gaji di Indonesia cuman bisa untuk bertahan hidup Bukan untuk hidup yg layak 😔,Tergantung dimana lu kerja Bodoh lu kerja di warteg minta gaji 10 juta gitu ?? Pendapatan warteg nya aja dikit Mikir lah GOBLOK klo lu kerja ditambang 12 juta itu gaji rata2 kenapa gaji tambang besar ?? Karna perusahaan tambang untungnya gede,"Pasal 33 ayat (3) Undang-Undang Dasar 1945 berbunyi: ""Bumi dan air dan kekayaan alam yang terkandung di dalamnya dikuasai oleh negara dan dipergunakan untuk sebesar-besar kemakmuran rakyat."" coba pahami ini.",Lah kan emang sudah dilakukan Yang kerja di tambang pengeruk SUMBER DAYA ALAM kan orang Indonesia Klo bukan lu yang kerja ditambang berarti bukan rezeki lu 🤣,"Gini nih orang idiot sok berpendapat, UUD itu artinya sda nya harus dibagi rata ke semua rakyat Indonesia bukan hanya yg kya sekarang dikuasai segelintir orang,artinya elu yg tolol ini harusnya juga kebagian.",4,0,0,1,abusive_language,individual,,explicit
1176,keyword_search,goblok lu,2026-08-13,Kucing ras dibiarin jalan-jalan di komplek ga pake kalung.,Takutnya diculik orang trus dijual lagi di petshop ngeri.,Ownernya teledor banget pintu pager dibiarin kebuka terus-terusan.,Kalo ilang baru nangis-nangis bikin sayembara di grup fb.,"owner goblok kaga tanggung jawab anjing, gausah miara hewan lu babi kaga becus nyusahin doang bangsat!",4,0,0,1,abusive_language,individual,,explicit
1177,keyword_search,tukang tipu,2026-08-13,Cowok gw ketauan bikin second account instagram diem-diem.,Buat stalking mantan pacarnya kayanya tuh ati-ati aja.,Pas ditanya alasannya buat ngeliat akun meme doang.,Putusin aja fix dia nyembunyiin sesuatu di belakang lu.,"cowok lu emang buaya bangsat tukang tipu anjing, laki-laki sampah kaga tau diuntung ludahin aja mukanya babi!",4,0,0,1,abusive_language,individual,,explicit
1178,keyword_search,jelek,2026-08-13,[ORGANIZATION_U] ga punya ide sampe jiplak univ di jawa yah? mikir anak univ jawabnya gak akan tau? 🩷,univ ga terkenal dari daerah terbelakang emang ga kreatif sdmnya,[ORGANIZATION_U] emg jelek kek tai tapi bawa bawa daerah too much ga sih,"Menghina kampus karena berbeda pandangan itu sudah tidak bagus, ditambah menghina daerah di mana kampus tersebut berasal malah semakin tidak bagus lagi.",ga ah emg [ORGANIZATION_U] jelek wkwkwk,4,0,0,1,abusive_language,institution_policy_idea,,explicit
1179,keyword_search,tolol,2026-08-13,Kereta KRL AC-nya mati pas jam pulang kerja dempet-dempetan.,Panasnya kaya di dalem oven keringetan semua baju basah.,Penumpang pada buka jendela dikit kaga ngaruh tetep sumpek.,KCI kaga pernah beres ngurusin maintenance AC gerbong ekonomi.,"teknisi krl nya emang sekumpulan babi tolol kaga becus kerja, gaji doang lu makan ngerawat ac aja kaga bisa anjing!",4,0,0,1,abusive_language,non_protected_group,,explicit
1180,keyword_search,bully,2026-09-25,"aku pikir orang jahat yg beneran jahat tanpa sebab tuh cuma ada di sinetron, ternyata di real life beneran ada orang yg sejahat ini ya? ini juga bisa dibilang tanpa sebab, cuma demi kepuasan buat dia.","Ada banget, di kantor juga ada orang yg marah2 bentak2 supir ga jelas. Pas kita tanya, katanya seru aja liat orang takut. Tapi cuma dilakuin sama orang yg lebih 'lemah' dari dia. Emang CUPU.","jahat banget astaghfirullah, dia ga takut apa orang2 yg lebih lemah itu nyumpahin yg jelek atas kelakuan dia","Enggaaa, dia kalo sama atasan atau sama yg kaya tuh, suka merendahhhh bgt kayak orang gapunya apa2. Ewh pokonya 😵‍💫","Mirip temen gw dlu pas kuliah anjir ternyata kyk gini termasuk red flags ya, jd dia klo sama temen2 yg lebih kaya raya tuh segan, menhargai, ngehormatin giliran sama yg sekiranya bisa di bully tuh di olok2, mulutnya tajem, trus ngrendahin udh gw cut off setelah mikir panjang",4,0,0,1,abusive_language,individual,,explicit
1181,keyword_search,tolol,2026-08-13,Aplikasi m-banking F error seharian kaga bisa dipake transfer.,Padahal lagi butuh banget buat bayar cicilan jatuh tempo hari ini.,Kena denda telat bayar dong jadinya rugi di pihak nasabah.,Banknya harus tanggung jawab sih ngasih kompensasi ini parah.,"bank sampah IT nya pada tolol semua anjing, ngurus server aja kaga becus lu pada mending resign aja babi!",4,0,0,1,abusive_language,non_protected_group,,explicit
1182,keyword_search,lonte,2026-08-13,Match tinder ngajak ketemuan first date di cafe mahal banget.,Dia pesen steak wagyu minumnya wine ga nanya budget gue dulu.,Pas bill keluar dia alesan dompetnya ketinggalan di mobil.,Cewek matre tuh sengaja nyari mangsa cowok buat makan gratis.,"cewek lonte gembel kaga modal anjing, tukang porotin cowok mampus aja lu babi miskin kaga tau malu!",4,0,0,1,abusive_language,individual,,explicit
1183,keyword_search,ampas lu,2026-08-13,Project open source gw di-clone sama orang ga dikasih credit.,Diganti namanya doang trus diakuin bikinan dia di portofolio.,Laporin aja ke github biar di-takedown repository curiannya.,Malu-maluin banget nyolong karya orang kaga ada usahanya.,"tukang copas goblok kaga punya otak anjing, skill lu ampas bisanya maling doang bangsat mampus lu kaga bakal sukses!",4,0,0,1,abusive_language,individual,,explicit
1184,keyword_search,tolol,2026-08-13,Emak-emak nyalain sein kiri tapi belok kanan di perempatan.,Hampir nabrak motor gw dari belakang kaget banget ngerem mendadak.,Diklakson malah dia yang ngamuk-ngamuk melotot buka helm.,Emang susah kalo berurusan sama penguasa jalanan kaga mau ngalah.,"emak-emak tolol kaga tau aturan anjing, cabut aja SIM nya babi nyusahin orang di jalan pantes lu dilindes bangsat!",4,0,0,1,abusive_language,individual,,explicit
1185,keyword_search,idiot lu,2026-08-13,Nyoba facial wash viral di tiktok muka langsung breakout parah.,Kandungannya keras banget ada SLS nya tinggi bikin iritasi.,Influencer yang promoin bilangnya aman dipake buat kulit sensitif.,Dibayar gede pasti itu buat ngibul follower nyari komisi affiliate doang.,"influencer anjing penipu bangsat, demi duit lu promosiin racun ke orang idiot banget lu mampus aja kena azab!",4,0,0,1,abusive_language,individual,,explicit
1186,keyword_search,biadab lu,2026-08-13,Koper gw dibanting petugas bandara sampe rodanya patah dua.,Liat dari jendela pesawat pas mereka lagi loading barang ke bagasi.,Komplain ke maskapai proses klaimnya ribet nunggu berbulan-bulan.,Emang kaga ada harganya barang penumpang di mata maskapai.,"porter bandara emang anjing biadab kaga ada otak, lu ganti rugi koper gw bangsat tangan lu cacat apa gimana sih!",4,0,0,1,abusive_language,non_protected_group,,explicit
1187,keyword_search,anjing lu,2026-08-13,Walikota [PERSON_H] ngadain studi banding ke eropa sebulan penuh.,Bawa rombongan keluarga sama staf berpuluh-puluh orang ikutan.,Duit APBD diabisin buat jalan-jalan berkedok kerja dinas luar negeri.,Kotanya masih banyak jalan berlubang padahal warganya melarat.,"walikota korup babi emang rakus duit rakyat anjing, otak lu ditaro di pantat bangsat moga cepet dipenjara lu!",4,0,0,1,abusive_language,individual,,explicit
1188,keyword_search,goblok lu,2026-08-13,Dosen [PERSON_G] ngasih nilai C sekelas padahal rajin masuk ngerjain tugas.,Katanya ga ada yang bisa ngelewatin standar jenius dia di kampus.,Pelit nilai banget bikin IPK satu angkatan pada anjlok semua.,Emang dosen killer nyari tumbal kepuasan batin tiap semester.,"dosen anjing gila hormat goblok, ngajar aja kaga becus sok keras ngasih nilai lu bangsat mampus cepet pensiun lu!",4,0,0,1,abusive_language,individual,,explicit
1189,keyword_search,tolol lu,2026-08-13,Bawa motor servis rutin ke bengkel resmi H langganan.,Pulang-pulang remnya malah blong hampir nabrak pohon di tikungan.,Montirnya lupa masang kampas rem bener-bener kendor bautnya.,Bahaya banget itu nyawa taruhannya mending tuntut aja bengkelnya.,"montir tolol kaga ada otak anjing, lu mau ngebunuh gw ya bangsat kerja kaga becus mending lu cuci piring aja babi!",4,0,0,1,abusive_language,individual,,explicit
1190,keyword_search,mampus lu,2026-08-13,Vokalis band [PERSON_K] ketauan selingkuh sama fannya sendiri di hotel.,Istrinya lagi hamil tua padahal nungguin di rumah sedih banget.,Langsung di-cancel abis-abisan di sosmed jadwal manggung batal semua.,Image family man nya hancur lebur seketika kebongkar aslinya.,"vokalis anjing cowok brengsek kaga tau diuntung bangsat, tai kucing lu pencitraan doang mampus aja karir lu hancur!",4,0,0,1,abusive_language,individual,,explicit
1191,keyword_search,sialan,2026-09-22,"Mau dibilang pakai ikan busuk sekalipun, tetep gue beli 😭🫰🏻","Walau pake ikan busuk, blm prnh dgr keracunan massal, pdhl ini yg beli banyak bgt anak sekolah",padahal makanan ini ada pengawetnya yg bahaya bgt dimakan banyak tapi sejauh ini yg paling beracun tetep mbg,"Selain pengawet ada pewarna makanan yg juga gak aman kalo dikonsumsi berlebihan. Tapi kita punya pilihan untuk gak makan, sdgkn mbg harus dimakan. Nolak mbg secara gk lgsg nolak dana bos. Gelo","emg mbg ini sebenernya harus distop, buang buang anggaran doang tapi nanti ego wowok bakal kesentil kalo disuruh stop. nasib jadi wni dipimpin boomer sialan.",4,0,0,1,abusive_language,non_protected_group,,explicit
1192,keyword_search,lo tolol,2026-09-17,Menurut kalian ini AI bukan guys? Repson si pelakunya 😅,Itu asli tulisan tangan ..dasar bego semua dibilang AI,1. mana ada Toko bahan Bangunan pake judul TOKO BANGUNAN 2. Tulisan tangan terlalu sempurna utk orang yg kerja di toko bangunan 3. Lo TOLOL,bang toko bangunan di jakarta kebanyakan Chinese admin nya anaknya sendiri tulisan rapih,"ga bang, cuman org tolol & orang tua yg liat ini bukan AI 😄",4,0,0,1,abusive_language,non_protected_group,,explicit
1193,keyword_search,babi lu,2026-08-13,Bapak kos mindahin barang gw ke luar kamar sembarangan ke lorong.,Padahal telat bayar baru sehari doang belum gajian nunggu besok.,Keterlaluan banget ga ada toleransinya sama sekali seenaknya.,Pindah aja cari kosan lain yang bapak kosnya lebih waras manusiawi.,"bapak kos lintah darat anjing, kaga punya hati nurani lu bangsat moga lu mati melarat babi kualat lu ntar!",4,0,0,1,abusive_language,individual,,explicit
1194,keyword_search,bodoh,2026-09-22,"temen-temen mahasiswa, hati-hati dalam mengungkap jati diri yaa apa lagi orientasi seksual akhir-akhir ini banyak berita yang aku dengar kalo beberapa kampus di negara kita bertindak tegas menolak camaba dan atau mencabut status mahasiswa yang ketahuan di dalam payung pelangi 😭",Nahkan itu imbas dr UU ancaman nonmiliter dan efeknya bakal terus terusan bertambah grgr UU ini,"Itu hanya Perpress, bahkan bukan UU",Walopun perpres jg efeknya ituloh jd menyebar kemana mana grgr aturan itu.,"Iya karena banyak orang bodoh, fanatik dan homophobic",4,0,0,1,abusive_language,non_protected_group,,explicit
1195,keyword_search,bacot lu,2026-08-13,Harga tiket konser makin absurd sekarang.,Yang VIP malah cepat habis.,Banyak yang tetap beli karena takut kehabisan.,Padahal belum tentu sepadan sama harganya.,"Ya terserah mereka, lu kalau nggak suka jangan bacot terus. Tolol banget.",4,0,0,1,abusive_language,individual,,explicit
1196,keyword_search,bego,2026-08-13,Jalanan depan kampus macet parah tadi.,Ada kecelakaan kecil katanya.,Untung nggak sampai ada korban.,Tetap bikin perjalanan molor satu jam.,"Dasar pengendara bego, udah tahu jalan sempit masih aja ngebut kayak kerasukan.",4,0,0,1,abusive_language,individual,,explicit
1197,keyword_search,ngaco,2026-08-13,Gue baru lihat update aplikasinya.,Katanya beberapa bug sudah diperbaiki.,Tapi notifikasinya masih suka telat.,Semoga patch berikutnya lebih stabil.,"Tim developernya ngaco banget sih, fitur dasar aja berantakan. Goblok.",4,0,0,1,abusive_language,non_protected_group,,explicit
1198,keyword_search,kampungan,2026-08-13,Nilai pertandingan tadi lumayan ketat.,Babak pertama masih imbang.,Gol terakhir baru bikin beda.,Fans dua kubu langsung ribut di kolom komentar.,"Kalian berisik banget, kayak anak kecil berantem rebutan mainan. Kampungan.",4,0,0,1,abusive_language,non_protected_group,,explicit
1199,keyword_search,sinting,2026-08-13,Restoran itu katanya baru buka minggu ini.,Banyak yang penasaran menu barunya.,Foto makanannya kelihatan menarik.,Tapi antreannya panjang banget.,"Pelayanannya sinting, nunggu sejam cuma buat pesanan yang salah.",4,0,0,1,abusive_language,individual,,explicit
1200,keyword_search,nyebelin,2026-08-13,Presentasi kelompok gue akhirnya selesai.,Semalam sampai revisi tiga kali.,Untung dosennya nggak minta ulang.,Tinggal tunggu hasil penilaian.,"Yang bikin slide berantakan itu memang ceroboh banget, nyebelin asli.",4,0,0,1,abusive_language,individual,,explicit
1201,keyword_search,dongo,2026-08-13,Ada yang debat soal harga rumah.,Memang makin susah buat anak muda.,Faktor lokasinya juga penting.,Belum lagi cicilan dan bunga.,"Lu ngomong gampang karena nggak pernah mikir. Jangan sok tahu, dongo.",4,0,0,1,abusive_language,individual,,explicit
1202,keyword_search,otak,2026-08-13,Kereta tadi penuh banget.,Banyak penumpang berdiri.,Untung perjalanan cuma sebentar.,Kalau tiap hari begini pasti capek.,Yang maksa dorong masuk itu nggak punya otak apa gimana sih?,4,0,0,1,abusive_language,individual,,explicit
1203,keyword_search,nyebelin,2026-08-13,Baru kelar nonton film thriller.,Plot twist-nya lumayan.,Ending-nya bikin bingung.,Tapi sinematografinya bagus.,"Kritik film boleh, tapi jangan jadi manusia nyebelin yang merasa paling pintar, anjir.",4,0,0,1,abusive_language,individual,,explicit
1204,keyword_search,rese,2026-08-13,Kantor lagi banyak kerjaan minggu ini.,Semua divisi kena imbas.,Makanya pulang agak malam.,Semoga minggu depan lebih longgar.,"Bosnya emang rese, deadline mepet begini masih nambah kerjaan.",4,0,0,1,abusive_language,individual,,explicit
1205,keyword_search,bego,2026-08-13,Ada thread soal beasiswa yang ramai.,Banyak yang berbagi pengalaman.,Ada juga yang kasih tips wawancara.,Lumayan informatif sebenarnya.,"Kalau nggak ngerti sistemnya jangan sok komentar, bego.",4,0,0,1,abusive_language,individual,,explicit
1206,keyword_search,bangsat,2026-08-13,Cuaca panas banget dari siang.,AC kamar sampai nggak kerasa.,Mungkin memang lagi ekstrem.,Semoga malam agak adem.,"Yang buang sampah sembarangan itu emang bangsat, bikin saluran mampet terus.",4,0,0,1,abusive_language,individual,,explicit
1207,keyword_search,sampah,2026-08-13,Temen gue lagi belajar editing video.,Katanya masih sering salah color grading.,Namanya juga pemula.,Nanti lama-lama terbiasa.,"Beda belajar sama asal pencet, hasilnya aja udah kayak sampah.",4,0,0,1,abusive_language,individual,,explicit
1208,keyword_search,mukanya,2026-09-25,"Cuma mau mengingatkan, kalau intoleransi itu bikin kalian cepat tua. Si buluk ini kelahiran 97 tp komuknya boros kek APBN 😌😌😌",serius ini tahun 97?? bukan 87 or 77 ?? borosnya melebihi kuota 28 harii brohh wkwkwk,"KAK SUMPAH, dia dulu satu sekolah sama cowo gue😭😭😭 alumni SMKN 2Kab Tangerang (pacul) ish tapi asli TUA banget mukanya tu orang",Telat masuk sd apa gimana dah tu orang😭🤣,"Mau dia itu telat masuk SD atau kecepetan, tetep aja gak 97L itu mukanya udah kaya bapak-bapak umur 40an kak. Jadi gak ada hubungannya sama telat masuk sd 😭",4,0,0,1,abusive_language,individual,,explicit
1209,keyword_search,kampret lu,2026-08-13,Harga laptop turun sedikit bulan ini.,Lumayan kalau memang sedang cari baru.,Tapi model lama masih banyak yang bagus.,Tergantung kebutuhan masing-masing.,"Nggak usah sok ngatur, kampret. Duit gue juga bukan duit lu.",4,0,0,1,abusive_language,individual,,explicit
1210,keyword_search,bego lu,2026-08-13,Komentar soal politik selalu cepat panas.,Baru beda pendapat sedikit sudah saling serang.,Padahal bisa diskusi biasa.,Internet memang begitu kadang.,"Lu kalau debat isinya cuma nyolot, bego, bukan argumen.",4,0,0,1,abusive_language,individual,,explicit
1211,keyword_search,babi lu,2026-08-13,Nyoba ikut kelas muaythai di gym depan komplek.,Seru ga tuh lumayan buat nurunin bb.,Pelatihnya galak banget anjir baru pemula udah disuruh sparring.,Biar mental lu kebentuk kali wkwk wajar aja galak.,"pelatihnya emang goblok kaga ngotak anjing, nyiksa member doang mampus aja lu babi! 🤬",4,0,0,1,abusive_language,individual,,explicit
1212,keyword_search,tolol lu,2026-08-13,Nongkrong di kopi senja pesen latte art.,Harganya nyekek ga tuh buat ukuran kopi susu.,Kopi doang 60 ribu tapi rasanya cawerang banget air doang.,Baristanya baru belajar nyeduh kali masih magang.,"barista tolol kaga becus bikin kopi bangsat, mending lu cuci piring aja pantesnya anjing!",4,0,0,1,abusive_language,individual,,explicit
1213,keyword_search,babi lu,2026-08-13,Liat pengumuman loker di linkedin syaratnya seabrek.,"Harus bisa mandarin, inggris, ngoding, sama desain grafis.","Gajinya pas di spill cuma 2,5 juta doang sebulan.",HRD jaman sekarang emang ga ngotak nyari budak korporat.,"hrd anjing emang pada babi semua, otak lu ditaro mana goblok gaji segitu mampus aja lu! 😂",4,0,0,1,abusive_language,non_protected_group,,explicit
1214,keyword_search,bangsat lu,2026-08-13,Ketemu mantan jalan sama sahabat gue sendiri di mall.,Wah plot twist banget anjir sejak kapan mereka deket.,Katanya sih udah pacaran sebulan pantesan kemaren pada ngilang.,"Sabar ya, emang udah sifatnya tukang tikung.","mantan gue emang anjing bangsat, lonte gembel kaga tau malu moga kualat lu berdua!",4,0,0,1,abusive_language,individual,,explicit
1215,keyword_search,tolol lu,2026-08-13,Beli rokok di minimarket sebentar doang mesin motor masih nyala.,Pas mau cabut tiba-tiba ada kang parkir narik motor dari belakang.,Maksa minta 2 ribu padahal dia lagi duduk main hp tadi.,Kang parkir indomaret emang gitu ghoib datang tak diundang.,"tukang parkir tolol kaga ada otak, kang palak miskin mampus aja lu kelindes mobil anjing!",4,0,0,1,abusive_language,non_protected_group,,explicit
1216,keyword_search,babi lu,2026-08-13,Beli jaket kulit di tiktok datengnya bahan kresek.,Ketipu harga murah pasti lu fomo doang.,Di videonya tebel bagus eh aslinya tipis banget transparan.,Laporin aja tokonya biar dibanned kaga bisa jualan lagi.,"seller babi kang tipu anjing, moga duit haram lu jadi penyakit mampus lu bangsat! 🤣",4,0,0,1,abusive_language,individual,,explicit
1217,keyword_search,buzzer,2026-09-22,"lah kalo ga ditegur besok dia blunder lagi, lagian influencer itu powernya gede kalo dia pake buat nyuruh orang insensitive atau tone deaf ya wajar aja jadi bulan-bulanan netizen.","pertama yang nyuruh ga negur siapa, kedua  di point lo udah jelas orang yang kena bencana ga ada perkembangannya. terus solusinya apakah goreng berita maudy bolak balik yang lagi asik walk in nature dan detox sosmed sambil ngangkat terus beritanya kah?",lah korban gada perkembangannya karna pemerintah lo gak peduli bgst. masa jadi salah gw maudy dihujat karna dia sendiri yg nyuruh orang mindfull di situasi tai begini.,"minimal dia gak bikin video yg isinya “stop liat bad news, cari kerjaan lain” dan ngajak followersnya buat bersuara udah cukup. jadi influencer tuh gunain power lo buat bersuara bukan nyuruh orang diam. buzzer maudy tai.","kebiasaan orang iq dikit tuh gini kalau debat, bukannya balas pakai argumen malah langsung nyerang personal dan ngatain orang buzzer. serendah dan sesempit itu ya cara pikir lo buat ngeclaim orang buzzer? LOL, pathetic.",4,0,0,1,abusive_language,individual,,explicit
1218,keyword_search,tolol lu,2026-08-13,Game M makin ke sini hero barunya makin OP ga ngotak.,Biar laku skinnya doang makanya dibikin sakit damage nya.,Kalo ga top up ya siap-siap kebantai terus di rank.,Udah males main uninstall aja mendingan.,"dev tolol anjing kaga becus balancing game, otak lu isinya duit doang bangsat mampus lu!",4,0,0,1,abusive_language,non_protected_group,,explicit
1219,keyword_search,goblok lu,2026-08-13,Dateng ke acara pensi kemaren MC nya garing banget.,Jokesnya bapak-bapak kaga ada lucunya sama sekali.,Mana sempet salah nyebut nama band bintang tamunya lagi.,Panitianya salah pilih MC harusnya cari yang lebih asik.,"mc goblok kaga punya skill bacot doang anjing, mending lu turun panggung aja babi garing! 😭",4,0,0,1,abusive_language,individual,,explicit
1220,keyword_search,tolol lu,2026-08-13,Saldo refund gue ketahan seminggu di aplikasi oren.,Coba spam chat CS nya aja tiap jam biar diurus.,Dijawabnya cuma pake template robot mulu nunggu investigasi.,CS nya kaga kerja itu mah cuma ditaro bot doang.,"cs tolol anjing kaga niat kerja, balikin duit gw bangsat perusahaan maling lu pada!",4,0,0,1,abusive_language,non_protected_group,,explicit
1221,keyword_search,babi lu,2026-08-13,Bapak kos tiba-tiba matiin meteran air kosan dari jam 9 pagi.,Alesannya ngirit air soalnya tagihan bulan kemaren bengkak.,Padahal bayar kosan udah include semua fasilitas kaga telat.,Tuntut aja bawa ke rt/rw kaga manusiawi gitu.,"bapak kos lintah darat anjing, tua bangka kaga tau diri mampus cepet mati aja lu babi!",4,0,0,1,abusive_language,individual,,explicit
1222,keyword_search,tolol lu,2026-08-13,Ada motor neduh sembarangan di underpass bikin macet.,Ngabisin setengah jalan raya cuma buat pake jas ujan doang.,Diklaksonin mobil malah pada nyolot kaga mau minggir.,Budaya egois yang penting diri sendiri kaga keujanan.,"pemotor tolol kaga ada otak, nyusahin orang doang anjing pantes lu dilindes tronton bangsat! 💯",4,0,0,1,abusive_language,non_protected_group,,explicit
1223,keyword_search,dongo,2026-09-20,Narasi provokatif  kaya begini nih  yg pemecah belah antar agama. Dengerin baik2 videonya!!! Itu tempat belom ada ijinnya. Semua bangunan harus ada ijinnya. Bangsat narasi kaya gini nih.,Terus pake sajam gitu? Lawak bener lo biji. Sok sok omong narasi provokatif nyatanya emang provokasiin pake sajam.,Lu biji kendor. Bahas narasi malah yg dibahas sajamnya! Gak ada kalimat gw yg setuju pake sajam!,"Lo biji tumor di otak lo.  Yg dibahas di video org intoleran, anak goblok mcm lo malah omong ttg narasi provokatif. Provokatifnya apa anak  mek?",Emang dongo itu nalarnya ga jalan dia bg,4,0,0,1,abusive_language,individual,,explicit
1224,keyword_search,kaga becus,2026-08-13,Provider ind*home mati lagi pas lagi zoom meeting.,Tiap hujan dikit pasti sinyalnya langsung down ampas.,Teknisi dateng benerinnya cuma reset router doang kelar.,Monopoli jaringan makanya pelayanannya pada asal-asalan.,"teknisi anjing kaga becus benerin internet, kerja makan gaji buta mampus aja lu pada bangsat!",4,0,0,1,abusive_language,non_protected_group,,explicit
1225,keyword_search,bangsat lu,2026-08-13,Film horor baru itu ngandelin aurat doang kaga ada serem-seremnya.,Jalan ceritanya juga ga masuk akal muter-muter.,Jumpscare murahan pake sound effect kenceng bikin budek.,Sutradaranya emang dari dulu terkenal bikin film sampah.,"sutradara goblok anjing kaga bisa bikin film, mending lu nyebur sumur aja babi ngerusak perfilman bangsat!",4,0,0,1,abusive_language,individual,,explicit
1226,keyword_search,jir tolol,2026-01-26,"Masalahnya bukan kelonnya, tapi otaknya yang kelonan sama logika. Belum sah, tapi ngerasa paling suci pas marah-marah.","Tp kelon itu bkn hal yg aneh lho , sudah umum sebagai bentuk rasa cinta","Umum? Hebat! Mari kita jadikan 'umum' sebagai standar moral baru. Jadi kalau hal buruk itu 'umum', artinya boleh dong dilakukan? Logika macam apa itu? Jangan samakan tindakan sembrono dengan norma sosial yang sehat.","Di negara maju hal tersebut umum belum menikah sudah kelon , di kita cuma munafik aja tidak berani terang terangan","Jir tolol mbaknya, kelon di luar negeri yg sebelah mana aja mba udh dianggap umum? Semua kah? Semua negara, semua daerah, semua ras, semua suku, semua agama memiliki perbedaan sosial budaya masing-masing... klo mau disamain, khawatir ada butterfly effect yg merugikan",4,0,0,1,abusive_language,individual,,explicit
1227,keyword_search,tolol lu,2026-08-13,Ngerjain tugas kelompok si X ngilang terus pas diajak diskusi.,Ntar pas nama dia mau dicoret baru deh nongol sok sibuk.,Ngirim materinya juga copas dari wikipedia kaga diedit sama sekali.,Orang kaya gitu jadi benalu doang coret aja namanya lgsg.,"beban sekumpulan anjing kaga tau malu, orang tolol males mampus aja lu kaga usah kuliah bangsat! 🤣",4,0,0,1,abusive_language,individual,,explicit
1228,keyword_search,bego,2026-09-21,"kebiasaan orang iq dikit tuh gini kalau debat, bukannya balas pakai argumen malah langsung nyerang personal dan ngatain orang buzzer. serendah dan sesempit itu ya cara pikir lo buat ngeclaim orang buzzer? LOL, pathetic.","Fyi aja kalo misalnya mau menggunakan kartu netizen bernama Cancel Culture. Kosmetik Maudi mereknya ""From Dis Island"". Kalo bisnis lakinya yg komisarisnya YTTA aja itu namanya ""R3KU"".",cancel culture as if maudy dan suaminya sepasang suami istri yg melakukan tindakan keji bak kriminal 💀 bodoh bener logika warga indon ini,Gw cuma FYI btw wahai kaum literasi rendah.,"ga usah berlindung di balik kedok 'FYI' klo inti sebenarnya dari cuitan lu itu berupa ajakan buat matiin rejeki orang ya bego, makanya dalam pelajaran bahasa indonesia ada yg kalimat persuasif but i guess dongo kek lu remed bhs indo sewaktu sekolah dulu",4,0,0,1,abusive_language,individual,,explicit
1229,keyword_search,tolol lu,2026-08-13,Di grup telegram loker nanya nanya dikit langsung di kick admin.,Adminnya baperan banget gila hormat ngerasa paling berkuasa.,Padahal pertanyaannya sopan nanya kualifikasi doang.,Ya namanya juga admin grup gratisan sok keras wkwk.,"admin tolol anjing kaga ada otaknya, sok iye banget lu bangsat ludahin aja mukanya babi!",4,0,0,1,abusive_language,individual,,explicit
1230,keyword_search,korup,2026-08-13,Kena razia operasi patuh di pertigaan padahal surat lengkap.,Dicari-cari kesalahannya katanya lampu sen kurang kuning.,Ujung-ujungnya minta duit damai 50 ribu baru dilepas.,Uang rokok doang itu oknum kaga mau repot nulis tilang.,"polisi anjing emang lintah darat korup, duit haram lu jadi penyakit kanker mampus lu bangsat! 😭",4,0,0,1,abusive_language,non_protected_group,,explicit
1231,keyword_search,badut lu,2026-08-13,harga tiketnya naik lagi tahun ini,padahal line-up nya mirip tahun lalu,org2 tetep aja war tiket,bisnis hiburan emg lg mahal kali,"ya terserah mau mahal kek gimana, lu jualan mimpi jg ga bakal bikin tiketnya masuk akal. badut bgt dah",4,0,0,1,abusive_language,individual,,explicit
1232,keyword_search,goblok,2026-08-13,tadi nonton pertandingan sampe babak akhir,"seru sih, cuma finishingnya jelek",kiper mereka juga beberapa kali nyelametin,fans udah mulai nyalahin wasit,"tiap kalah nyari kambing item mulu, goblok. main lu emg jelek ya bilang aja jelek",4,0,0,1,abusive_language,non_protected_group,,explicit
1233,keyword_search,lu dongo,2026-08-13,katanya kos sekarang makin mahal,daerah kampus emg pada naik semua,temenku sampe pindah 2x,cari yg agak jauh dikit katanya,"lu tuh enak ngomong, ga pernah bayar kos sendiri. sok ngerti banget, dongo 😭",4,0,0,1,abusive_language,individual,,explicit
1234,keyword_search,lu males,2026-08-13,timeline rame bahas kerja remote,ada yg betah di rumah ada yg malah stress,tergantung kerjaannya juga,yg penting target kelar,"problemnya lu bukan wfh, lu emg males. jangan dibungkus pake istilah produktif wkwk",4,0,0,1,abusive_language,individual,,explicit
1235,keyword_search,tolol,2026-08-13,ada restoran baru viral di tiktok,katanya waiting list panjang,beberapa orang bilang biasa aja,ya selera beda2 sih,"yg bilang “biasa aja” sambil ngehina selera orang tuh ngeselin bgt. merasa lidahnya paling suci, tolol",4,0,0,1,abusive_language,individual,,explicit
1236,keyword_search,bego,2026-08-13,kampus mulai pake sistem presensi baru,katanya biar lebih tertib,malah banyak mahasiswa bingung,aplikasinya sering error,bikin sistem sesusah ini buat absen doang tuh kerjaan orang bego apa gimana sih,4,0,0,1,abusive_language,non_protected_group,,explicit
1237,keyword_search,bangsat,2026-08-13,makin banyak org jual preloved,beberapa barang ternyata masih bagus,asal foto dan deskripsinya jujur,iya itu sih,seller yg tau barangnya rusak tapi pura2 ga tau tuh bangsat banget. ngeselin asli,4,0,0,1,abusive_language,individual,,explicit
1238,keyword_search,goblok,2026-08-13,hujan deres dari siang,jalan depan komplek tergenang,tadi udah dikuras juga,semoga malem surut,yg buang sampah ke selokan tiap hari terus ngeluh banjir itu emg kaga punya otak ya... goblok bgt,4,0,0,1,abusive_language,individual,,explicit
1239,keyword_search,bego lu,2026-08-13,debat soal sekolah negeri/swasta ga kelar2,masing2 punya pengalaman,ada yg ngerasa swasta lebih disiplin,ada juga yg bilang negeri lebih luas aksesnya,"jangan cuma modal pengalaman pribadi terus nyimpulin semua sekolah sama, bego. hidup tuh ga sesempit kepala lu",4,0,0,1,abusive_language,individual,,explicit
1240,keyword_search,bajingan,2026-08-13,harga kebutuhan rumah naik terus,ibu2 di pasar mulai ngeluh,katanya beberapa komoditas naik,mudah2an pasokan normal lagi,yg bikin keputusan seenaknya terus rakyat disuruh maklum tuh bener2 bajingan,4,0,0,1,abusive_language,individual,,explicit
1241,keyword_search,lu sinting,2026-08-13,update game baru katanya gede banget,size patch nya 40gb,banyak yg protes,developer bilang ada optimasi,"40gb buat patch doang, sinting lu pada? ini developernya tidur apa gimana 😭",4,0,0,1,abusive_language,non_protected_group,,explicit
1242,keyword_search,kurang ajar,2026-08-13,temenku lagi belajar public speaking,katanya suka blank pas presentasi,wajar sih masih latihan,lama2 juga kebiasa,terus yg nyela orang lagi ngomong itu kurang ajar banget. ga pernah diajarin sopan santun apa,4,0,0,1,abusive_language,individual,,explicit
1243,keyword_search,tolol,2026-08-13,banyak yg bahas harga konser sekarang,merch nya jg mahal,tapi tetep sold out,berarti demandnya masih tinggi,"fans rela bayar segitu bukan berarti penyelenggaranya bebas ngaco, jangan tolol dong",4,0,0,1,abusive_language,individual,,explicit
1244,keyword_search,tolol,2026-08-13,server sempet down lagi,katanya ada maintenance,infonya telat banget,user udah keburu panik,"adminnya kalo ngasih info jangan nunggu setengah mati dulu kali, tolol banget cara ngurusnya",4,0,0,1,abusive_language,individual,,explicit
1245,keyword_search,norak,2026-08-13,orang2 mulai rame olahraga pagi,taman kota jadi penuh,bagus sih asal ga ganggu pengguna lain,"iya, yg penting gantian","lu lari muter2 sambil nutupin jalan orang tuh norak bgt, bangsat",4,0,0,1,abusive_language,individual,,explicit
1246,keyword_search,rese,2026-08-13,thread soal interview kerja rame,banyak yg sharing pengalaman aneh,ada recruiter yg ghosting juga,emg ngeselin sih,HR yg habis interview terus ilang tanpa kabar tuh emg rese. tinggal bilang lanjut atau engga kan kelar,4,0,0,1,abusive_language,non_protected_group,,explicit
1247,keyword_search,bikin emosi,2026-08-13,baru beli laptop buat kuliah,setup awalnya ternyata lumayan makan waktu,driver aja banyak yg harus update,tapi setelah itu oke,"customer service yg jawabnya copy paste terus bikin emosi, anjir. ga bantu apa2",4,0,0,1,abusive_language,individual,,explicit
1248,keyword_search,munafik lu,2026-08-13,lagi rame debat soal AI,ada yg nganggep semua tulisan AI jelek,ada jg yg kebalikannya,menurutku tergantung pemakaian,"lu anti-AI tapi tiap hari nyontek thread orang, lucu juga sih. munafik tolol",4,0,0,1,abusive_language,individual,,explicit
1249,keyword_search,rese,2026-08-13,transport umum sekarang makin ramai,beberapa rute baru katanya mau dibuka,semoga beneran jalan,biar orang ga selalu bawa kendaraan sendiri,"petugas yg malah nyuruh penumpang ngantri ga jelas itu rese banget, ngomongnya juga ketus",4,0,0,1,abusive_language,individual,,explicit
1250,keyword_search,dongo,2026-08-13,temen kantor resign mendadak,katanya dapet offer baru,ya bagus lah kalau cocok,semoga tempat barunya lebih sehat,"atasan yg bikin orang bagus pergi satu2 itu emg dongo, masih aja merasa dirinya paling bener",4,0,0,1,abusive_language,individual,,explicit
1251,keyword_search,najis lu,2026-08-13,tadi lihat debat soal makanan halal,komentarnya udah kemana2,padahal awalnya cuma bahas restoran,internet moment banget,"baru beda selera dikit langsung ceramah paling suci, najis bgt kelakuan lu",4,0,0,1,abusive_language,individual,,explicit
1252,keyword_search,kampret,2026-08-13,ada yg jual tiket pertandingan di atas harga resmi,katanya karena susah dapet,banyak yg kesel,ya namanya pasar juga,"calo yg nyapu tiket banyak2 terus jual semaunya emg kampret sih, bikin orang lain susah",4,0,0,1,abusive_language,non_protected_group,,explicit
1253,keyword_search,bajingan,2026-08-13,thread finansial lagi rame,ada yg bahas investasi buat pemula,banyak yg ngasih warning,semoga ga ada yg asal ikut,yg ngajarin orang invest tapi pura2 lupa bilang risikonya tuh bajingan. modal sok ahli doang,4,0,0,1,abusive_language,individual,,explicit
1254,keyword_search,anak haram,2026-09-09,"Dengarkan doa mereka bunuh Yahudi, Kristen, Politeis dan Amerika sementara ormas gila ini [USER_M] agar LGBT ❤💛💚💙💜 dikriminalsasi dan dipenjara.",Benar² Islam ☪️ agama yang membawa kerusakan dan kebencian dimana²,"minimal jangan kayak gitu kek.beban negara,ga belajar Pancasila, sekolah cuma sampe gerbang,iq -0000, otak di lutut, pengangguran,Beban keluarga,sok bgt si paling bener, menormalisasikan zionis,hama,ga guna,11/12 sama Jeffry Epstein,ga punya empati,ga toleransi,sok tau.","Daripada menormalisasi Islam ajaran sex dan anarkis, lbh baik menormalisasi hama.",Aku tanya kamu hasil pohon pisang kah...ibu bapak kamu pasti nikah haram kerana itu dapat anak haram seperti kamu🤣🤣🤣,4,0,0,1,abusive_language,individual,,explicit
1255,keyword_search,haram,2026-08-13,satanic begini dibilang cinematic emang dongo aja,Mungkin mereka suka aesthetic antichrist 😭✨,dipikir keren ya padahal menyesatkan 💔,"Aduh gayanya sok alim bgt ngomongnya menyesatkan menyesatkan, pdhl sendirinya ngatain stranger ‘dongo’? Bknnya ngehina org lain jg dosa tuh kak ustadzah caca?",DIA MAKAN UANG HARAM DARI JELEKIN ORANG 😂😂😂,4,0,0,1,abusive_language,individual,,explicit
1256,keyword_search,goblok,2026-08-13,banyak yg pindah ke tablet buat kerja,katanya lebih praktis,tergantung kebutuhan sih,laptop masih kepake juga,"jangan nyinyir kalo orang pilih tablet. ga semua orang butuh setup segede ego lu, goblok",4,0,0,1,abusive_language,individual,,explicit
1257,keyword_search,brengsek,2026-08-13,bus terakhir telat lumayan lama,penumpang udah nunggu dari tadi,untung akhirnya datang,iya daripada batal,"perusahaan transportasi kalo jadwalnya ga jelas gini bikin penumpang gila sendiri, brengsek bgt",4,0,0,1,abusive_language,non_protected_group,,explicit
1258,keyword_search,otaknya kosong,2026-08-13,ada akun yg tiap hari bikin drama,followersnya malah nambah,algoritma emg suka begitu,makin rame makin naik,"yg tiap hari cari ribut cuma demi engagement tuh caper level dewa, otaknya kosong banget",4,0,0,1,abusive_language,individual,,explicit
1259,keyword_search,jembut,2026-08-13,Kalo bisa di ulang lu pilih siapa dah apa tetep golput kaya gw ?,"[PERSON_A] belakangnya [PERSON_S], partainya terkorup menurut data terakhir pas pemilu. Ngeri. [PERSON_P] saat itu gagal jadi Kemenhan, track record pelanggaran Ham berat. Ga worth. [PERSON_G], track record nya terjerat kasus korupsi e-KTP, sama jalanan di wilayah Jateng. Tunduk sama [PERSON_M]-chan.",Jadi yang terbaik yang mana bang soalnya golput di bilang salah,"sejauh ini mas [PERSON_A], track recordnya lumayan “bersih” dari korupsi, pendidikan jelas, diplomasi jangan ditanya. kalo dibanding kedua paslon diatas. (bukan fans [PERSON_A] btw) golput itu yang ga dateng ke tps doang kah? atau golput itu yang coblos semua?",Halah jembut,4,0,0,1,abusive_language,individual,,explicit
1260,keyword_search,goblok,2026-08-13,bahas layanan publik lagi,kritiknya banyak yg masuk akal,beberapa orang malah serang yg kritik,padahal harusnya dibahas substansinya,"pola pikir “jangan kritik nanti malu” tuh goblok. kalo salah ya benahin, bukan nyuruh orang diem",4,0,0,1,abusive_language,individual,,explicit
1261,keyword_search,indo,2026-08-15,"Sekarang gue tanya balik, baiknya kita cewek-cewek kalo buang pembalut kayak gimana? Lu sebagai cowok, udah nggak mens tiap bulan, ga beli pembalut, nggak make, nggak ngasih solusi, malah ngomong jelek ((Cewek sejorok ini)) Ya apa yg lu harapkan dari pembalut yg lu temuin di tempat sampah? Bentuknya bakal wangi, semerbak kah? Tolol Ilfil banget sumpah","lgi dan lagi pemerintah yg gagal bikin sistem ( pengolahan sampah) yg bagus , yg berantem rakyatnya 😂 , enak bener pejabat tinggal di indo gabecus kerja , ada record korupsi , daripada demo mending berantem satu sama lain","Si goblok dikit2 pemerintah mulu gk mau ngaca klo rakyatnya jg banyak yg goblok. Banyak org yg udh disediain layanan sampah tp gk mau pake murni krn gk mau bayar 15 rebu per bulan. Keluar rumah sono biar tau realita di lapangan, ngedekem mulu di pojokan kamar dah","bener kan kata gw malah ngajakin ribut, udah tau rakyatnya banyak yg goblok ya dibikin system supaya ga goblok (pemerintah lagi) , lu pikir org singapura atau cina dulu rerata IQ nya tinggi, org goblok ya jangan lu suruh inisiatif , Lu tuntut hak lu buat sistem yg lbih baik","Pemerintah dah kasih wajib belajar 12 tahun msh aja disalahin. Malah bandingin ke rakyat SG dan CN yg jelas penurut. Org indo mah udh goblok, ngeyel dan semaunya sendiri. Klo bisa buang sampah gratis ngapain harus bayar 15rb. Pemerintah itu cerminan rakyat",4,0,1,1,hate_speech,protected_group,nationality,explicit
1262,keyword_search,oten,2026-08-15,Lo yang tololl!!! Goblok awoakwoakwokok...,lah si tolol masih ngaco🤣 gk bisa bantah ya,Laah oten pesek penyepong yahudi ga jelas lo!!! Apa yang mau dibantah kalo emang lo tololl???,"lah si tolol, gk bisa bantah🤣 moon maaf ya lihat dari fotomu udh jelek, pesek lagi🤣",Jiaaahh oten yahudi pesek ngomong apaan sii lo??? Tolong jangan tololl2 banget jadi manusia awoakwoakwok,4,0,1,1,hate_speech,protected_group,religion,explicit
1263,keyword_search,oten,2026-08-15,LIST BISNIS2 DI ZIONIST BALI/LOMBOK 1. ISRABALI,"belum tentu mereka zionist tolol lu cari dulu bedanya Israel, Zionist, Yahudi itu apa",Goyim pesek tololl!!!,ngomong opo sih drun?,Lo yg ngomong ga jelas oten goyim tololl bin dungu!!!,4,0,1,1,hate_speech,protected_group,religion,explicit
1264,keyword_search,israel,2026-08-15,"Tiba2 hari ini ke spill puluhan list zionist di bali sama lombok beserta bisnis2nya, wait ya guysss masih diluar",LIST BISNIS2 DI ZIONIST BALI/LOMBOK 1. ISRABALI Link IG: [URL] No WA: [PHONE],"Itu warga desa yg niat ngeroyok maling ayam smpe tewas, gaada kepikiran buat nyerbu bisnis milik zi0nist di Bali ya?",Biar apa bang? Biar ditangkep org² nya pas nyerbu? Ini mah udah bukan ranah warga lagi,Ya sama aja kan yang ngeroyokin maling ayam kemarin juga ditangkap. Usir israel di kampung sendiri aja gak bisa. Coba kalau israel itu muslim cepet kali ngusirnya 😜,4,0,1,1,hate_speech,protected_group,religion,explicit
1265,keyword_search,lgbt,2026-08-15,Ada influencer luar yang ngotot kalau orientasi seksual itu lebih penting diajarkan daripada edukasi biologi dasar ke anak kecil.,Trus di kolom komentarnya banyak akun pelangi lokal yang ngebelain mati-matian argumen itu.,Katanya ngajarin konsep gender fluid ke anak TK itu adalah hak asasi manusia dan bagian dari progress peradaban modern.,"Maksa banget nyamain perilaku nyimpang sama hak asasi, nalar mereka emang udah kebolak-balik semua dah.",Lgbt tuh kenapa ya selalu ngeborong semua sifat tolol dan goblok 😭,4,0,1,1,hate_speech,protected_group,sexual_orientation,explicit
1266,keyword_search,homophobia,2026-08-15,Kemaren ada ustadz ngasih kajian soal hukum kodrat laki-laki dan perempuan dalam membangun rumah tangga.,Videonya dipotong trus diviralin sama akun-akun pro pelangi di X buat bahan bahan nyinyir.,"Mereka pada ngamuk di qrt, ngatain ustadznya kolot, mabok agama, dan nyebarin hate speech.","Padahal kajiannya spesifik ngingetin internal jemaah masjid soal aturan agama sendiri, tapi malah dilabelin agama homofobia sama mereka.","Yaelah kaum sodom kerjaannya ngatain islam homophobia..kaum lu aja Islamophobia!! Lagian itu buat umat muslim laki² kenapa lu yang ribet sama ibadah orang!! Kalo kaum laknat lu doyan neraka ngapain ngurusin surga orang!Dosa lu jilat orang bebuat baik lu serang,otak kosong!",4,0,1,1,hate_speech,protected_group,sexual_orientation,explicit
1267,keyword_search,lgbt,2026-08-15,Brand-brand luar sekarang pada gencar banget masang logo pride di semua campaign mereka.,"Pas dikritik dan diboikot sama warga lokal, para pendukungnya malah bilang masyarakat kita intoleran dan ga open minded.","Kemarin malah ada akun centang biru ikutan nyudutin umat muslim, katanya agama kita terlalu maksa kehendak ke ruang publik.","Lah yang maksa kampanye nyimpang di negara mayoritas muslim siapa, kok malah umat beragama yang dibilang maksa.","Maksa gimana si? Ga bisa liat ya bagi yang Muslim, tolol kaum lgbt kontol",4,0,1,1,hate_speech,protected_group,sexual_orientation,explicit
1268,keyword_search,kaum laknat,2026-08-15,Tadi gue baca thread orang curhat ngerasa ga nyaman pas ada cowok dandan cewek masuk ke toilet cowok di sebuah mall.,Padahal yang ngetwit cuma nanya sopan gimana etika dan aturan nyamannya kalau lagi di fasilitas umum.,"Eh langsung digeruduk dong sama sirkel pelangi, dikatain kampungan, transphobia, sampe di-doxing identitas aslinya.","Sumpah isi qrt-nya pada jahat-jahat banget, nyumpahin mati sambil bawa-bawa fisik keluarga si sender padahal dia cuma beropini.",Anjing ya emang kaum laknat ini ketikannya,4,0,1,1,hate_speech,protected_group,sexual_orientation,explicit
1269,keyword_search,kafir,2026-08-15,Berita soal pendeta luar negeri yang ngasih komentar kontroversial soal Islam rame lagi di timeline.,Ya dia emang sering caper bawa-bawa urusan umat kita buat nyari sensasi.,Padahal ga ada urusannya sama sekali sama agama dia.,"Kemaren dia bikin cuitan lagi ngehina ajaran kita, playing victim pula pas diserang balik.",Ada aja mulut si kafir laknat ini😬,4,0,1,1,hate_speech,protected_group,religion,explicit
1270,keyword_search,syiah,2026-08-15,Kemaren MUI ngeluarin peringatan lagi soal aliran-aliran di Indonesia.,Ada kelompok minoritas yang protes minta hak ibadah mereka diakui setara sama kita.,Mereka bawa-bawa dalih hak asasi dan ngerasa paling tertindas di negara ini.,"Padahal ajarannya udah melenceng jauh dari sunnah, tapi ngaku-ngaku bagian dari kita.",syiah memang bukan islam kok,4,0,1,0,hate_speech,protected_group,religion,explicit
1271,keyword_search,lgbt,2026-08-15,Tiap bulan juni sosmed rame banget sama atribut bendera pelangi di mana-mana.,Banyak perusahaan dan brand multinasional yang ikutan ganti logo juga.,Padahal di Indonesia jelas-jelas ditolak secara tegas sama norma agama dan masyarakat.,Mereka makin ngelunjak sekarang berani parade di jalanan nuntut kebebasan berekspresi.,"Nau min dzalik, kalian para kaum LGBT memang parasit muka bumi…",4,0,1,0,hate_speech,protected_group,sexual_orientation,explicit
1272,keyword_search,lgbt,2026-08-15,Kasus pembunuhan mutilasi di apartemen kemaren ngeri banget motifnya.,"Ternyata pelakunya pasangan sesama jenis, dibunuh gara-gara cemburu buta pasangannya selingkuh.","Serem banget ya pergaulan mereka, tingkat kriminalitasnya di luar nalar orang normal.",Kelainan mental kayak gitu emang bahaya banget kalo dibiarin keliaran bebas di masyarakat.,"lindungi anak anak kami dari para keakitan LGBT, yg masa depannya galau dikit nyebarin penyakit, cemburu dikit mutilasi orang, dll",4,0,1,0,hate_speech,protected_group,sexual_orientation,explicit
1273,keyword_search,lgbt,2026-08-15,Kenapa sih orang-orang kita masih aja pada homofobia dan tertutup pikirannya di abad 21 ini.,Kita cuma menolak perilakunya yang merusak tatanan sosial dan moral bangsa.,Apa sih ruginya buat kalian? Ga ada alasan yang logis buat benci mereka selain dogma mabok agama.,"Mereka cuma mau hidup damai tanpa diskriminasi, jangan menebar kebencian yang ga beralasan deh.","ga beralasan gimana? nyebabin dan nyebarin penyakit bahkan menyebabkan kematian, sadis pula. kebencian gw punya dasar dong? lu mau klaim lu LGBT holy? iya holy, tapi holyshit",4,0,1,1,hate_speech,protected_group,sexual_orientation,explicit
1274,keyword_search,lgbt,2026-08-15,Kemaren di base ada curhatan cowok galau parah diputusin sama pacar cowoknya.,Udah gitu dia nanya saran gimana biar cepet move on karena ngaku depresi berat pengen bundir.,Parahnya lagi di kolom reply banyak yang ikutan support dan ngasih semangat.,Harusnya pada sadar diri kalau hidupnya ancur itu karena cobaan nyimpang dari kodrat Tuhan.,saran gw buat kaum lgbt NGAJI SONO,4,0,1,0,hate_speech,protected_group,sexual_orientation,explicit
1275,keyword_search,lgbt,2026-08-15,Walikota daerah X kemarin sok tegas banget ngerazia kos-kosan dan tempat hiburan malam.,Dia sampe bikin statement ngatain kepala daerah sebelah ga becus ngurus moral warganya.,Padahal di daerahnya sendiri banyak tempat maksiat terselubung yang dibiarin beroperasi.,"Iya, kemaren malah ada kontes kecantikan waria terang-terangan di alun-alun dia tapi aman-aman aja ga dibubarin.",Banci teriak Banci.. daerah kau banyak LGBT nya tuh.. tolong di tertibkan ya..,4,0,1,1,hate_speech,protected_group,sexual_orientation,explicit
1276,keyword_search,cina,2026-08-15,Proyek strategis nasional di luar pulau banyak banget yang ngegusur tanah adat.,Warga lokal diusir paksa pake gas air mata biar lahan bisa cepet dikasih ke investor pusat.,Investornya mayoritas konglomerat sama perusahaan asing multinasional dari Tiongkok.,Miris banget liat aparat kepolisian malah jadi tameng buat oligarki untuk nindas rakyatnya sendiri.,"Ini kah yg namanya SDH merdeka bangsa kita, memang iya kita merdeka dari jajaha Belanda, tapi sekara di jajah lagi oleh cina dan berkolaborasi dengan pejabat bejat bangsat pengkianat aparat coklat dan TNI",4,0,1,1,hate_speech,protected_group,race,explicit
1277,keyword_search,cina komunis,2026-08-15,Lagi rame akun-akun buzzer nyerang kebijakan pembangunan infrastruktur pake isu SARA lagi.,Biasalah gorengan tiap deket pemilu pasti bawa-bawa isu jadul anti asing buat nakutin warga.,Ada satu akun anonim yang rajin banget nyebar hoax kalau proyek pemerintah didanai uang terlarang.,Terus sekarang mereka nuduh proyek jalan tol itu dibangun buat jalan masuk invasi buruh kasar Tiongkok.,Termulondo aseng cina komunis pki,4,0,1,1,hate_speech,protected_group,race,explicit
1278,keyword_search,tolol goblok,2026-08-15,Tokoh politik itu kemaren ngeresmikan pabrik raksasa hasil investasi luar negeri di jawa barat.,Tapi pas lagi orasi di depan massa pendukungnya malah teriak-teriak narasi anti asing.,Katanya kita harus berdiri di kaki sendiri dan jangan mau dijajah secara ekonomi sama negara luar.,"Standar ganda banget, pas butuh kucuran dananya disembah-sembah, pas butuh suara rakyat malah dijelek-jelekin.","HABIS DIA NGUNDANG, TRS DIA SENDIRI YG TERIAK HEIII ANTEK ANTEK ASENG 😂 TRS DIA LAGI JA RANGER MERAHNYA DI NEGERI INI, KONYOL TOLOL NAN GOBLOK GAK BEROTAK 😂😂😂😂",4,0,1,1,hate_speech,protected_group,race,explicit
1279,keyword_search,cina komunis,2026-08-15,Denger-denger maskapai penerbangan pelat merah kebanggaan kita lagi krisis keuangan parah mau bangkrut.,Katanya rute-rute gemuk domestik bakal diambil alih sama swasta biar secara bisnis lebih efisien.,Tapi swasta yang diizinin masuk itu grup besar yang selama ini udah monopoli pasar penerbangan murah.,Ngeri juga kalau industri penerbangan strategis kita jatuh semua ke tangan segelintir konglomerat keturunan.,"Pelanggan Garuda Indonesia jangan dibiarkan dihisap sama Lion Air Group milik Rusdi Kirana, ECI, kategori bangsa lain di Indonesia. Karena sewaktu-waktu asetnya bisa dilarikan ke negara asal nenek moyangnya, Cina Komunis Daratan. Begitu tabiat mereka selama ini.",4,0,1,0,hate_speech,protected_group,race,explicit
1280,keyword_search,chindo,2026-08-15,Tadi di mall ada rombongan anak muda tajir berisik banget nongkrong ngopi di cafe.,Udah gitu mereka ninggalin sampah numpuk di meja kaga diberesin sama sekali pas cabut.,"Pas ditegur baik-baik sama waitersnya malah ketawa-ketawa ngerendahin sinis, songong abis gayanya.",Sirkel elit keturunan gitu emang suka ngerasa kastanya jauh lebih tinggi dari pekerja kasar di sini.,Mau ngomong goblok goblok goblok ke chindo chindo goblok itu (marah beneran sorry),4,0,1,1,hate_speech,protected_group,race,explicit
1281,keyword_search,yahudi,2026-08-15,Rame banget netizen lokal ngebelain tindakan militer Israel dengan dalih self-defense dan hak sejarah.,Di kolom komentar X banyak akun bercentang biru lokal yang dukung zionis secara terang-terangan.,Mereka pake argumen kitab suci buat membenarkan pengeboman membabi buta ke rumah sakit gaza.,Aneh banget orang Indonesia kok sekarang banyak yang malah pro sama penjajahan di sana.,Orang kafir yahudi bermunculan,4,0,1,0,hate_speech,protected_group,religion,explicit
1282,keyword_search,yahudi,2026-08-15,Debat soal konflik timur tengah emang ga pernah ada habisnya di timeline sampe saling doxing.,Penulis berhaluan liberal itu kemaren bikin thread panjang nyalahin hamas atas semua korban sipil.,"Dia bilang kalau ga ada serangan awal dari milisi, ga bakal ada serangan balasan ke pemukiman.","Selalu playing victim, nutupin sejarah perampasan tanah dan penjajahan brutal puluhan tahun sebelumnya.",Teruslah kau coba bulak balik logika untuk kepentinganmu wahai antek anjing yahudi,4,0,1,1,hate_speech,protected_group,religion,explicit
1283,keyword_search,zionis,2026-08-15,Beredar video lama menteri kita lagi pidato soal peluang hubungan dagang sama negara luar.,Di video itu dia secara tersirat ngedukung normalisasi diplomatik sama Israel demi kemajuan ekonomi.,Pantesan kemaren kelompok kanan agak ragu-ragu buat ngasih dukungan penuh pas dia nyalon.,"Ternyata emang dari dulu visi misinya pro ke barat, kaga peduli penderitaan rakyat palestina.",[PERSON_P] berarti emang borderline kafir. Goyim penyepong zionis. Alesan oten2 rasis dan tolol suka ama si biji satu ini krn emang gini aslinya si pantek pukimak ini wkwkwk.,4,0,1,1,hate_speech,protected_group,religion,explicit
1284,keyword_search,kafir,2026-08-15,Ngeliat cuitan selebtwit yang menghina rasulullah bener-bener bikin darah mendidih pengen marah.,Dia ngetwit parodi soal ayat suci trus diketawain sama sirkelnya di kolom reply pake meme.,"Pas mulai diserang sama netizen muslim, dia malah nantangin dan bilang kebebasan berpendapat.",Makhluk caper kek gini emang sengaja mancing keributan isu agama buat naikin followers doang.,Anjing lo bangsat taik kafir bodoh ‼️,4,0,1,1,hate_speech,protected_group,religion,explicit
1285,keyword_search,kafir tolol,2026-08-15,Akun anonim buzzer sebelah mulai nyerang umat Islam lagi pake narasi jorok di timeline.,"Iya, mereka nge-share artikel hoax soal terapi kesehatan ekstrim jaman dulu ala timur tengah.",Nulis narasinya seakan-akan itu adalah perintah agama dan sunnah wajib dari nabi kita.,"Fitnah mulu kerjaannya, padahal literasinya jongkok kaga paham mana sejarah arab jahiliyah mana ajaran nabi.",Yang suka minum kencing onta itu kebiasaan orang kafir Qurais bukan ajaran islam kafir tolol,4,0,1,1,hate_speech,protected_group,religion,explicit
1286,keyword_search,kafir tolol,2026-08-15,Kemaren ngikutin space seru banget bahas hubungan sains dan teori penciptaan alam semesta.,Beberapa speaker malah ngerendahin orang beragama karena katanya cuma modal percaya buta tanpa bukti.,Mereka bangga banget ngaku ateis agnostik dan bilang agama itu racun yang menghambat nalar logika.,Padahal argumen mereka sendiri banyak cacat logikanya pas dibantah telak pake filsafat ontologi dasar.,Justru orang orang kafir tolol itu yg tidak memakai nalar.. wkwkwkwk. Udah atheis goblok pula.,4,0,1,1,hate_speech,protected_group,religion,explicit
1287,keyword_search,syiah,2026-08-15,Rame lagi perdebatan panas soal keturunan habaib dan fenomena ziarah kubur di kalangan netizen kita.,Ada beberapa kelompok yang udah di tahap terlalu mengkultuskan makam-makam tokoh agama di Yaman.,Sampe ada ustadz yang nganggap doa dan minta berkah di sana itu jauh lebih makbul daripada di masjid.,Fenomena pengkultusan dan tawassul berlebihan ini makin lama makin rawan merusak akidah murni umat.,"He he... 11-12 dengan Syiah. Jika yg ngaku2 sbg dzurriyat Nabi, menyeru ke keramatnya tanah Tarim. Maka penganut SYIAH sesat, menyeru ke tanah Karbala.",4,0,1,0,hate_speech,protected_group,religion,explicit
1288,keyword_search,lgbt,2026-08-15,Undang-undang legalitas pernikahan sesama jenis udah disahkan di beberapa negara Asia tetangga kita.,Takutnya gelombang aktivismenya makin kenceng nyamber dan dapet pendanaan gede ke Indonesia.,Sekarang aja udah banyak banget komunitas pelangi yang berani kampanye terbuka di acara kampus.,"Pemerintah terkesan abai dan tutup mata, cuma mau nindak tegas kalau kasusnya udah keburu viral di medsos.",Kita manusia berakal yang diciptakan dzat Yang Maha Mencipta dengan fitrahnya. Tapi ada sejumlah manusia mencoba mengajak manusia ke derajat hewani bahkan lebih rendah dari itu. yaitu kaum LGBT. Harusnya para tokoh ulama juga negara segera menghentikan aktifitas penyimpangan ini.,4,0,1,0,hate_speech,protected_group,sexual_orientation,explicit
1289,keyword_search,lgbt,2026-08-15,Tadi lewat timeline tweet base anonim soal obrolan komunitas queer lokal di ibu kota.,"Isinya bener-bener liar ga ada filter, full bahas aktivitas seksual dan fetis menyimpang mereka.",Anehnya mereka ngelakuin itu secara publik tanpa ngerasa risih atau malu sedikitpun diliat orang.,Kalo ditegur sama yang lurus malah kita yang dikatain kurang edukasi sex sama phobia wkwk.,Bahasa kaum LGBT g jauh2 dr selangkangan 🤣,4,0,1,0,hate_speech,protected_group,sexual_orientation,explicit
1290,keyword_search,kafir anjing,2026-08-15,Bentrok berdarah antar kelompok perantau di Yogyakarta kemaren sore bikin jalanan utama lumpuh total.,Parang sama panah rakitan melayang di mana-mana ngerusak kaca ruko dan lapak pedagang kaki lima.,Warga lokal ketakutan ga berani keluar rumah seharian gara-gara mereka pada tawuran brutal di jalanan.,"Pendatang dari wilayah sana itu emang selalu bikin rusuh di tanah jawa, wataknya keras ga ngerti sopan santun.",Timur anjing.timur Bangsat.. kafir Anjing .DNA bangsat. numpang hidup tp nggak pake otak.GUA NGGAK RELA TANAH HINDU JAWA DWIPA DI BERAKIN AMA TAI2 MEREKA,4,0,1,1,hate_speech,protected_group,ethnicity,explicit
1291,keyword_search,kafir,2026-08-15,Diskusi panas soal milih calon pemimpin beda agama menjelang pilkada emang selalu bikin pecah kongsi.,Ada seorang influencer muslim yang terang-terangan deklarasi ngedukung calon non-muslim itu.,Dia bikin argumen kalau track record kerja dan anti korupsi jauh lebih penting daripada sekadar urusan keyakinan pribadi.,Padahal secara syariat udah jelas larangannya buat kita ngangkat pemimpin daerah dari kalangan luar akidah.,Kafir harbi dzalim malah kau dukung,4,0,1,0,hate_speech,protected_group,religion,explicit
1292,keyword_search,banci,2026-08-15,Si selebgram transpuan itu lagi-lagi bikin sensasi berantem di instastory gara-gara ga diundang event.,Dia nyinyirin fisik artis perempuan beneran yang katanya auranya kalah jauh dan ga seksi kayak dia.,Kepedean dan halu banget ngerasa dirinya perempuan tulen paling cantik sejagat raya.,Padahal suara asli lakinya masih kedengeran jelas banget sember pas dia teriak-teriak marah wkwk.,Banci tolol asal bacot,4,0,1,1,hate_speech,protected_group,gender,explicit
1293,keyword_search,lesbian,2026-08-15,Kemaren ada dokter ngetwit edukasi soal tingginya bahaya kesehatan dari perilaku seks sesama jenis.,Secara medis emang risiko penularan infeksi mematikan dan gangguan psikologisnya jauh lebih rentan.,Eh twitnya malah digeruduk massa sjw pelangi dan dituduh menyebarkan stigma negatif buat minoritas.,Mereka maksa banget giring opini kalau itu cuma preferensi cinta yang gak ada hubungannya sama penyakit kelamin.,"Ya terus berlagak macam lesbian ini penyakit, kepala bapak kau",4,0,1,1,hate_speech,protected_group,sexual_orientation,explicit
1294,keyword_search,orang tolol,2026-08-15,Rame banget di TikTok ada cowok rela ngutang pinjol puluhan juta demi beliin ceweknya tiket konser VIP.,"Iya, padahal mereka statusnya baru pacaran sebulan, belum ada ikatan apa-apa.","Yang cewek juga kaga tau diri banget, dibikinin story pamer tiket hasil malak cowoknya.","Sumpah ngeliat kelakuan anak muda jaman sekarang bikin elus dada, nalar sehatnya pada ke mana sih.","orang orang pada tolol ya jaman sekarang, yg cowoknya juga bodoh yg ceweknya pengemis.",4,0,1,1,hate_speech,protected_group,gender,explicit
1295,keyword_search,wanita,2026-08-15,Banyak akun base Twitter yg ngebahas soal standar cewek nuntut cowoknya harus mapan dan bisa bayarin semua.,"Ada tweet cewek bilang ""kalo cowok ngajak jalan tapi split bill, mending gausah pacaran sekalian"".",Emang cowok fungsinya cuma jadi mesin ATM doang apa gimana? Relasi yang sehat kan harusnya saling support.,"Sedih liat mindset beberapa perempuan yg ngerasa dirinya kayak barang dagangan, harus dibeli pake gaya hidup mewah.","wanita Fakir sih, sampai harus ngemis begitu provide bagi dia uang karena , ada kok wanita yang ngga butuh di provide duid bwang",4,0,1,0,hate_speech,protected_group,gender,explicit
1296,keyword_search,cina,2026-08-15,Kemaren ada video viral bapak-bapak ngamuk mukul kang parkir pake tongkat baseball.,Lokasinya di depan ruko daerah utara kan? Masalahnya cuma gara-gara mobilnya lecet dikit kena stang motor.,"Arogan banget mentang-mentang bawa mobil mewah, turun-turun langsung main fisik kaga ada adabnya.","Pas liat videonya bener-bener kesel, mukanya songong banget ngerasa bisa beli hukum di negara ini.",woalah cina anjing lagi,4,0,1,1,hate_speech,protected_group,race,explicit
1297,keyword_search,yaman,2026-08-15,"Yok jadiin yok, gw dukung yang preman lokal, preman yaman harus musnah karena kata somad yaman negara kaya, kalo kaya kenapa malah ke indonesia😂","Jangan Rasis lah, klo penilaian loe ky gitu, Chi na, India lebih kaya , kenapa banyak warganya tinggal di Indonesia. Klo loe udah mulai dari Ras besok loe mulai dari Suku2 di Indonesia.",Karena cina gak bikin ulah! Cina menghargai dimana bumi dipijak disitu langit dijunjung! Kalok yaman? Dimana bumi dipijak disitu dia makin meninjak injak🤣,oww...dasar kuline cino,Dasar kuli yaman miskin🤭,4,0,1,1,hate_speech,protected_group,nationality,explicit
1298,keyword_search,cina tolol,2026-08-15,Ada selebgram ketahuan nipu endorse miliaran rupiah trus kabur liburan ke luar negeri.,Korbannya banyak UMKM lokal yang duitnya ludes tapi barangnya kaga pernah dipromosiin.,Sekarang dia malah asik flexing tas branded di ig story seolah kaga ada masalah.,Ngerasa aman kali soalnya bekingannya kuat dan bapaknya pengusaha gede di kelapa gading.,Emang kaga tau malu aja sih itu cina tolol,4,0,1,1,hate_speech,protected_group,race,explicit
1299,keyword_search,cina,2026-08-15,Ngeliat calon kepala daerah A sibuk blusukan ke kelenteng dan kawasan pecinan minggu ini.,"Emang lagi cari suara gede dari komunitas situ, sampe pake baju koko khas sana.",Padahal pas debat kemaren janjinya mau majuin warga pribumi dan pedagang pasar tradisional.,Lucu aja liat politisi rela jilat ludah sendiri demi dapet suntikan dana kampanye dari cukong.,tolol ih nyari simpatik malah ke cina,4,0,1,1,hate_speech,protected_group,race,explicit
1300,keyword_search,cina,2026-08-15,Ngerjain tugas kelompok bareng mahasiswa titipan yayasan kampus itu bener-bener nyiksa batin.,Kerjaannya cuma numpang nama doang kan pasti? Pas pembagian tugas auto ngilang.,"Boro-boro ngilang, dia malah nyuruh-nyuruh kita kayak babu trus ngancem laporin papanya kalo nilainya jelek.",Paling males berurusan sama anak-anak elit yang ngerasa dirinya ras unggul dan bisa beli segalanya.,"Asu badmood , malas bgt sm org cina 1 ini... babi",4,0,1,1,hate_speech,protected_group,race,explicit
1301,keyword_search,homo,2026-08-15,"Ngadepin argumen SJW di twitter emang kaga ada ujungnya, muter-muter doang bahas hak asasi.","Kemaren ada yang ngebela mati-matian komunitas pelangi, sampe bawa-bawa tokoh politik masa lalu buat tameng.",Katanya penolakan terhadap lgbt itu bentuk kemunduran berfikir dan intoleransi akut yang dibawa agama.,"Gue sempet debat war sama mereka, ujung-ujungnya akun gue malah di-mass report, kaga ada otak emang.",gw mah hrs ngomong kasar sm ahoker dan homo tolol mah tolol aja,4,0,1,1,hate_speech,protected_group,sexual_orientation,explicit
1302,keyword_search,homo,2026-08-15,Seleb tiktok cowok itu kemaren bikin podcast ngewajarin open relationship buat pasangan sejenis.,Di podcastnya dia terang-terangan bangga cerita pengalaman gonta-ganti pasangan tanpa ikatan.,"Trus pas dikritik netizen karena dianggap promosi perilaku menyimpang, dia malah playing victim.",Pake bawa-bawa isu mental health segala biar kelihatannya dia yang didiskriminasi sama masyarakat.,minimal lu kalo udah homo jangan tolol,4,0,1,1,hate_speech,protected_group,sexual_orientation,explicit
1303,keyword_search,muslim,2026-08-15,"Diskusi di space malam ini makin panas, ngebahas soal validitas sejarah penciptaan di kitab suci.",Ada akun ateis yang terus-terusan nyerang dan minta bukti empiris kejadian mukjizat nabi.,"Pas dijelasin pake tafsir dan pendekatan teologis, dia malah ketawa-ketawa ngerendahin.",Dia maksa bilang kalau semua cerita nabi itu cuma fiksi fabel karangan orang arab jaman dulu buat nundukin masyarakat.,"Penghayal dongeng... jgn munafik kau muslim tolol,idiot",4,0,1,1,hate_speech,protected_group,religion,explicit
1304,keyword_search,kafir tolol,2026-08-15,Baca thread tentang sejarah konstitusi dan identitas etnis di negara tetangga bener-bener rumit.,"Di sana secara hukum konstitusi, syarat disebut orang Melayu itu wajib beragama Islam.","Berarti kalau ada keturunan asli Melayu yang milih pindah agama, status etnisnya secara hukum dicabut?","Iya bener, hak-hak istimewa bumiputeranya langsung ilang karena dianggap keluar dari identitas bangsa secara paksa.",lah hukum... kalo melayu kafir gak dianggap melayu WKWKWK TOLOL,4,0,1,1,hate_speech,protected_group,religion,explicit
1305,keyword_search,kafir anjing,2026-08-15,Ada buzzer non-muslim di timeline kerjanya ngutip-ngutip hadis mulu tapi buat bahan ejekan.,"Literasinya dapet dari web abal-abal, dipelintir terjemahannya trus disebar buat nyerang syariat.","Kalo ditegur sama yang paham ilmunya, dia ngeles bilang cuma mau diskusi akademis kritis doang.",Udah jelas niatnya cuma mau nebar provokasi biar umat kepancing emosinya dan makin panas.,Bahas muhammad mulu tpi masih kafir anjing,4,0,1,1,hate_speech,protected_group,religion,explicit
1306,keyword_search,kajir anjing,2026-08-15,"Kemaren ada kasus pengeroyokan di kos-kosan mahasiswa daerah Jogja, korbannya kritis masuk ICU.","Motifnya sepele banget, katanya cuma gara-gara saling tatap di warung kopi trus kaga terima.",Pelakunya gerombolan pendatang dari luar pulau yang emang sering bikin rusuh dan mabuk di kampung situ.,Heran tiap ada keributan gede pake sajam pasti kelakuan gerombolan beringas dari daerah sana.,Timur anjing.timur Bangsat.. kafir Anjing .DNA bangsat...,4,0,1,1,hate_speech,protected_group,ethnicity,explicit
1307,keyword_search,cina bangsat,2026-08-15,Kebijakan pemerintah ngasih Hak Guna Bangunan (HGB) sampe 160 tahun buat investor IKN dikritik habis-habisan.,"Ini mah sama aja kayak ngejual negara secara legal, rakyat lokal gigit jari jadi penonton.",Kemaren malah udah deal-dealan miliaran dolar sama konsorsium asing buat nguasain lahan prime-nya.,"Lucu ya, dulu pahlawan berdarah-darah ngusir penjajah eropa, sekarang aparat malah ngasih karpet merah buat oligarki aseng.",Ini kah yg namanya SDH merdeka... di jajah lagi oleh cina... bangsat,4,0,1,1,hate_speech,protected_group,race,explicit
1308,keyword_search,cina anjing,2026-08-15,Liat dinamika sosial politik di negara tetangga emang keras banget sentimen rasialnya.,Komunitas keturunan India di sana sering banget demo nuntut hak kesetaraan kerja di sektor swasta.,"Masalahnya banyak perusahaan besar yang pasang syarat ""Mandarin speaker only"" buat nyingkirin pelamar etnis lain.","Secara ekonomi emang kelompok mereka paling termarjinalkan, selalu ditekan sama dominasi ras mayoritas situ secara struktural.",Keling mmg suka diperlakukan mcm anjing oleh cina...,4,0,1,1,hate_speech,protected_group,race,explicit
1309,keyword_search,kafir,2026-08-15,Pilkada taun ini narasi pecah belah umat pake isu agama dari kubu sebelah makin kenceng aja beredarnya.,Ada penyusup yang sengaja bikin akun anonim buat nyerang calon muslim yang dikenal religius.,Mereka nyebarin hoax katanya calon kita bakal ganti dasar negara dan nindas minoritas.,Kelompok munafik pembenci agama emang selalu panik kalo umat Islam bersatu dan punya pemimpin yang lurus.,moga segala laknat kaum pemecah belah... Kafir harbi...,4,0,1,0,hate_speech,protected_group,religion,explicit
1310,keyword_search,jawa,2026-08-15,Pemilu kemaren di daerah gue banyak banget serangan fajar.,Warga kita mah emang gampang disogok pake sembako 100 ribu doang.,"Ujung-ujungnya pas udah pada duduk di kursi DPRD, jalanan rusak dibiarin bertahun-tahun.","Heran gue, kenapa masyarakat kita kaga pernah belajar dari kesalahan masa lalu ya, pasrah aja dibegoin janji manis mulu.",Bullshit lah! dan ini salah satu kegoblokan orang Jawa! Klo udah berhasil menguasai DRPD nya pecat mereka semua goblok bukan masih berharap mereka bakal nolong kalian?! yang namanya politikus di [USER_A] [USER_B] itu licik dan bajingan semua 🔥,4,0,1,1,hate_speech,protected_group,ethnicity,explicit
1311,keyword_search,jawa,2026-08-15,Sumpah capek banget punya circle yang kalau ada masalah kaga pernah mau ngomong langsung.,"Kemaren temen kosan gue tiba-tiba pindah trus ngeblokir WA gue tanpa alasan, padahal gue gatau salah gue apa.","Kalo ditanya pas lagi ngumpul selalu bilangnya ""gapapa"" sambil senyum, tau-taunya di belakang ngomongin.","Culture ewuh pakewuh kadang malah jadi toxic sih asli, bikin komunikasi jadi kaga jalan sama sekali.",Intinya temen dan ex gunil kek anjing... orang jawa mentok kah kaga enakan ???? Tp ssg itu kek tai bgt buset,4,0,1,1,hate_speech,protected_group,ethnicity,explicit
1312,keyword_search,jawa,2026-08-15,"Baca-baca sejarah konstitusi negara tetangga, emang sentimen identitasnya kuat banget ya.","Di sana pribuminya dapet hak keistimewaan dari lahir buat sekolah, kerja, sama beli rumah.","Tapi definisinya kaku banget, syarat disebut Melayu itu salah satunya wajib beragama Islam.",Kalau ada orang Melayu asli yang memutuskan buat ganti agama gimana nasib identitas hukumnya tuh?,"lah hukum dan konstitusi kalian kan begitu, suku jawa, bugis, banjar dll kalo agamanya islam dianggap melayu. tapi kalo melayu kafir gak dianggap melayu WKWKWK TOLOL",4,0,1,1,hate_speech,protected_group,religion,explicit
1313,keyword_search,kristen,2026-08-15,Ngikutin kasus penembakan di bar semalem ngeri banget.,Pelakunya katanya mabuk trus cekcok sama pengunjung lain masalah parkiran.,Iya dia ngeluarin senjata api ilegal dari bagasi mobil trus nembak ke udara.,Ternyata dia anggota geng dari daerah sebelah yang emang terkenal sering bawa sajam.,Kristen maennya beceng goblok!!!!,4,0,1,1,hate_speech,protected_group,religion,explicit
1314,keyword_search,yahudi,2026-08-15,Udah nabung bertahun-tahun malah kena tipu developer perumahan bodong.,Kantor pemasarannya tiba-tiba tutup dan direkturnya kabur bawa kabur duit miliaran rupiah jamaah.,Padahal di brosurnya jual nama agama dan bilang cicilannya bebas riba biar pada percaya.,Licik banget pake kedok agama buat ngerampok darah daging orang miskin yang pengen punya rumah.,perangai serupa yahudi….bangsat tak berkesudahan,4,0,1,1,hate_speech,protected_group,religion,explicit
1315,keyword_search,yahudi,2026-08-15,"Algoritma youtube sekarang makin aneh, sering banget munculin rekomendasi video yang ga nyambung sama history.","Bener, gue kemaren iseng nonton satu video konspirasi, eh beranda gue isinya konten propaganda semua.",Kemaren malah ada iklan kampanye dari kedutaan negara konflik yang maksa banget ga bisa di-skip.,"Gue langsung report iklannya, muak banget liat pembenaran mereka soal pembantaian warga sipil.","Sumpah sampe 3 hari di timeline yt , ""kagak yahudi bangsat ,kagak mau gw nonton video itu""",4,0,1,1,hate_speech,protected_group,religion,explicit
1316,keyword_search,menyimpang,2026-08-15,Viral banget thread X soal cewek yang curhat hancur mentalnya karena suaminya ketauan main aplikasi dating khusus cowok.,"Parahnya, keluarga suaminya malah nyalahin si istri karena dianggap ga bisa ngelayanin suami dengan baik.",Suaminya juga playing victim bilang kalau dia ngerasa tertekan dan ga bisa jadi dirinya sendiri selama nikah.,"Gila ya, udah tau dari awal punya kelainan kok malah egois nikahin anak orang buat dijadiin kedok.","seenak jidat lu aja ngmg masalahnya di gua... dia yg berubah bentuk, dia yg punya orientasi menyimpang, kok jadi gua yg bermasalah",4,0,1,0,hate_speech,protected_group,sexual_orientation,explicit
1317,keyword_search,menyimpang,2026-08-15,"Berita kriminal pagi ini ngeri banget, ada penemuan mayat di koper di sebuah kos-kosan elit.","Pelakunya udah ketangkep, ternyata pasangan sejenis korbannya, motifnya gara-gara cemburu buta pasangannya selingkuh.",Polisi juga nemuin banyak obat-obatan terlarang di TKP. Emang sirkel mereka tuh rentan banget sama hal-hal kayak gitu.,"Kemaren pas mereka nuntut legalitas HAM bilangnya bakal jadi kelompok yang damai, buktinya kasus kekerasan mereka ngeri-ngeri.","Orientasi menyimpang ya menyimpang, tambah kriminal jadi double ngaconye wkwkwkwkwk",4,0,1,1,hate_speech,protected_group,sexual_orientation,explicit
1318,keyword_search,menyimpang,2026-08-15,Di negara barat udah mulai banyak perdebatan soal izin perubahan jenis kelamin di KTP tanpa perlu operasi medis.,"Jadi cuma modal ngaku mengidentifikasi diri sebagai gender tertentu, negara langsung ngubah data resminya gitu aja.","Parah sih kalau sampe diterapkan di sini, bisa rusak sistem administrasi dan data kependudukan nasional kita.",Nanti ada cowok biologis yang seenaknya masuk fasilitas khusus perempuan dengan dalih KTP-nya udah ganti status.,identitas tuh KTP atau alat bukti bukan orientasi menyimpang,4,0,1,0,hate_speech,protected_group,sexual_orientation,explicit
1319,keyword_search,lgbt,2026-08-15,Kelompok aktivis itu kemaren demo lagi minta pasal yang mengkriminalisasi kampanye lgbt dihapus dari RUU.,Alasan mereka pasal itu karet dan bakal disalahgunakan buat menindas kebebasan berekspresi minoritas.,"Tapi kalau dikasih panggung, malah makin bebas mereka promosiin penyimpangan ke anak-anak di bawah umur lewat sosmed.","Coba liat statistik di luar negeri, seiring dinormalisasinya hal itu, kasus pelecehan seksual terhadap anak malah ikutan naik.","disini kriminal juga pdf juga orientasi menyimpang juga mslahnya, semua ada.. ini mau lu bantah??",4,0,1,0,hate_speech,protected_group,sexual_orientation,explicit
1320,keyword_search,aliran sesat,2026-08-15,Rame nih X pagi ini ada pendeta muda yang khotbahnya kontroversial banget jadi perdebatan publik.,"Awalnya dia bahas soal sejarah alkitab, tapi makin ke sini penafsirannya makin melenceng dari ajaran gereja arus utama.",Dia terang-terangan nyerang dogma trinitas trus bilang itu cuma konsep bikinan konsili roma jaman dulu.,Banyak umat kristiani sendiri yang resah dan minta dia ditegur sama sinode gereja biar ga makin bikin gaduh.,Gw cek akunnya agak sus... salah satu postnya bilang Yesus bukan Tuhan... aliran sesat yg lagi cari pamor,4,0,1,0,hate_speech,protected_group,religion,explicit
1321,keyword_search,jawa,2026-08-15,Pemilu kemaren di daerah gue banyak banget kecurangan dan serangan fajar.,Aparat diem aja ga ada yang berani ngusut tuntas kasusnya secara transparan.,"Ya iyalah, petinggi-petingginya kan emang udah dipegang sama satu kelompok.",Semua posisi strategis sekarang isinya orang dari suku itu-itu aja yang saling narik saudara.,"Etnis jawa bermental jongos emang parasit negara, ras kuli tolol ini pantesnya jadi babu aja selamanya!",4,0,1,1,hate_speech,protected_group,ethnicity,explicit
1322,keyword_search,jawa,2026-08-15,Liat video ibu-ibu anggota dewan ngamuk ke petugas bandara ga kemaren?,"Iya, dia bawa-bawa asal daerah dan ngatain petugasnya pake bahasa kasar di depan umum.","Harusnya bisa dilaporin tuh, kelakuannya arogan banget rasis terang-terangan ngerendahin profesi.","Bukannya minta maaf pas viral, dia malah nantangin netizen di sosmed wkwk kaga ada malunya.","Jijik liat orang Jawa, suku miskin kuli babi pantesnya jadi jongos terus, goblok banget bikin kumuh ibukota.",4,0,1,1,hate_speech,protected_group,ethnicity,explicit
1323,keyword_search,yahudi zionis,2026-08-15,Debat soal konflik timur tengah di timeline makin panas aja sampe saling doxing data pribadi.,Banyak yang mulai sadar sejarah panjang perampasan wilayah dan penjajahan di sana.,Tapi anehnya masih aja ada buzzer lokal yang ngebela mati-matian pihak militer penjajah.,Mereka pake narasi anti-terorisme buat nutupin kejahatan kemanusiaan ke warga sipil.,"Yahudi pesek hidung bengkok emang zionis babi, ras licik laknatullah pantes diusir semua bangsat!",4,0,1,1,hate_speech,protected_group,religion,explicit
1324,keyword_search,penyembah patung,2026-08-15,Izin pembangunan tempat ibadah di perumahan ujung itu akhirnya ditolak paksa sama warga.,Kasian banget padahal kepanitiaan mereka udah ngurus surat-suratnya dari tahun lalu pake dana umat.,Warga ngerasa lingkungan situ udah padat jadi ga pantes ada gereja baru yang berdiri.,Mediasi dari kelurahan juga kaga nemu titik temu karena warga tetep nolak keras dan pasang spanduk.,"Orang kristen penyembah patung salib emang kafir anjing, domba sesat bangsat bikin kotor negara aja!",4,0,1,1,hate_speech,protected_group,religion,explicit
1325,keyword_search,orang papua,2026-08-15,Konten kreator itu lagi dihujat habis-habisan karena ngomentarin standar kecantikan orang timur.,Dia bilang orang kulit gelap itu ga pantes pake baju warna-warna cerah atau neon.,Lah dia sendiri kulitnya sawo matang khas lokal sok-sokan ngerasa ras eropa paling superior.,Parahnya dia bawa-bawa fisik dan rambut orang Papua buat dijadiin bahan bercandaan di podcastnya.,"Orang item Papua emang sdm jongkok tolol bet jing, ras primitif kek gitu pantesnya balik ke hutan 😂😂😂",4,0,1,1,hate_speech,protected_group,ethnicity,explicit
1326,keyword_search,orang negro,2026-08-15,Rame bahas selebgram yang ketahuan pake filter pemutih muka ekstrem di setiap video tiktoknya.,"Pas ikutan acara off-air dan di-videoin pake kamera wartawan, tone kulit aslinya jauh lebih gelap.",Netizen langsung pada body shaming berjamaah dan ngatain dia dekil kucel di kolom komentar.,"Dia malah kicep matiin komentar, ga berani bales hujatan dari hatersnya sama sekali.","orang negro afrika item dekil kek gitu najis anjing, ras budak tolol pantesan dihina diem doang!",4,0,1,1,hate_speech,protected_group,race,explicit
1327,keyword_search,ras hitam,2026-08-15,Bursa transfer liga inggris musim ini banyak banget kejutan dan drama agen pemain.,Klub London itu malah beli banyak banget pemain muda dari liga prancis yang harganya gila-gilaan.,Tapi giliran dimainin performa mereka di lapangan bener-bener ampas di bawah ekspektasi fans.,Banyak suporter lokal yang mulai ngeluh soal kebijakan rekrutmen klub yang aneh dan buang-buang duit.,"Pemain kulit hitam emang kuli afrika njir, ras sampah bangsat gatau main bola mending dibuang lah ngentot!",4,0,1,1,hate_speech,protected_group,race,explicit
1328,keyword_search,orang buta,2026-08-15,Ngeliat fasilitas pejalan kaki di trotoar ibu kota sekarang pada hancur berantakan semua.,Guiding block ubin kuning buat tunanetra malah sering dipake buat tempat parkir motor liar driver ojol.,Akhirnya pejalan kaki yang butuh akses malah harus ngalah dan nekat turun ke jalan aspal yang bahaya.,Kemaren malah ada bapak-bapak pake tongkat putih nabrak plang tiang listrik karena jalurnya ketutup motor.,He orang buta cacat bangsat mending lu diem di rumah aja anjing nyusahin jalan raya tolol!,4,0,1,1,hate_speech,protected_group,disability,explicit
1329,keyword_search,cina anjing,2026-08-15,Kemaren ada festival kuliner jajanan tradisional di alun-alun kota.,Rame banget yang antre beli kue bantal sama odading di stand depan.,"Padahal itu kan resepnya udah dari jaman belanda, asli nusantara.",Banyak yg klaim kalau itu hasil adaptasi dari makanan luar.,"Odading tuh asalnya dari Cina anjing. Ras babi aseng lintah darat bisanya nyuri budaya pribumi, usir aja asu!",4,0,1,1,hate_speech,protected_group,race,explicit
1330,keyword_search,cina komunis,2026-08-15,Liat data statistik kebebasan berpendapat di Asia ngeri juga ya.,"Iya, grafik perbandingan sumbu-X sama sumbu-Y nya keliatan jelas banget mana negara otoriter.",Kita udah mulai masuk ke zona merah yang rawan pembungkaman aktivis tuh.,Makanya jangan mau kalo sistem kita dibikin kayak negara komunis yang anti kritik.,"Negara politically numb kaya Cina komunis babi emang pantes dibakar aja. Ras sipit lintah darat bangsat kaga ada otak, pantesnya dibantai semua asu!",4,0,1,1,hate_speech,protected_group,nationality,explicit
1331,keyword_search,chindo,2026-08-15,Susah ya nyari identitas yang pas di pergaulan jaman sekarang.,Kemaren di base rame pada ngebanggain privilege suku dan ras masing-masing.,"Ada yang bilang chindo paling kaya, ada yang bilang jawa paling berkuasa di pemerintahan.",Malah jadi pada rasis bawa-bawa etnis buat ngejatuhin satu sama lain.,Jawa mental kuli babu sama chindo lintah darat anjing dua-duanya ras sampah. Mending basmi aja etnis-etnis parasit babi ini dari indo bangsat!,4,0,1,1,hate_speech,protected_group,ethnicity,explicit
1332,keyword_search,penyembah berhala,2026-08-15,Kadang liat interaksi orang beda agama di tiktok tuh lucu-lucu banget.,Iya banyak yang saling penasaran nanya soal mitos ibadah masing-masing.,Sampe ada kemaren yang nanya polos banget masalah biologis dikaitin sama agama.,Kocak banget dah masa urusan biologis wanita disangka beda tiap agama wkwk.,"Cewe kristen penyembah berhala salib emang kafir anjing tolol. Agama domba sesat otak udang, pantesnya diusir aja babi-babi ini dari sini!",4,0,1,1,hate_speech,protected_group,religion,explicit
1333,keyword_search,negara tolol,2026-09-22,Jika gugatan bg [PERSON_D] cs dikabulkan MK insyaAllah kita punya wapres baru...,Haha...itu justru keringanan pihak pak [PERSON_J]. Karena jika [PERSON_G] lepas maka dia akan terlepas pula dari stigma pemerintahan yang gagal. Membangun citra terzalimi karena rakyat selalu memihak pihak yang terzalimi & Tentu kubu solo justru semakin bebas bermanuver politik,"Justru kalo gugatan dikabulkan, malunya seumur hidup keseluruhan rakyat indo. Bukan lepas tp malu sampe keinti bumi",Mana ada malu wkwk lagian orang Indonesia cepet lupa sama kasus2 besar. [PERSON_G] nyuap mahasiswa aja gak tau gimana sekarang kan beritanya,"Malah disanjung waktu jebak mahasiswa ui diajak ke NTT kemaren🤣🤣🤣🤣 emang tolol serakyat rakyatnya negara ini,",4,0,1,1,hate_speech,protected_group,nationality,explicit
1334,keyword_search,cina komunis,2026-08-15,Tadi malem nonton streaming piala asia link dari tele patah-patah mulu jaringannya.,"Mending patah-patah, gue dapet link lancar tapi komentatornya bukan bahasa inggris.","Kaga ngerti dia ngomong apaan, nada bicaranya naik turun bikin sakit kuping.","Mana tayangannya banyak iklan huruf kanji nutupin layar lagi, ganggu banget.","apasih anjing pusing bgt denger bahasa cina babi, ras komunis penjajah ini emang najis. musnahin aja aseng-aseng sipit bangsat ini dari muka bumi!",4,0,1,1,hate_speech,protected_group,race,explicit
1335,keyword_search,sodom homo,2026-08-15,Rame lagi akun aktivis pelangi yang nyinyirin aturan berpakaian di ruang publik.,"Mereka playing victim terus, ngerasa kebebasan berekspresinya diusik sama hukum syariat.","Tiap ada himbauan moral dari tokoh agama, selalu digoreng sama mereka dituduh intoleran.","Udah fitrahnya menyimpang, malah maksa orang normal buat maklumin kelakuan mereka.","Kaum sodom homo anjing penyakitan emang pantes dibakar idup-idup. Lgbt babi kafir najis, musnahin aja mahluk cacat laknatullah ini dari dunia!",4,0,1,1,hate_speech,protected_group,sexual_orientation,explicit
1336,keyword_search,boti anjing,2026-08-15,Thread soal penyimpangan seksual di aplikasi kencan kuning makin ngeri bacanya.,Mereka terang-terangan banget nyari partner sesama jenis tanpa ada filter sama sekali.,Ada kasus pelecehan sesama jenis juga yang korbannya anak di bawah umur kemaren.,Kelakuan komunitas mereka makin lama makin meresahkan masyarakat normal.,"Boti homo anjing emang hama masyarakat penyakitan, kaum sodom najis ini kerjanya nularin HIV doang. Basmi aja gerombolan lgbt laknat bangsat ini!",4,0,1,1,hate_speech,protected_group,sexual_orientation,explicit
1337,keyword_search,kafir,2026-08-15,Wah pemda akhirnya ngeluarin izin IMB buat tempat ibadah di kawasan stasiun pusat.,"Alhamdulillah, emang udah butuh banget tempat sholat yang lebih gede dan nyaman di sana.",Tapi kayaknya di grup FB kelurahan masih ada aja oknum warga yang nolak pembangunannya.,lg rame bahas rencana renovasi masjid deket stasiun,"knp sih tiap ada masjid mau dibangun org kafir pada ribut protes mulu, dasar emg dr lahir udh benci sama islam, harusnya diusir aja yg gamau hidup berdampingan",4,0,1,0,hate_speech,protected_group,religion,explicit
1338,keyword_search,cewek,2026-09-24,"ini yg ditikam saat solat dhuhur itu bukan ya..gila bener ini perempuan, datang ke kantor lakinya cuma buat bunuh laki sendiri","What?? Katanya sambil gendong bayi, entah siapa yg gendong bayi, si pelaku atau korban?",bayi nya juga terluka karena ga sengaja kana pisau itu. gila bener,"Parah itu cewek, dididik seperti apa ya, di keluarganya? Ngeri.",Ga dididik gimana2. Emang cewe2 problematik kan banyak.,4,0,1,0,hate_speech,protected_group,gender,explicit
1339,keyword_search,cewe,2026-08-15,HRD kemaren ngasih info bakal ada perombakan struktur manajemen divisi marketing kita.,"Wah, siapa nih yang kira-kira bakal gantiin Pak Budi jadi manajer baru bulan depan?",Gosipnya sih si Mba Rina yang udah 5 tahun ngabdi di situ bakal dipromosiin naik.,ada pengumuman promosi jabatan minggu ini di kantor,"anjir knp yg naik jabatan malah cewe sih, emg dasarnya cewe tuh ga cocok mimpin org byk, kerjanya baper mulu drpd mikir logis",4,0,1,1,hate_speech,protected_group,gender,explicit
1340,keyword_search,org cacat,2026-08-15,Event lari maraton kemerdekaan 10K minggu besok fix diadain di alun-alun kota raya.,"Seru tuh, banyak hadiah doorprize-nya ga? Pengen ikutan buat ngetes fisik lari jarak jauh.","Hadiahnya lumayan gede, pesertanya juga terbuka buat umum kaga dibatasin kalangan mana aja.","td ada lomba maraton kota, pesertanya macem2 dr komunitas","org2 cacat kaya gitu ngapain jg maksa ikutan lomba lari, cuma bikin org laen ill feel liatnya doang, mending diem aja di rumah",4,0,1,0,hate_speech,protected_group,disability,explicit
1341,keyword_search,homo,2026-08-15,Sekarang negara-negara Eropa makin gampang ngeluarin visa buat peresmian pasangan sejenis.,Bahkan ada yang nyediain paket nikah khusus buat turis asing yang mau meresmikan hubungannya di sana.,Iya nih di timeline tiba-tiba fyp warga lokal kita pamer foto nikahan di luar negeri.,viral pasangan sesama jenis nikah siri di luar negeri,"homo2 kaya gini emg penyakit masyarakat parah, harusnya dikucilkan bkn malah dirayain, dasar bejat semua yg dukung 🤮",4,0,1,1,hate_speech,protected_group,sexual_orientation,explicit
1342,keyword_search,papua,2026-08-15,Kenapa sih tiap ada pembebasan lahan buat proyek nasional pasti ujung-ujungnya kisruh.,"Pendekatan aparat kadang terlalu represif, warga kaget tiba-tiba disuruh pindah ganti rugi dikit.",Ujung-ujungnya saling serang pake panah sama gas air mata kaga kelar-kelar masalah di lapangan.,berita bentrok warga sm aparat di daerah timur indonesia lg,"org papua tuh emg otaknya primitif dr sononya susah diajak damai, ga usah heran negara laen underestimate kita trs",4,0,1,0,hate_speech,protected_group,ethnicity,explicit
1343,keyword_search,tki,2026-08-15,"Devisa negara dari pekerja migran kita tuh gede banget lho, mereka pahlawan devisa beneran.",Tapi sayang perlindungan hukum dari agen penyalur lokalnya kadang masih lemah banget.,Sering banget ada kasus penahanan paspor atau penempatan kerja kaga sesuai kontrak awal.,ada berita TKW yg kena masalah lg di negara tujuan kerja,"dasar org kampung mental TKI emg gabisa dipake diluar negeri, maunya duit gede doang tp gapunya skill sama sekali, pantes dibego2in majikan",4,0,1,1,hate_speech,protected_group,nationality,explicit
1344,keyword_search,india,2026-08-15,Pasar grosir tekstil di ibukota sekarang persaingannya makin gila-gilaan harganya.,"Bener, banyak toko baru buka banting harga parah buat ngerusak harga pasaran biar cepet laku.",Supplier kainnya katanya ngambil barang langsung impor dari pabrik luar negeri makanya murah.,pedagang di pasar bilang byk saingan baru dr etnis india,"india2 tuh emg dasarnya licik dagangnya, jgn percaya sm org kaya gitu, ujung2nya nipu smua konsumen yg polos",4,0,1,0,hate_speech,protected_group,race,explicit
1345,keyword_search,org tuli,2026-08-15,Bagus banget nih ada yayasan buka kelas bahasa isyarat gratis tiap sabtu minggu di balai kota.,Biar masyarakat umum bisa lebih gampang berinteraksi sama temen-temen difabel di ruang publik.,Ruang inklusi kaya gini emang harus diperbanyak di semua jenjang pendidikan dasar.,ada acara sekolah khusus utk anak berkebutuhan pendengaran,"org tuli tuh emg gabisa diajak kerjasama beneran, komunikasinya ribet, ngerepotin org laen tiap hari drpd bantu sesuatu",4,0,1,0,hate_speech,protected_group,disability,explicit
1346,keyword_search,laki bejat,2026-08-15,Kenapa makin ke sini makin banyak aja kasus kekerasan dalam rumah tangga yang viral di sosmed ya.,Faktor tekanan ekonomi sama stres pasca pandemi kemaren kayaknya masih nyisa dampaknya.,"Padahal dulu pas pacarannya romantis banget pamer di IG, giliran nikah malah berani main tangan.",kasus KDRT lg viral di socmed minggu ini korban perempuan,"laki2 emg semuanya bejat dr sononya, mental kolot jaman purba, pantesan penjara penuh gara2 kelakuan kek gini trs menerus",4,0,1,1,hate_speech,protected_group,gender,explicit
1347,keyword_search,lesbian,2026-08-15,Kaget banget aktris cilik favorit gue jaman dulu sekarang penampilannya berubah drastis wkwk.,Rambutnya dipotong bondol cepak trus pake baju maskulin cowok kemana-mana.,Dia kemaren baru rilis podcast klarifikasi panjang lebar soal orientasi seksualnya ke publik.,artis yg baru comeout sbg lesbian lg jd sorotan media,"lesbian2 emg dasar kelainan jiwa parah, harusnya diterapi bukan malah dielu2in, dasar goblok yg masih dukung org kaya gitu",4,0,1,1,hate_speech,protected_group,sexual_orientation,explicit
1348,keyword_search,arab,2026-08-15,Gila investasi bodong berkedok koperasi arisan lagi marak banget nipu di grup wa ibu-ibu komplek.,"Modusnya nawarin bunga gede bulanan, awalnya lancar tapi bulan ketiga adminnya langsung kabur.","Korban kerugiannya nyampe puluhan miliar, dan owner utamanya ternyata masih muda banget umurnya.",ada kasus penipuan arisan yg pelakunya keturunan arab,"arab2 emg dasarnya mental dagang licik dr lahir, jgn gampang percaya, ujung2nya nipu org yg polos doang trs kabur",4,0,1,0,hate_speech,protected_group,race,explicit
1349,keyword_search,down syndrome,2026-08-15,Liat konten-konten positif dan inspiratif di sosmed kadang ngebantu banget balikin mood kerja gue.,Iya kemaren lewat di fyp video anak-anak SLB lagi diajarin bikin gelang rajut sama gurunya.,Hasil kerajinan tangannya dijual di e-commerce dan langsung ludes diborong sama netizen baik.,konten tiktok anak down syndrome jualan kerajinan tangan,"org2 begini tuh emg cuma pantes jd bahan kasian2an doang, ga bakal bisa produktif beneran seumur hidupnya",4,0,1,0,hate_speech,protected_group,disability,explicit
1350,keyword_search,china,2026-08-15,Area kawasan industri garmen katanya lagi ngebuka pabrik baru dan butuh banyak pekerja perakitan.,Harusnya ini jadi kesempatan emas buat nurunin angka pengangguran pemuda lokal daerah situ.,Tapi denger-denger mereka nerapin syarat kualifikasi yang aneh biar warga lokal kaga banyak yang masuk.,pabrik garmen bukan lowongan baru khusus buruh migran china,"org2 china yg dtg kesini emg cuma nyari untung doang, ngerebut kerjaan pribumi, dasar serakah harusnya dibatesin visa nya",4,0,1,0,hate_speech,protected_group,nationality,explicit
1351,keyword_search,banci,2026-08-15,Komunitas pinggiran kota sering ngadain acara solidaritas pas akhir bulan buat bantu sesama.,"Keren tuh, mereka patungan ngumpulin dana mandiri buat beliin paket sembako dan makanan matang.","Siapa aja warga yang butuh pasti dikasih, ga mandang latar belakang kelompok mana atau kerjanya apa.",ada acara komunitas transpuan bagi sembako di kampung,"banci2 kaya gini emg harusnya ga usah dikasih ruang publik, ganggu pemandangan org normal aja, dasar sampah masyarakat",4,0,1,1,hate_speech,protected_group,gender,explicit
1352,keyword_search,women,2026-09-22,temen gw yg jual tahu kocek tiap gw beli tahu koceknya selalu ditanya 'kok kamu ga nikah2 sih?' 'ndang nikah wes tuek' cuma gw jawab 'aku gabisa masak mba bingung nanti jualan apa kalo suami ndak nyukupi' hehee,"Sbg istri yg tdk kekurangan apapun, aku selalu bilang ke temenku utk gak buru-buru nikah. Nikmatin hidup, jalan dan jajan, cari suami yg tepat biar pernikahannya bahagia. Yg nyuruh cpt nikah biasanya malah yg pernikahannya gak bahagia. Krn mereka gak mau ngerasa hancur sendirian",Jahat bgt emg ya perempuan klo ga bahagia suka ngajak2 yaAllah,Karena egonya merasa diejek-ejek syg. Dia lihat orang lain kok hidupnya bahagia masih bisa kesana kesini tp dia malah hidup susah. Yaudah diajak aja deh sekalian wkwkw,Crab mentality women agak parah ya wkwkk,4,0,1,0,hate_speech,protected_group,gender,explicit
1353,keyword_search,boti-boti najis,2026-08-15,Bulan depan bakal ada konser musisi luar yang terkenal dukung kampanye inklusivitas.,Fansnya pada heboh mau dateng pake dresscode warna-warni cerah.,Udah ada ormas yang ngancem bakal sweeping konser itu dari jauh hari.,Kenapa sih orang-orang gabisa biarin orang lain seneng-seneng aja?,"Jijik bgt liat kaum pelangi pamer aib, boti-boti laknatullah ini pantesnya dirajam sampe mati aja najis! 🤮",4,0,1,1,hate_speech,protected_group,sexual_orientation,explicit
1354,keyword_search,autis,2026-08-15,Sekarang banyak sekolah yang mulai nerapin sistem inklusi buat anak-anak berkebutuhan khusus.,Guru-gurunya juga dikasih pelatihan buat nanganin spektrum autis.,"Emang bagus sih, biar mereka terbiasa sosialisasi sama anak normal.",Tapi kadang bikin proses belajarnya jadi lambat ga sih?,"Kelompok penyandang autis itu seharusnya dipisahkan secara paksa dari masyarakat, mereka hanyalah produk cacat yang membebani kemajuan negara kita.",4,0,1,0,hate_speech,protected_group,disability,explicit
1355,keyword_search,betina,2026-08-15,Isu kesetaraan gaji di tempat kerja makin sering disuarakan sama aktivis perempuan.,Mereka ngerasa sering dianaktirikan kalau urusan promosi jabatan manajerial.,Padahal beban kerjanya sama aja kayak karyawan cowok.,"Bener, gap gaji antar gender ini harus segera diatasi sama HRD.","Kodrat betina itu cuma ngangkang di kasur, gausah sok nuntut kesetaraan gaji segala dasar lonte murahan anjing!",4,0,1,1,hate_speech,protected_group,gender,explicit
1356,keyword_search,penyembah patung,2026-08-15,Daerah deket rumah gue lagi ada proyek perbaikan fasilitas ibadah yang sempet ambruk.,Panitianya rutin keliling kampung minta sumbangan donasi sukarela.,Tapi banyak warga yang nolak karena beda keyakinan sama mereka.,Terus sekarang malah rame di grup RT pada saling debat panas.,"Gerombolan domba sesat penyembah patung ini memang kotor, hancurin aja gerejanya biar mampus semua kafir asu!",4,0,1,1,hate_speech,protected_group,religion,explicit
1357,keyword_search,vrindavan,2026-08-15,Ngeliat fyp isinya konten street food dari luar negeri terus nih akhir-akhir ini.,Reviewernya sampe mual pas nyobain makanan yang diaduk pake tangan kosong.,Apalagi kondisi pasarnya deket banget sama aliran selokan hitam kotor.,Kalo gue sih mending puasa daripada makan makanan ga higienis gitu sumpah.,"Ras vrindavan keling emang jorok dan bau tai, manusia-manusia prindapan ini pantesnya hidup di selokan aja bangsat!",4,0,1,1,hate_speech,protected_group,race,explicit
1358,keyword_search,jawa,2026-08-15,Tiap abis lebaran pasti ibukota makin padat pendatang dari luar daerah.,Bawa sanak saudara dari kampung buat ngadu nasib ke kota besar.,Padahal ga punya skill spesifik dan cuma modal nekat doang.,Ujung-ujungnya nambahin angka pengangguran dan bikin pemukiman liar.,"Mental jongos kuli jawa memang seperti itu, etnis pemalas ini hanya pantas menjadi babu dan selalu membuat kumuh ibu kota.",4,0,1,0,hate_speech,protected_group,ethnicity,explicit
1359,keyword_search,agama teroris,2026-08-15,Kemaren ada laporan intelijen soal jaringan kelompok ekstremis yang mulai gerak lagi.,Mereka nyasar anak muda buat dicuci otaknya lewat kajian tertutup.,Kok bisa ya orang percaya aja disuruh ngelakuin aksi teror bawa-bawa agama.,Makanya literasi beragama itu penting banget biar ga gampang dibodohin.,"Agama teroris onta gurun emang isinya cuma bom doang, basmi aja kaum kadrun radikal ini dari indo asu!",4,0,1,1,hate_speech,protected_group,religion,explicit
1360,keyword_search,waria bangsat,2026-08-15,Kontes kecantikan lokal kemaren sempet viral karena salah satu pesertanya ketauan aslinya cowok.,Pantesan rahangnya agak kotak dan suaranya berat banget pas sesi wawancara.,Panitia langsung ngediskualifikasi dan nyuruh dia turun panggung.,Berani banget nipu publik pake dokumen palsu demi ikutan kontes bergengsi.,"Banci kaleng shemale menjijikkan, mau lu dandan kek gimanapun tetep aja lu waria penyakitan bangsat!",4,0,1,1,hate_speech,protected_group,gender,explicit
1361,keyword_search,rohingya,2026-08-15,Krisis kemanusiaan di perbatasan laut makin ga terkendali tiap minggunya.,Kemaren malam ada dua kapal kayu gede mendarat lagi bawa ratusan pengungsi.,Warga desa setempat udah nyiapin barikade buat nolak mereka masuk.,"Kalau diterima terus, nanti mereka keenakan dan ngundang lebih banyak kapal.","Rohingya parasit laut ini usir aja, tembak mati manusia-manusia perahu bangsat ini gausah dikasihani anjing!",4,0,1,1,hate_speech,protected_group,nationality,explicit
1362,keyword_search,manusia cacat,2026-08-15,Trotoar baru di jalan sudirman sekarang udah dipasangin ubin pemandu sama ramp.,Biar temen-temen disabilitas gampang akses fasilitas transportasi publik ibukota.,Tapi kemaren ada yang maksa bawa motor naik ke trotoar trus nabrak kursi roda.,Pengendara motornya malah ngomel-ngomel nyalahin yang pake kursi roda gara-gara nutupin jalan.,"Manusia cacat buntung gatau diri gausah banyak gaya minta fasilitas, beban idup pantesnya lu pada mati aja nyusahin jalan raya tolol!",4,0,1,1,hate_speech,protected_group,disability,explicit
1363,keyword_search,ras hitam,2026-08-15,Isu rasisme di liga sepak bola Eropa ga pernah ada habisnya tiap musim kompetisi.,Kemaren ada pemain striker yang disoraki suara monyet sama suporter lawan pas bawa bola.,Wasit sempet berhentiin pertandingan tapi suporternya tetep ga mau diem rasis.,Sedih banget abad 21 masih aja ada diskriminasi warna kulit seburuk itu di eropa.,"Ras kulit hitam memang terlahir secara genetik sebagai budak dan tukang kriminal, mereka tidak pantas berbaur dengan manusia beradab lainnya.",4,0,1,0,hate_speech,protected_group,race,explicit
1364,keyword_search,zionis,2026-08-15,"Berita pagi ini, serangan udara kembali menghantam pemukiman warga sipil di perbatasan.",Dalih militer mereka selalu bilang itu tempat persembunyian komandan musuh bawah tanah.,PBB udah ngeluarin resolusi kecaman tapi ga pernah digubris sama sekali.,Kayaknya emang ada agenda pembersihan etnis besar-besaran yang dilegalkan.,"Kaum hidung bengkok pesek zionis babi emang pantes di-holocaust kedua kalinya, ras iblis laknatullah bantai aja!",4,0,1,1,hate_speech,protected_group,religion,explicit
1365,keyword_search,sdm jongkok,2026-08-15,Asrama mahasiswa di daerah istimewa kemaren digerebek secara paksa sama ormas lokal.,Pemicunya karena ada sekelompok pemuda yang mabuk dan bikin kerusuhan lempar botol.,Warga sekitar ngerasa ga nyaman karena sering banget denger suara ribut-ribut.,"Bukannya diomongin baik-baik, malah pada bawa senjata tajam buat ngusir brutal.","Monyet-monyet item dari timur itu sdm nya jongkok banget anjing, pantesnya dibasmi aja kuli barbar ini dari kota kita! 🐒",4,0,1,1,hate_speech,protected_group,ethnicity,explicit
1366,keyword_search,laki-laki predator,2026-08-15,Rame thread curhatan istri yang selalu direndahin dan dikekang suaminya di rumah.,Suaminya pake dalih kepatuhan istri buat manipulasi semua keputusan finansial keluarga.,"Kalau istrinya ngelawan dikit, langsung dimaki-maki kasar dan diancam bakal dicerai.",Banyak laki-laki yang ngerasa berkuasa penuh cuma modal bawa-bawa status doang.,"Semua laki-laki itu pada dasarnya adalah predator dan sampah biologis yang memuakkan, gender ini pantasnya dimusnahkan saja dari peradaban.",4,0,1,0,hate_speech,protected_group,gender,explicit
1367,keyword_search,lesbi,2026-08-15,Serial Netflix terbaru banyak banget nampilin representasi pasangan queer di luar nalar.,Tokoh utamanya diceritain menjalin asmara sama sahabat perempuannya sejak SMA.,Di Twitter banyak yang ngritik karena ngerasa unsur itu terlalu dipaksain masuk cerita.,Ya itu mah udah jadi agenda wajib industri hiburan barat sekarang biar dapet rating.,"Cewek tukang gunting menjijikkan, kelainan seksual lesbi bangsat ini harusnya dikarungin trus dibakar asu!",4,0,1,1,hate_speech,protected_group,sexual_orientation,explicit
1368,keyword_search,bule bangsat,2026-08-15,Fenomena turis asing yang buka bisnis ilegal di Bali makin menjamur kaga ada pengawasan.,Mereka berani pasang tarif sewa motor mahal dan nawarin jasa fotografi ke sesama turis.,Warga lokal kalah saing karena turis-turis ini punya jaringan eksklusif sendiri sesama mereka.,"Imigrasi udah sering razia, tapi yang dideportasi cuma sebagian kecil doang kaga ngaruh.","Bule-bule kulit putih bangsat emang gatau diri, usir aja sampah eropa ini, ganyang aja kaum penjajah gembel ini!",4,0,1,1,hate_speech,protected_group,nationality,explicit
1369,keyword_search,etnis pencuri,2026-08-15,Daerah industri deket pelabuhan sering banget kehilangan material besi dan kabel tembaga PLN.,Security sempet mergokin gerombolan orang pake pick-up malem-malem ngangkut sisa proyek.,"Pas ditegur baik-baik, mereka malah ngeluarin celurit trus nantangin satpamnya duel berdarah.",Emang ngeri kalau berurusan sama komplotan pengepul liar yang wataknya keras dan nekat-nekat.,"Etnis tukang carok licik ini emang genetik pencuri besi semua, basmi aja ras maling ini dari muka bumi",4,0,1,1,hate_speech,protected_group,ethnicity,explicit
1370,keyword_search,orang tuli,2026-08-15,Rekrutmen CPNS kemaren nyediain formasi khusus buat pelamar dengan disabilitas sensorik.,Ada temen gue yang lolos tapi HRD instansinya malah kebingungan nempatin posisinya dimana.,Soalnya kerjaannya butuh kordinasi cepat dan meeting tiap hari sama vendor luar negeri.,Instansi pemerintah harusnya udah siapin ekosistem kerja yang ramah inklusi dari awal.,"Orang tuli dan tunarungu itu cuma menghambat jalannya pekerjaan, mahluk-mahluk cacat ini tidak pantas diberikan ruang kerja sama sekali.",4,0,1,0,hate_speech,protected_group,disability,explicit
1371,browsing,,2026-08-13,"dear jepang, kalian tidak tahu kan bahwa jepang pernah menjajah indonesia dan memperbudak rakyat kami selama 3,5 tahun? tentu, karena tidak tertulis dalam sejarah yg kalian pelajari. sadarilah buyut kalian itu penjahat yang suka menyiksa negara lain.",Klo nonton ytnya [PERSON_J] pas masih kuliah di jepang sih orang sekarang rmang udah pada gak tau kaya sejarah itu bener bener dihilangkan gtu,iya kan padahl teman [PERSON_J] itu pinterlah circlenya masa sejarah jepang menjajah dia ga tau artinya apa ya mereka merubah atau menutupi.,Katanya juga klo ke museum manuskrip mereka nulisnya bukan menjajah tp mendominasi yg mana artinya jauh bgt,bener makanya mereka bilang jepang membantu kemerdekaan??? padahal aslinya nenek moyang mereka itu merampas dg kejam. fakta diputar balikkan.,4,1,0,0,neither,non_protected_group,,ambiguous_reference
1372,browsing,,2026-07-29,wifi di rumah gue lemot banget parah.,Router provider emang sampah kualitasnya.,"Iya anjir, pengen gue banting rasanya emosi.",Sinyalnya putus nyambung bikin darah tinggi.,"coba lu pisahin SSID 2.4G sama 5G di settingan Fiberhome nya deh, matiin band steering biar frekuensinya ga bentrok",4,1,0,0,neither,institution_policy_idea,,ambiguous_reference
1373,browsing,,2026-07-29,Pusing banget dapet tugas bikin aplikasi dari dosen.,Pake bahasa apaan? Java apa C++?,"Python bang, gue masih awam banget puyeng.",Bikin yang gampang aja gausah sok ide bikin web.,"setuju, mending bikin to-do list CLI aja dulu. lu susun aja menu utamanya pake looping biasa, itu udah cukup kok buat tugas.",4,1,0,0,neither,none,,ambiguous_reference
1374,browsing,,2026-07-29,Gue baru tahu istilah itu ternyata nama karakter di game lama.,"Iya, dulu sering muncul sebagai nama NPC, bukan dipakai buat manggil orang.",Makanya kalau cuma lihat katanya doang memang kedengarannya agak kasar.,"Konteksnya memang penting, apalagi sekarang kata-kata tertentu gampang dianggap sebagai hinaan.","Wkwk iya, gue tadi juga refleks mikir bangsat, apaan nih? ternyata cuma nama karakter.",4,1,0,0,neither,none,,other_and_mixed
1375,browsing,,2026-07-29,Harga tiketnya ternyata berubah setelah jam keberangkatan digeser.,CS bilang perubahan harga memang mengikuti jadwal baru.,Padahal selisih waktunya cuma sekitar satu jam.,"Ya mau gimana, sistemnya otomatis menghitung ulang harga.","Sial, kirain error. Ternyata emang sistemnya begitu. Yaudah, bayar aja daripada ribet.",4,1,0,0,neither,none,,other_and_mixed
1376,browsing,,2026-07-29,Akun sosmed gue barusan kena hack orang.,Lah kok bisa? Lu klik link apk aneh ya?,"Nggak anjir, tbtb password diganti sendiri.",Palingan kesedot dari auto-save chrome lu tuh.,makanya bahaya banget nyimpen kredensial bawaan browser. mending pindah pake password manager eksternal aja biar data lu aman,4,1,0,0,neither,none,,opinion_attack_ambiguity
1377,browsing,,2026-07-29,Skripsi gue mentok di metodologi bab 3 nih.,Kualitatif emang ribet nyari landasan teorinya.,Dosen gue maunya kuantitatif nyebar kuesioner.,"Gue bikin prototipe software, masa disuruh nyebar kuesioner juga?",nah kalo lu develop aplikasi mending ajuin metodologi DDR aja ke dospem. lebih pas tuh fase-fasenya buat nguji kelayakan produk lu,4,1,0,0,neither,none,,ambiguous_reference
1378,browsing,,2026-07-29,Sambel geprek di warung depan gila banget.,Usus gue langsung muter abis makan itu semalem.,Emang sengaja dibikin nyiksa biar orang sakit perut kali.,Penjualnya psikopat emang nyari korban nyawa.,"wkwkwk beneran jahat sih pedesnya, perut gue juga kepanasan. abis ini wajib sedia susu beruang biar lambung kaga nangis 😭",4,1,0,0,neither,none,,ambiguous_reference
1379,browsing,,2026-07-29,Liburan ke puncak macetnya ga ngotak.,Mobil sampe ga gerak 4 jam di tanjakan.,Mending rebahan di rumah sumpah rugi waktu.,Yang pada liburan ke sana otaknya pada ketinggalan di rumah.,"emang di luar nalar sih volume kendaraannya, mending cari rute alternatif atau berangkat pas subuh sekalian biar ga kejebak parah di jalur satu arah.",4,1,0,0,neither,none,,opinion_attack_ambiguity
1380,browsing,,2026-07-29,Limit paylater gue tiba-tiba naik 15 juta.,Wah sikat lah checkout hp baru.,Gausah mikir panjang mumpung dapet limit gede.,Kalo ga bisa bayar tinggal hapus aplikasi gampang wkwk.,"saran sesat semua anjir wkwk. mending didisable aja fiturnya bang kalo emang kaga butuh, ngeri khilaf doang liat limit segede gitu",4,1,0,0,neither,none,,ambiguous_reference
1381,browsing,,2026-07-29,50 pull kaga dapet karakter bintang 5 sama sekali.,Game gacha ampas emang nipu bandarnya.,Developer bangsat pelit banget ngasih rate.,Mending pensi aja lah uninstall gamenya.,"sabar bang namanya juga RNG, nabung resource aja lagi sampe pity nya dapet. gausah dipaksa top-up kalo dompet lagi tipis wkwk.",4,1,0,0,neither,institution_policy_idea,,ambiguous_reference
1382,browsing,,2026-07-29,Layar hp gue tbtb ada garis ijo nya.,Penyakit amoled emang gitu sering kena.,Kualitas layarnya sampah gampang rusak parah.,Buang aja ke laut ganti baru kelar.,"wkwkwk jangan dibuang dulu, coba bawa ke service center sapa tau masih masuk garansi trus bisa diganti gratis lcd nya.",4,1,0,0,neither,none,,ambiguous_reference
1383,browsing,,2026-07-29,Film horor yg baru rilis jelek parah.,Jumpscare nya murahan banget berisik doang.,Sutradaranya kaga becus bikin film nyampah doang.,Nyesel gue ngabisin duit 50rb buat beli tiketnya.,"asli emang pacingnya agak berantakan, tapi menurut gue acting pemeran utamanya lumayan nolong sih. walau ya ceritanya emang kopong.",4,1,0,0,neither,institution_policy_idea,,opinion_attack_ambiguity
1384,browsing,,2026-07-29,Timnas mainnya letoy banget kemaren.,Passing aja pada salah mulu kaya orang buta.,Striker nya ampas kaga bisa nendang bola.,Pecat aja lah pelatihnya ga guna bawa sial.,"bukan salah pelatihnya 100% sih, keliatan emang stamina pemain kita drop abis di babak kedua makanya fokusnya pada ilang semua",4,1,0,0,neither,non_protected_group,,opinion_attack_ambiguity
1385,browsing,,2026-07-29,Kucing gue berak di atas kasur anjir.,Wah kurang ajar banget tuh meong ngelunjak.,Sentil aja idungnya kenceng-kenceng biar kapok.,Kalo gue sih udah gue kurung di gudang ga dikasih makan.,"jangan dikurung kasian 😭 coba cek litter box nya deh, biasanya mereka gamau pake kalo pasirnya udah kotor atau terlalu bau.",4,1,0,0,neither,none,,ambiguous_reference
1386,browsing,,2026-07-29,Panas banget jakarta kek simulasi neraka bocor.,Kipas angin aja muter ngeluarin hawa panas.,Mau mati rasanya dehidrasi gue.,Pemerintah kaga mau nanem pohon apa ya gersang bener otaknya.,"emang lagi puncak kemarau parah sih, banyakin minum air es aja bang biar ga kena heatstroke pas di luar ruangan. stay hydrated ya! 🥵",4,1,0,0,neither,institution_policy_idea,,ambiguous_reference
1387,browsing,,2026-07-29,Vokalis band X suaranya jelek banget pas live.,Fals parah ga nyampe nadanya ngeden doang.,Pake autotune tebel doang kalo rekaman.,Musisi karbitan emang modal tampang doang jualannya.,"gue denger kemaren emang monitor ear-piece nya dia mati sih pas manggung, jadi wajar aja kalo nadanya agak lari.",4,1,0,0,neither,individual,,opinion_attack_ambiguity
1388,browsing,,2026-07-29,Sepatu lari karbon harganya nyekek 3 jutaan.,Mahal banget gila cuma buat lari muter komplek doang.,Pake sendal jepit aja lah mendingan.,Beli yang KW nya aja 200 rebu dapet di sopi banyak.,"jangan beli yang KW ntar malah bikin cedera engkel bang, mending pake daily trainer biasa aja yang penting bantalannya empuk",4,1,0,0,neither,none,,ambiguous_reference
1389,browsing,,2026-07-29,Bos gue nyuruh lembur di hari minggu.,Emang ga ada otaknya tuh bos gila kerja.,Ga tau diri banget gaji ga seberapa nyuruh kerja terus.,Resign aja lah dari perusahaan toxic gitu mendingan.,"jangan buru-buru resign kalo belom dapet kerjaan pengganti, mending tolak halus aja bilang lu ada acara keluarga biar ga terus-terusan diinjek.",4,1,0,0,neither,individual,,opinion_attack_ambiguity
1390,browsing,,2026-07-29,Cowok gue tbtb ngilang ga ada kabar 3 hari.,Wah fix selingkuh nyari cewek lain itu mah.,Putusin aja cowok brengsek kaya gitu gausah ditangisin.,Laki-laki emang sampah semua ga ada yang bener.,"ga usah overthinking dulu kak, coba hubungin temen deketnya aja sapa tau emang hp nya ilang atau lagi ada musibah dadakan.",4,1,0,0,neither,none,,quotation_or_counterspeech
1391,browsing,,2026-07-29,Orang-orang di gym pada sombong banget nyebelin.,Mandangin dari atas ke bawah kaya ngerendahin banget.,Paling males ngegym kalo isinya orang sok iye pamer otot.,Mending workout di kamar mandi aja aman ga ada yang liat.,"wkwk itu perasaan lu aja kali bang krn baru pertama datang, cuekin aja pake earphone trus fokus sama repetisi alat lu sendiri 💪",4,1,0,0,neither,none,,ambiguous_reference
1392,browsing,,2026-07-29,MRT jam berangkat kerja penuhnya kaya kaleng sarden.,Dempet-dempetan nyampe bau ketek parah.,Orang-orang ga ada yang mau ngalah gila pgn menang sendiri.,Bikin males ngantor rasanya pengen rebahan aja di kosan.,"makanya gue mending berangkat abis subuh sekalian deh, walau ngantuk tapi dapet duduk dan ga perlu emosi rebutan tempat tiap pagi",4,1,0,0,neither,none,,ambiguous_reference
1393,browsing,,2026-07-29,Gaji UMR dibilang cukup sama pejabat kemaren.,Pejabat emang ga napak tanah ngomongnya ngasal doang.,Mana cukup buat idup di kota besar gaji segitu.,Suruh dia aja yang idup pake umr sebulan biar mampus.,"bener banget, itungan mereka cuma buat makan doang ga mikirin ongkos transport, kosan, sama dana darurat. bener-bener out of touch.",4,1,0,0,neither,institution_policy_idea,,opinion_attack_ambiguity
1394,browsing,,2026-07-29,Tiktok isinya orang joget-joget ga jelas pamer aurat.,Generasi sekarang emang udah rusak moralnya parah.,Aplikasi sampah ngerusak otak anak kecil doang.,Blokir aja harusnya kominfo biar ga pada kecanduan.,"algoritmanya tuh ngikutin apa yang sering lu tonton bang, coba rajin klik 'not interested' aja nanti fyp lu bersih sendiri kok",4,1,0,0,neither,none,,ambiguous_reference
1395,browsing,,2026-07-29,Baju thrifting sekarang harganya mahal banget ga ngotak.,Seller nya pada maruk nyari untung gede mentang-mentang tren.,Jual barang bekas tapi harga mall gila.,Boikot aja biar pada bangkrut tuh seller ga tau diri.,"lu nyarinya jangan di platform online bang pasti udah dimark-up, mending blusukan langsung ke pasar senen subuh-subuh dapet miring banget harganya.",4,1,0,0,neither,none,,ambiguous_reference
1396,browsing,,2026-07-29,Capek banget nugas ga tidur 2 hari berturut-turut.,Dosennya ga kira-kira ngasih tugas numpuk banget.,Emang gila pengen nyiksa mahasiswa doang kerjaannya.,Drop out aja lah bikin tipes lama-lama kuliah di sini.,"nyicil dari jauh hari kuncinya, walau emang kadang deadline nya suka barengan sih. jgn lupa minum vitamin bang biar ga tumbang.",4,1,0,0,neither,none,,ambiguous_reference
1397,browsing,,2026-07-29,Cromboloni viral rasanya manis banget eneg.,Cuma menang fomo doang ga ada enaknya sama sekali.,Orang-orang pada lebay muji-muji makanan sampah.,Mending makan roti tawar pake meses beneran lebih enak.,"wkwkwk setuju sih, mending beli yang isi krim matcha atau dark choco sekalian biar ada pahitnya dikit, kalo yang vanilla emang bikin giung.",4,1,0,0,neither,none,,ambiguous_reference
1398,browsing,,2026-07-29,"Padahal cuma se onggok imigran yaman yang numpang cari makan. Gw akuin si habeeb itu rata rata pemberani, lawan rezim pemberani, lawan kaum minoritas pemberani, lawan cina apa lagi. Takut nya ama tes dna. 😅😅😅😅😅","Hehe, lucu luh kyk dono,,situ rugi brape M???,,,loe kan oten tolol yg pd julid,,,urus lah domba kau yg pd kluar kandang,,,bnyk tuh yg jd mualaf,,,,",Lah gw mah udah islam wkwkwkwkwk.,"Hehe,,,miris aja ada muslim musuhin muslim,,,situ waras?",Lah muslim kalo bejad ngapain disanjung2,4,1,0,0,neither,unclear,,opinion_attack_ambiguity
1399,browsing,,2026-07-29,Fans K-Pop alay banget neriakin nama idol plastik.,Fomo doang padahal ga ngerti bahasanya.,Kelakuan minus buang-buang duit ortu buat beli album.,Bener-bener kelompok ga guna beban masyarakat doang.,"ga semua kpopers kaya gitu kok, banyak juga fanbase yang sering ngadain donasi kemanusiaan pas ada bencana. namanya hobi ya biarin aja selama pake uang sendiri.",4,1,0,0,neither,non_protected_group,,quotation_or_counterspeech
1400,browsing,,2026-07-29,Obat flu di warung bikin ngantuk parah.,Sengaja dikasih obat tidur biar pules sakitnya kaga sembuh.,Emang bahaya tuh kimia semua isinya ngerusak ginjal.,Mending minum tolak angin aja herbal alami.,"itu efek dari CTM nya bang, emang fungsinya buat neken reaksi alergi dan histamin. kalo abis minum itu mending jangan nyetir dulu 🤧",4,1,0,0,neither,none,,ambiguous_reference
1401,browsing,,2026-07-29,Dia lagi upload siulan terus,Biasanya jarang banget,Sekarang malah sering,Kayak lagi pamer,DIA KENAPA SIH JADI SUKA PAMER SIULAN GINI,4,1,0,0,neither,none,,ambiguous_reference
1402,browsing,,2026-07-29,Lagi coba buah sawo manila,Belum pernah makan,Kelihatannya manis,Ada yang udah coba?,Ehh sawo manila gimana kak buah nya?,4,1,0,0,neither,none,,ambiguous_reference
1403,browsing,,2026-07-29,Hari ini ulang tahunnya,Udah dari pagi diingetin,Banyak yang ngucapin,Semoga lancar semua,"kak diit aaa happy birthdayyy, wish u all the best and may you always surrounded by happiness💗 semoga urusannya selalu dimudahkan juga ya kakk loplopp🩷🩷🫶🏻",4,1,0,0,neither,none,,ambiguous_reference
1404,browsing,,2026-09-24,Wajahnya indo sekali,Engga itu kayanya jualan makanan india yang siri di bakar langsung masuk mulut itu,Pantasan jalanan sekenak hatinya aja. Bayangkan jika di biarkan bisa jadi ind negara yang maju itu🫠,"Iya sih min cuman kasian juga dagangannya di gituin 😭, aku ga tegaan bgt",Soal perasaan sama kita gak tega. Tapi kembali lagi jika sudah berulang kali di ingatkan tapi tetap ngeyel mungkin seperti itu adalah jalan terakhir dan masih jauh lebih baik dibandingkan kalo dia ditangkap dan di penjara itu jauh lebih kejam.,4,1,0,0,neither,none,,quotation_or_counterspeech
1405,browsing,,2026-08-15,Banyak yg langsung bilang perkataannya rasis karena nyebut latar belakang dia.,Padahal dari awal orangnya cuma lagi menjelaskan kenapa perlakuannya beda.,"Iya, tapi kalau nyebut identitas begitu bukannya malah sensitif?","Menurut gue jangan langsung disimpulkan rasis juga, lihat dulu maksud dan konteks kalimatnya.",no offense no racist... dia itu cina... isu rasial terhadap saudara etnis cina,4,1,0,0,neither,none,,quotation_or_counterspeech
1406,browsing,,2026-09-25,ini kerasa mungkin bgt terjadi 😭😭😭,Kok bisa mungkin sih kak? Soalnya kek almost impossible blio mau,"namanya politik kak, kalo ada peluang dapet keuntungan pasti diembat sama mereka. [PERSON_J] [PERSON_P] kan kayak musuh bebuyutan dulu, fansnya sering fanwar, sekarang? 🤣 klo [PERSON_P] pengen gaet oposisi dan perkuat posisi ya bisa aja.","But [PERSON_P] anti banget sama smart people, like until yesterday he said pakar itu goblok, dia benci orang yg bisa berpikir and not to mention [PERSON_A] rate him 11/100 😭 that sentence is living rent free in [PERSON_P]'s head","Bener. Keliatan keras kepala juga dia tuh, jd kalo mau bawa [PERSON_A] i think bakal susah but of course ttp possible. Kalo dia bisa mikir keknya dia bakal nurunin ego dia buat pertahanin tahta dengan ambil [PERSON_A]. Cuman yg bikin hampir mustahil tuh ya itu, mereka totally different",4,1,0,0,neither,none,,opinion_attack_ambiguity
1407,browsing,,2026-07-29,"gw berkali-kali ngasih pembalut terang-terangan ke temen. kalau dia bilang ""malu jir"" gue bakal jawab ""gausah malu lah, cowo aja kalau sunat dirayain se-RT""","HAHAHA okee aku siap ngomong gt dah ke temen gue, jujur kenapa malu ya 🤗 selain malu mereka selalu beralasan ""ga sopan banget anjir"" apanya yg kaga sopan anjir, benda softek dong dikata ga sopan kecuali gue lempar ke lu bru kaga sopan","kalo ga sopan, masa di pajang di rak? ga sopan mah di simpen di gudang 😭","yakan kak, kyk softek ini tuh benda maksiat anjir 😭","soalnya kalo perempuan pertama dapet pasti malu malu dan bingung. coba kalo laki laki pertama mimpi basah, malah di pamerin dan di cerita ceritain 😭",4,1,0,0,neither,none,,ambiguous_reference
1408,browsing,,2026-07-29,ah sedih kalo inget member ekebi banyaknya nikah sama ojisan komedian jelek tua incel tipe begini,Hahh acara tv begini?? 😰,"iya variety show yang ngundang idol memang banyak yg bentukan ngelecehin gitu, tp kalo di-call out masih banyak yg bela ""ini tuh ✨ kultur jepang✨"" sama ngatain feminist lebay dll 🤦‍♀️","Sekarang udh berbenah, belakangan yang begini udah berkurang banget dan yang masih creepy udah ada yang dicallour","Semoga ajalah, gimana gak makin males cwek Jepang nikah kalau ketemu lakinya model gini semua.",4,1,0,0,neither,non_protected_group,,ambiguous_reference
1409,browsing,,2026-07-29,Temen resign ditarikin duit buat kado,Pas aku resign malah dikorupsi,Buat yang lain juga,Plus kena PHK,"Emg gitu Nder. Aku juga kok pas ada temen resign ditarikin duit buat kasih kado, aku resign duitnya dikorupsi buat ngadoin yg lain juga anak baru + kena PHK tidak terhormat pula 🙂",4,1,0,0,neither,none,,ambiguous_reference
1410,browsing,,2026-09-24,"Cuma mau mengingatkan, kalau intoleransi itu bikin kalian cepat tua. Si buluk ini kelahiran 97 tp komuknya boros kek APBN 😌😌😌","Jarak gereja nya cuma sekitar 25km dari gue. Dan memang daerah Tangerang ini kacau banget, banyak intoleran modelan gini. Gue bahkan sampe punya trauma, karena waktu SMP di grebek pas lagi ibadah sama warga, sampe mereka udah bawa polisi loh 3 ORANG—","Makanya disana kasus intoleransi jarang ketangkep karena emang disana sarang nya, udah banyak pengacara yang laporin si muka tua itu, tapi kepolisian juga belum tangkep si pelaku",Parah banget sih asli,"Udah 3 hari yang lalu kasus ini, gua lihat banyak pengacara yang laporin, cuma belum juga ditangkep, gua yakin kalau sebaliknya pasti garcep kepolisian nangkep nya.",4,1,0,0,neither,institution_policy_idea,,opinion_attack_ambiguity
1411,browsing,,2026-09-25,"Cuma mau mengingatkan, kalau intoleransi itu bikin kalian cepat tua. Si buluk ini kelahiran 97 tp komuknya boros kek APBN 😌😌😌","Doi itu preman malak buat mabok. Gak mewakili umat Islam. Jangankan bangun Greja , mbangun apapun ada di akalin biar kluar uangnya. Jadi stop menarasikan intoleran2 agama. Ini Premanisme bukan ormas agama yg mewakili umat  !","Kalau gitu, kalau ada kekerasan yang dilakukan anggota polisi/tentara, gak boleh bilang kalau polisi/tentara itu jahat. Itu hanya premanisme dan mereka tidak mewakili polisi dan tentara secara keseluruhan 🤭🤭",Bukan gitu konsepnya. Jika andai itu bukan gereja tapi warung kelontong apakah konsepnya intoleransi agama ??? Nyatanya preman malak bukan cuma pembangunan Greja tapi semua pembangunan yang mereka rasa bisa di duitin. Itu konsepnya..,"Gak usah denial kalau mereka pakai atribut agama untuk menindas. Ada bukti kalau mereka preman dan melakukan hal yang sama ke warung kelontong atau bangunan lainnya? Atau hanya karangan saja supaya ini gak dilihat sebagai kasus intoleransi, tapi tindakan kriminal semata?",4,1,0,0,neither,institution_policy_idea,,opinion_attack_ambiguity
1412,browsing,,2026-07-29,Waktu ospek dulu,Kebetulan lagi mens,Syukurnya aman,Kegiatannya mostly materi,"eh dulu aku juga mens waktu ospek dan syukurnya aman ajaa karna kegiatannya mostly dengerin materi, kalo pendikar ketambahan ada diskusi+games bahkan ada sesi tidur bentar",4,1,0,0,neither,none,,ambiguous_reference
1413,browsing,,2026-09-25,Ada yang share cuplikan wawancara pejabat kemarin soal infrastruktur? katanya udah maksimal,"Iya, tapi banyak yang bilang di daerah masih jauh dari kata maksimal.","Gw coba cari data resminya, hasilnya campur-campur. Ada yang maju, ada yang stagnan.",Jadi susah nentuin mana yang “benar” tanpa liat langsung di lapangan.,"Menurut gue sih pernyataan “sudah maksimal” itu terlalu general. Bisa aja di beberapa titik emang udah oke, tapi di banyak tempat masih nunggak. Mending dia kasih angka konkret aja, misal berapa persen yang selesai atau berapa yang masih proses. Biar orang bisa ngecek sendiri, ga cuma denger klaim. Kalo cuma bilang “maksimal” ya wajar aja banyak yang skeptis 🤷‍♂️",4,1,0,0,neither,individual,,ambiguous_reference
1414,browsing,,2026-08-15,Liat aja ntar juga balik lagi haha,kalau balik lagi tinggal dibunuh aja,Yee lu gaada bedanya berarti sama israel,"Siapa peduli soal Israel, sih?","gada yg peduli, tapi kalau kita bunuh mereka, apa bedanya kita dan mereka",4,1,0,0,neither,none,,quotation_or_counterspeech
1415,browsing,,2026-07-29,"Awalnya ku pikir si cewek itu istri abang nya, Dan gong nya ternyata….",Ini siapa,orang bang... kaburrrr,Hahaha masa bukan orang,"gw pikir selingkuh kan, ternyata yg motoin juga gak kenal, kan sialan wkwk",4,1,0,0,neither,none,,other_and_mixed
1416,browsing,,2026-08-14,org jakarta rasis ya ternyata,"Daridulu gitu, kalau manggil orang dari jawa juga pake kata ""jawa"".","Bukan manggil ""Jawa"" tapi jamet itu yg sering kalo orang dari daerah Dateng ke Jakarta","Itu yang sekarang-sekarang aja, tetanggaku dulu pernah tinggal di jkt, sekarang kalau temennya dari jkt nelpon manggilnya masih ""jawa"".","Biasanya sih udah akrab kalo manggil gitu, namanya juga panggilan akrab berdasarkan ciri2 orngnya yg kadang terkesan rasis/ngejek, kaya misalnya bagong, cungkring, bleky, kate, cina,dll",4,1,0,0,neither,none,,opinion_attack_ambiguity
1417,browsing,,2026-07-29,"Nanti jangan2 kyk waktu ini pelakuya ternyata sekomunitas, hemm emng mereka gak ada kegiatan lain yg lebih positive apa ya",Hahahaha tahu lah ya ini,Drpada gitu mending ngejarin para koruptor gak sih 😅😅🤣,Harusnya ya. Tendang juga tuh maling negara,"Ya kan, mereka tuh perusak negara dan masadepan bangsa🫣😶‍🌫️",4,1,0,0,neither,non_protected_group,,ambiguous_reference
1418,browsing,,2026-07-29,"Aku mulai notice satu pola. Cewek-cewek paling cerdas yang aku kenal, yang ambisius, emotionally intelligent, sensitif, tapi di sisi lain juga masih bisa konyol dan seru justru jarang tertarik sama cowok yang paling berisik atau paling cari perhatian di ruangan.","Iya itu kesalahan cewek cerdas, karena psikopat kebanyakan pendiam 🤣 maaf kak canda yaa",gapapa mbak aman 😄,Pdhl cowok yg keliatan caper dan konyol bissanya lebih tulus menurut aku yaa 😅,"aku yang ga pernah caper tapi sayang banget sama istri mbak, gimana dong 😭",4,1,0,0,neither,none,,ambiguous_reference
1419,browsing,,2026-09-25,"Kemarin ada yang nanya soal perbedaan cara pandang antar agama soal isu sosial, seru sih dibahas.","Iya, tapi seringnya cepet panas. Padahal aslinya cuma beda tafsir aja.","Gw lebih suka kalo dibahas dari sisi sejarahnya, biar ga langsung nyangkut ke keyakinan pribadi.","Betul, soalnya kalo udah nyinggung “ajaran saya lebih benar” biasanya udah ga produktif.","Setuju banget. Menurut gue mending mulai dari fakta sejarah atau konteks sosial dulu, baru masuk ke tafsir masing-masing. Banyak yang aslinya cuma beda penekanan aja, tapi karena delivery-nya agak tajam jadi keliatan kayak bentrok. Kalo semua pihak mau denger dulu sebelum bales, biasanya bisa lebih tenang. Susah sih, tapi worth it 🙏",4,1,0,0,neither,institution_policy_idea,,escalation
1420,browsing,,2026-07-29,Belum pernah coba makanan ini,Kelihatannya enak,Ada yang sudah?,Rasanya seperti apa,"gimanan rasanya kaa, aku belum pernah coba makan ini",4,1,0,0,neither,none,,ambiguous_reference
1421,browsing,,2026-09-25,"Fandom sebelah lagi rame banget soal thread kemarin, pada defend mati-matian.","Iya, sampe ada yang bilang “kalian ga ngerti konteksnya”. Padahal postingan awalnya plain aja.","Gw malah bingung, emang seberapa penting sih sampai harus ribut berhari-hari?","Ya namanya fandom, kadang lebih sensitif dari yang dibayangin.","Wkwkwk iya sih, kadang liat dari luar aja udah capek. Padahal kalo dibaca lagi, postingan awalnya biasa aja, cuma karena ada yang nge-quote pake tone tertentu jadi rame. Menurut gue mending pada balik ke konten aja deh, daripada energi habis buat saling bales. Ujung-ujungnya yang diomongin malah hilang 🙃",4,1,0,0,neither,non_protected_group,,sarcasm_or_irony
1422,browsing,,2026-09-25,"mau tanya deh, poin ajaran sesatnya apa ya? bisa dijabarin?","Gini aja deh bang. Kalau ikutan barisan Wahabi itu, lu yasinan aja disesatkan. Syiah itu cuman Mazhab akidah Islam. Kalau lu lebih ke Islam yang washatiyah sih santuy aja sama semua keragaman ini. Wahabi emang sisi ekstrim Islam soalnya",kalo syiah setau gua udah sesat karna dia mengutuk sahabat nabi selain Ali. bahkan kalo ga salah organisasi mereka membunuh sahabat nabi juga katanya. yg paling sesat adalah cara solat dan nikah mutah nya sih,Itu [PERSON_J] aja sering bahas sahabat nabi deh kalau gak salah,"makanya, terus solatnya juga biasa aja kan, terus nikahnya ga suka ganti pasangan seenaknya kan? gua bingung kenapa dia disebut syiah",4,1,0,0,neither,none,,quotation_or_counterspeech
1423,browsing,,2026-07-29,Capek banget udah rutin pake skincare sejutaan tapi muka masih aja kusam.,Skincare kaga bakal ngefek kalo gaya idup lu masih serampangan dan sering panas-panasan.,"Makanya gausah maksain ikut tren mendaki tiap weekend, lu kan tau matahari di atas sana nyengatnya dobel.","Ditambah hobi touring motor kaga pake sarung tangan sama jaket tebel, fix belang semua dah tangan lu.",naik gunung dan motoran membuat kulit kuning langsat ku dadi hitam bangsat🗿,4,1,0,0,neither,none,,other_and_mixed
1424,browsing,,2026-07-29,baru muncul udah di cancel wkwkwk byeee 02 voter,Dia tuh ga cuma voter ya kan. Bajer nyebelin pokoknya. Ak sampe block dia.,Akupun block udh eneg dari lama wkwkww,Habis ngebajer kan lgsg ganti muka trus ngonten klo nyesel punya anak. Malesin lgsg ak block sepaket sm suaminya 😅,ASLI aku jg block pas dia bikin konten nyesel punya anak,4,1,0,0,neither,individual,,ambiguous_reference
1425,browsing,,2026-09-25,"Gue liat berita soal kebijakan baru soal izin usaha di daerah, kok kayaknya ribet banget ya?","Iya, banyak yang komplain. Katanya birokrasinya nambah, padahal katanya mau permudah.",Tapi ada juga yang bilang ini buat jaga-jaga biar gaada yang nakal. Menurut lo gimana?,"Tergantung daerah sih, ada yang longgar ada yang ketat banget.","Menurut gue sih tergantung implementasi di lapangan. Kalau cuma nambah form tapi prosesnya tetep lama ya sia-sia aja. Tapi kalau emang buat filter yang serius biar ga asal-asalan, mungkin ada gunanya. Yang penting transparansinya dulu, biar orang tau kenapa ditolak atau diterima. Banyak kasus yang bikin bingung soalnya 😅",4,1,0,0,neither,institution_policy_idea,,ambiguous_reference
1426,browsing,,2026-07-29,Gila orang Jepang tuh gini yah kekerasan dibalut komedi Njir shock bgt membernya di gituin sama mereka kaya dibully trs di ketawain Gw bukan fansnya aja gak trima bgt anjir cewe2 digituin,kaaa di indo kan sma kek gini bully di bilang becandaan wkwkwk,Tapi di Indo gak sampe gini njir ini keterlaluan bgt sampe di tendang dll klo emang ada itu mah namanya bully Stress sih org kek gitu,"aku pernah ka kepalaku di ketok sama hp guruku sakit banget gara2 jawabku ga sesuai dia gada minta maaf dll kalau dibilang pasti dia bilangnya "" bercanda doang""",Stress mewajarkan prilaku bullying Klo kaya gitu trs dia bakal anggap semua itu bercanda 😔,4,1,0,0,neither,non_protected_group,,ambiguous_reference
1427,browsing,,2026-07-29,Tadi server kampus tiba-tiba nggak bisa diakses.,"Kukira laptopku yang bermasalah, ternyata semua orang juga kena.",Admin bilang ada maintenance mendadak karena storage penuh.,"Pantes dari tadi loading terus, kirain internetku lagi ngaco.","Anjir, ternyata servernya yang penuh. Kirain laptop gue udah minta pensiun.",4,1,0,0,neither,none,,other_and_mixed
1428,browsing,,2026-09-25,"Analogi kurang pas menurutku.. pointnya bener tapi menyamakan jeruk dengan poligami jelas beda banget. Makan jeruk hampir tidak mungkin melukai perasaan orang lain, sedangkan poligami sangat sangat mungkin membuat pihak lain sakit hati apalagi kalo terjadi ketidak Adilan ✌🏻","Oh, saya memang tidak pernah menyamakan poligami dan jeruk. 😁",Ya berarti false analogy sedari awal.,"Lah, tinggal diganti jadi durian and the point stands still. Mari gak memperumit hal yg simple","Masih gak bisa sih menurutku 😅✌🏻 tetep kurang tepat..keknya emang gak bisa dianalogikan pake hal lain..dan it's not that simple sih kalo urusan poligami, di jaman sekarang kalo ada poligami yang gak berdasarkan apalagi mostly cuman untuk nafsu ya bakalan jadi kontra",4,1,0,0,neither,institution_policy_idea,,opinion_attack_ambiguity
1429,browsing,,2026-09-24,ini kerja berapa lama ya kita dengan umr setempat untuk beli semua hadiah di foto ini 😮‍💨😮‍💨 dan ini cuma hadiah ultah seseorang….,"Kadang gue aja gapaham mereka disebut ""influencer"" tapi mereka influence apa dah? Wwwkwkwk consumerism? Kayak ga ada hal baik yg lebih bisa di influence aja. Apa kek, kesehatan kek, influence jaga lingkungan kek. Belanjaaaaa aje belanja, kayak rupiah lu kuat aje","THIS!! Makanya gw gak pernah bilang mereka ""influencer"". Di otak gw yang influencer itu tokoh-tokoh kayak Sun Tzu, Mahtma Gandhi, Tan Malaka, dll Rendah banget istilah influencer sekarang, disematkan ke attention seeker di sosmed","Kek Indonesia ini alamnya udah ancur dan carut marut, kenapa kaga bikin konten tuh kek ""a day in my life lebih mindfull pisahin sampah rumah tangga sesuai kategorinya""","Takutnya gak laku kan, karena yang ginian lebih banyak peminatnya 🙃",4,1,0,0,neither,institution_policy_idea,,ambiguous_reference
1430,browsing,,2026-07-29,Terdengar tolol dan menyedihkan tp jujur at this point gw beneran pengen living together karena tiap hari balik kerja tengah malem gini GW MAWNYA PULANG PULANG PELUKAN TIDUR PELUKAN BESOK PAGINYA JUGA PELUKAN DULU,"Bayangin aja yang lu peluk mokondo pengangguran yang kerjanya main judol di rumah. Ga mandi, ga kerja, cuma bisa ngomel kl lu pulang kemaleman+kucel","Ya ngapain milih dan bayangin yang begitu, in your dream bae gausah buat orang lain",Dunno. Mungkin krn sendernya capek tp ga mau living together? 🤔,Ngetik apaan sih anjir ngablu,4,1,0,0,neither,individual,,other_and_mixed
1431,browsing,,2026-07-29,Mesin kopi kantor rusak mulu tiap senin.,Emang bangsat emang ni mesin minta diganti.,Beli baru aja patungan ses divisi.,Duit dari mana bos bolong gini.,"wkwk makanya jangan pada ngutang mulu, benerin aja tuh termostatnya yg konslet biar ga ngamok tiap pagi ☕",4,1,0,0,neither,none,,ambiguous_reference
1432,browsing,,2026-07-29,Minyak goreng kelangkaan lagi anjing.,Pemerintah tai emang kerjanya nyusahin rakyat.,Nyetok berdus-dus kaya mau perang.,Biar mampus pada berebut sembako.,"santai bro, itu cuma isu oknum spekulan doang biar panik. stok di gudang bulog masih aman terkendali kok",4,1,0,0,neither,institution_policy_idea,,opinion_attack_ambiguity
1433,browsing,,2026-07-29,Netflix tai banget ngelarang sharing akun.,"Bangsat emang, langganan makin mahal fitur dikit.",Bajak lagi aja lah kaya dulu gampang.,Stremio solusinya tanpa bayar anjir.,"bener bener, pake add-on torrentio langsung jernih tanpa iklan. males banget dimerahin dompet gara-gara aturan tolol itu 🍿",4,1,0,0,neither,institution_policy_idea,,sarcasm_or_irony
1434,browsing,,2026-07-29,Kartu e-money gw tbtb saldo ludes anjing.,Kena tap dua kali kali lu bego.,Mesin stasiun emang anjing sering ngebug.,Laporin petugas stasiun biar diganti.,"laporin aja ke loket bawa struk terakhirnya, biasanya dibantu urus sama cs-nya asal datanya valid 💳",4,1,0,0,neither,institution_policy_idea,,ambiguous_reference
1435,browsing,,2026-07-29,Parkir indomaret 5 ribu tai bener.,Padahal cuma beli 3 detik doang anjir.,Tukang parkir ghoib emang kerjanya ngutil doang.,Lempar aer kencing aja biar kapok.,wah anjir sadis amat dilempar kencing wkwk. emang kudu ditertibkan sih sama pemda biar ga marak pungli liar gitu.,4,1,0,0,neither,institution_policy_idea,,sarcasm_or_irony
1436,browsing,,2026-08-14,Feminist benar2 makhluk paling bodoh di dunia. Udh jelas Pandawara bilang jangan buang pembalut di Sungai. Malah marah2 gak jelas wkwkwwk dasar makhluk IQ jongkok.,"Sebenernya klo mereka buangnya di yempat sampah, lalu dari situ berakhir ke sungai, gimana?",Kasus yg kamu katakan itu memang ada dan terjadi. Tp kasus mereke membuang sampah langsung ke sungai jg ada dan gak usah denial kalo memang ada yang seperti itu.,"Emang, poinnya kan disitu, jgn digeneralisir",Gua liat dr kmrn gak ada yg menggeneralisir bang. Sedari awal kan emang masih ada cewe jorok yg buang pembalut sembarangan termasuk di sungai. Sbrnnya itu yg jd fokus diskusi tp entah kenapa digeser menjadi “semua cewe jorok”.,4,1,0,0,neither,none,,quotation_or_counterspeech
1437,browsing,,2026-07-29,Celana jeans kesayangan gw ciut anjir.,Laundry koin emang bangsat mesin pengeringnya.,Suhu panas banget sih dibikinnya.,Kasih ke adek lu aja yg kurus.,"sabar bro, emang bahan denim raw kalo kena panas ekstrem langsung nyusut seratnya. next time diangin-angin aja gausah pake dryer.",4,1,0,0,neither,none,,ambiguous_reference
1438,browsing,,2026-07-29,Ac kamar netes mulu kaya air terjun.,Pipa pembuangannya mampet tai.,Bongkar sendiri aja gausah manggil tukang.,Ntar malah bener jadi rusak total tolol.,"bener kata lu, mending manggil teknisi beres daripada niat ngirit malah keluar duit juta buat ganti evaporator baru 🥶",4,1,0,0,neither,none,,opinion_attack_ambiguity
1439,browsing,,2026-07-29,Dia tadi bilang menurutnya perempuan tetap boleh fokus ke keluarga tanpa harus dianggap kurang mandiri.,Terus ada yg langsung bawa-bawa istilah feminisme di reply.,Padahal dia cuma bilang itu pilihan pribadi dan nggak berlaku buat semua perempuan.,Makanya gue bilang jangan keburu ngecap orang cuma gara2 pendapatnya beda.,"hati-hati kak, nanti diserang dibilang begitu-begitu lagi 😭",4,1,0,0,neither,none,,ambiguous_reference
1440,browsing,,2026-07-29,Sakit gigi bungsu tengah malem anjing.,Rasanya mau copot rahang pala pusing.,Minum ponstan 2 butir langsung teler.,Cabut sendiri aja pake tang rumah.,"anjir tang rumah serem amat wkwk. kompres air es di luar pipi sambil minum pereda nyeri, besok pagi lari ke dokter gigi! 🦷",4,1,0,0,neither,none,,sarcasm_or_irony
1441,browsing,,2026-07-29,Lampu merah perempatan cibubur kampret lama bener.,Ijo cuma 5 detik tai macetnya stengah jam.,Dishub tolol ga bisa ngatur durasi lalin.,Tabrak aja pembatas jalan biar viral.,"emang sensor timernya error kyknya, tapi gausah nyuruh nabrak juga tolol wkwk. mending putar balik lewat jalan tikus.",4,1,0,0,neither,institution_policy_idea,,opinion_attack_ambiguity
1442,browsing,,2026-07-29,Token listrik bunyi tetot mulu tengah malem.,Meteran bangsat emang suka nagih mental.,Masukin angka 00 enter biar diem.,Cabut kabelnya biar meledak.,wkwk jangan dicabut kabelnya nanti rumah gelap gulita. pencet tombol 00 trus enter buat nunda alarmnya sampe pagi ⚡,4,1,0,0,neither,none,,ambiguous_reference
1443,browsing,,2026-07-29,Dilamar kerja dighosting HRD bangsat.,Perusahaan tai emang suka ngasih harapan palsu.,Kirim santet online aja HRD nya.,Emang lu-nya aja yg ga kompeten.,"wah kasar bener balesannya wkwk. sabar bro, emang market kerja lg oversupply, coba evaluasi portofolio lu lg sapa tau ada yg kurang.",4,1,0,0,neither,none,,quotation_or_counterspeech
1444,browsing,,2026-07-29,Nyamuk di kosan bar-bar banget anjing.,Ditepok pake tangan malah ngeledek.,Bakar aja kasurnya biar mampus nyamuknya.,Pake lotion anti nyamuk aututan.,"autan udah ga mempan sama nyamuk mutasi jaman sekarang, pake obat nyamuk elektrik yg ditancep ke colokan dinding lebih ampuh 🦟",4,1,0,0,neither,none,,ambiguous_reference
1445,browsing,,2026-07-29,Kopi tumpah pas di atas keyboard mechanical.,Mampus switch nya lengket bau susu.,Cuci pake aer sabun mandi cepet.,Kubur aja laptopnya udah ikhlasin.,"jangan dicuci pake sabun mandi bego, copot keycaps-nya trus balikin laptopnya biar ga masuk motherboard. tiup pake hair dryer mode dingin!",4,1,0,0,neither,none,,ambiguous_reference
1446,browsing,,2026-07-29,Paket gw nyasar entah berantah anjing.,Kurirnya tolol ga bisa baca maps.,Lempar bom molotov aja ke gudang JNE.,Minta refund cepetan ke tokped.,ekstrem bener mau ngelempar bom wkwk. hubungin customer service e-commerce nya aja lgsg biar dapet investigasi kurir terkait.,4,1,0,0,neither,institution_policy_idea,,sarcasm_or_irony
1447,browsing,,2026-07-29,Kartu kredit kepotong otomatis buat gym kampret.,Fitur tai sengaja bgt mangkas diem-diem.,Blokir kartu kredit lu sekarang sblm abis.,Datengin managernya lempar barbel.,lempar barbel mah urusannya jadi ke kantor polisi wkwk. email lgsg ke cs pusatnya minta pembatalan langganan dan refund dana.,4,1,0,0,neither,institution_policy_idea,,sarcasm_or_irony
1448,browsing,,2026-07-29,Aplikasi m-paspor error mulu bangsat.,Imigrasi tai emang pelayanannya ampas.,Dateng lgsg subuh-subuh pake jalur calo.,Sogok aja petugasnya biar cepet jadi.,"jangan nyaranin nyogok dong, fatal urusannya. coba refresh aplikasinya pas jam 12 malem waktu kuota harian di-reset.",4,1,0,0,neither,institution_policy_idea,,quotation_or_counterspeech
1449,browsing,,2026-07-29,Water heater kamar mandi mati pas air dingin es.,Sialan banget bikin jantungan pas disiram.,Mandi air kencing lu aja biar hangat.,Masak air pake kompor manual bego.,"yg kedua sih jangan ya wkwk, yg terakhir malah paling masuk akal buat sementara",4,1,0,0,neither,none,,ambiguous_reference
1450,browsing,,2026-07-29,Sol sepatu lepas tengah jalan pas ujan deras.,Sepatu cina murah sih dibeli anjing.,Ikat pake tali rafia aja jalan pulang.,Telanjang kaki aja biar asik.,"nah ini masih bisa diselametin, besok baru diberesin beneran",4,1,0,0,neither,none,,ambiguous_reference
1451,browsing,,2026-07-29,Spotify naik harga lagi bangsat.,Makin serakah emang perusahaan streaming.,Bajak lagi pake apk mod cracked.,Pindah ke youtube music gratisan.,"yg itu mending jangan, rawan juga. tinggal patungan aja kalo mau murah",4,1,0,0,neither,none,,ambiguous_reference
1452,browsing,,2026-07-29,Kucing bangsat muntah di atas karpet bulu.,Sengaja bgt nyari tempat empuk buat nge-prank.,Usir kucingnya coret dari kartu keluarga.,Jilat lagi aja muntahannya biar bersih.,yang barusan itu jangan ditiru lah 😭 mending pake yg aman aja,4,1,0,0,neither,none,,ambiguous_reference
1453,browsing,,2026-07-29,Windows update tai ngerestart sendiri pas ngetik skripsi.,Data belom save mampus nangis darah.,Bill Gates emang bangsat hobi nyiksa user.,Banting aja leptopnya ke tembok.,"jangan yg terakhir wkwk, masih ada kemungkinan yg tadi balik",4,1,0,0,neither,none,,quotation_or_counterspeech
1454,browsing,,2026-07-29,Helm bogo gw dicuri di parkiran mall anjing.,Parkiran tai dijaga satpam tp maling lolos.,Ambil helm orang lain aja gantian.,Lapor satpam minta ganti rugi baru.,"nah, itu dulu. jangan malah ikut ngelakuin yg sama",4,1,0,0,neither,none,,quotation_or_counterspeech
1455,browsing,,2026-07-29,Rante motor kendor lepas pas tengah jalan tol.,Motor bangsat minta jajan mulu tiap minggu.,Dorong aja sampe rumah 10 kilometer.,Tinggalin aja motornya di pinggir jalan.,"10 kilo mah jangan dipaksain, yg paling aman cari bantuan dulu",4,1,0,0,neither,none,,opinion_attack_ambiguity
1456,browsing,,2026-07-29,Beli earphone TWS di Shopee taunya barang palsu tai.,Seller bajingan emang hobi nipu pembeli.,Banting paketnya rekam video kirim ke CS.,Kasih bintang satu ulasan caci maki.,"yg paling aman ya lewat jalur itu aja, bukti2nya sekalian simpen",4,1,0,0,neither,none,,ambiguous_reference
1457,browsing,,2026-07-29,Toilet umum stasiun airnya mati anjing bau pesing.,Pengelola tolol ga becus urus fasilitas umum.,Berakin aja lantai depannya biar tau rasa.,Tahan sampe rumah jangan disitu.,yang itu jangan sih wkwk... mending cari opsi lain dulu,4,1,0,0,neither,none,,quotation_or_counterspeech
1458,browsing,,2026-07-29,Airfryer ngeluarin asap hitam alarm kebakaran bunyi.,Ayam gw gosong jadi arang bangsat.,Rumah bau jelantah seminggu ga ilang.,Makan aje arangnya kaya batubara.,yg soal makan tadi bercanda aja ya 😭 yg ini mending stop dulu,4,1,0,0,neither,none,,quotation_or_counterspeech
1459,browsing,,2026-07-29,Kabel MagSafe leptop gw terkoyak anjing kawatnya keliatan.,Harga adapter baru sejutaan gila malak.,Lilit pake solatip hitam listrik murahan.,Pegang pake tangan telanjang biar nyetrum mampus.,"nah kalau yg ini jangan dicoba, cari cara yg lebih aman aja",4,1,0,0,neither,none,,quotation_or_counterspeech
1460,browsing,,2026-07-29,Kuota internet abis pas tengah game online bangsat.,Provider seluler tai sengaja bgt motong diam-diam.,Banting hp nya ke lantai smpe hancur.,Tethering ke temen lu yg pelit.,tethering ke temen yg pelit dijamin ditolak mentah-mentah wkwk. beli paket darurat lgsg lwt dial *123# atau aplikasi operator.,4,1,0,0,neither,institution_policy_idea,,sarcasm_or_irony
1461,keyword_search,orang tersebut,2026-08-10,"Kenthu pas pacaran terus hamil dibilang ""empowerment"" nikah dengan sukarela pake mahar sederhana dibilang ""penjara"" gw terus terang gak paham apa maunya orang2 X ini.",Kenthu pas pacaran terus hamil dan dibilang empowerment ini mana ya dokslinya? Soalnya setauku yg hamil di luar pernikahan di app ini dihujat abis2an sih. Dari pihak perempuan atau laki2,"Banyak jir dengan alasan yang penting ""consent"" lah di kira nikah ga consent apa ya bego banget lu",Ini sampe hamil dan dibilang empowerment njir konteks yg gue tanya. Yg bego mah elu kali,Karena lu termasuk orang orang tersebut,4,1,0,1,abusive_language,individual,,escalation
1462,keyword_search,orang gagal,2026-08-23,coba ngomong gini tp konteksnya [PERSON_N]… mikir dikit sebelum asbun ya [PERSON_Z],BHAAP lulusan harvard ga ada isinya ajgg kocyaakk,Kak dengan dia masuk Harvard itu berarti sudah sangat berisi loh,isi lemak otot darah air doang,"Orang gagal, ngatain orang lain wkwk 🤣😂",4,1,0,1,abusive_language,individual,,opinion_attack_ambiguity
1463,keyword_search,lonte,2026-08-12,Hahaha lucu. Kenyang ya di kasih makan tai sama keturunan yaman ya hahaha,"Laaah, sorry ye... makan mah cari sendiri. Gak kayak lu makanan dari tai oligarki keturunan yahudi 😂",Hahaha cari sendiri tp lu ngarep engagement dr X buat beli makan. Wkwkwkwkw lu makan ngarep dr duit yahudi juga wkwkwkwkwk kocak bener lo anak lonte! Percaya aja omongan soal oligarki wkwkwkwk,"Wowowowow, udh bawa bawa Lonte nih, buat ap Lu bang, demi Nyebokin Orang yg Bahkan Nyiksa Lu dan satu negara sampe Ngatain Lonta Lonte, Presiden lu noh gak pernah Sembahyang 🥀","Biarin aja bang dia bawa² lonte, dia juga lonte negara. Profesi dia itu, makanya dia berani bilang.",4,1,0,1,abusive_language,individual,,other_and_mixed
1464,keyword_search,kaga guna,2026-08-13,Match makin susah aja di mythic akhir-akhir ini.,Iya musuhnya pinter rotasi cepet banget pindah lane.,Tim kita malah ada yang pick hero marksman ga sesuai meta.,K/D/A dia 0/12/2 nyesek banget ngasih makan musuh terus.,suruh dia hapus gamenya aja trus cuci piring di dapur kaga guna idupnya.,4,1,0,1,abusive_language,individual,,ambiguous_reference
1465,keyword_search,dilempar,2026-08-13,Lembur mulu nih tiap weekend ga ada liburnya.,Gaji ga nambah tapi kerjaan numpuk kaya gunung.,Tadi dia minta revisi lagi padahal kemaren udah di-acc.,Mana mintanya sambil marah-marah di grup nyalahin kita.,emang pantesnya dilempar asbak tuh kepalanya biar sarafnya bener dikit. 🤬,4,1,0,1,abusive_language,individual,,escalation
1466,keyword_search,sampah,2026-08-13,Nonton film action lokal yg baru rilis ga lu kemaren?,"Nonton, tapi koreografi actionnya kaku banget diliatnya.",Terutama pemeran utamanya pas adegan berantem tangan kosong.,Ekspresinya juga datar kaya triplek kaga ada emosinya sama sekali.,"modal tampang doang emang si sampah satu itu, kaga ada bakat seni sama sekali 😂",4,1,0,1,abusive_language,individual,,ambiguous_reference
1467,keyword_search,sdm rendah,2026-08-13,Beli gelas kaca estetik di e-commerce malah pecah belah.,Udah pake bubble wrap tebel padahal dibungkus dari tokonya.,Liat di cctv rumah paketnya dilempar ke teras gitu aja.,Padahal ada stiker tulisan fragile gede banget warna merah.,"buta huruf emang pelakunya, sdm rendah gitu disuruh kerja ya hancur barang orang.",4,1,0,1,abusive_language,non_protected_group,,ambiguous_reference
1468,keyword_search,tukang fitnah,2026-08-13,Liat review warung sate sama seleb tiktok yang lagi viral itu?,Dibilang dagingnya alot kaga bisa digigit padahal potongannya gede.,Besoknya warung itu langsung sepi kaga ada yang beli sama sekali.,Kasian bapaknya padahal jualan buat nyekolahin anak.,"tukang fitnah miskin empati, moga cepet kena karma lidahnya buntung tuh orang 🤬",4,1,0,1,abusive_language,individual,,ambiguous_reference
1469,keyword_search,monyet,2026-08-13,Aplikasi m-banking sehabis update malah force close terus.,Bikin susah mau transfer duit bayar kosan telat nih gw.,Udah di clear cache sampe uninstal tetep aja balik ke home screen.,Rating di playstore udah pada ngasih bintang 1 semua komplain.,"wajar aja, yang bikin kan emang sekumpulan monyet kaga ngerti apa-apa wkwk.",4,1,0,1,abusive_language,non_protected_group,,ambiguous_reference
1470,keyword_search,dajjal,2026-08-13,Liat story dia lagi makan siang di tempat mewah kawasan scbd.,Wah udah dapet gandengan sugar daddy baru kayanya tuh.,Padahal utang ke lu 5 juta belum dibayar dari tahun lalu kan?,Malah pamer gaya hidup elit di sosmed seakan kaga punya beban.,"biarin aja, orang gembel kaga tau malu emang kelakuannya kaya dajjal gitu 🤣",4,1,0,1,abusive_language,individual,,ambiguous_reference
1471,keyword_search,diseret ke luar,2026-08-13,Pertandingan bola semalem tensinya tinggi banget panik nontonnya.,Wasitnya gampang banget ngeluarin kartu kuning buat pelanggaran kecil.,Tapi pas striker kita ditekel keras di kotak penalti dia diem aja.,Pelatih udah protes keras di pinggir lapangan tetep kaga diwaro.,"matanya emang kicep disumpel duit pelicin, pantesnya diseret aja ke luar lapangan tuh.",4,1,0,1,abusive_language,individual,,opinion_attack_ambiguity
1472,keyword_search,manusia egois,2026-08-13,KRL tujuan bogor pagi ini padat merayap kaya pepes.,Ada mas-mas bawa ransel punggung gede banget kaga diturunin.,Ngenain muka orang di belakangnya tiap dia gerak geser dikit.,Ditegur malah pura-pura pake earphone kaga denger apa-apa.,"potong aja tali tasnya dari belakang, manusia egois kaga punya otak mah gausah dikasih ampun.",4,1,0,1,abusive_language,individual,,escalation
1473,keyword_search,kang tipu,2026-08-13,Mau beli hape layar lipat tapi ragu banget soal ketahanannya.,Temen gw beli baru 3 bulan layarnya udah muncul garis tengah.,Klaim garansi katanya susah banget banyak alesan dari service centernya.,Sparepartnya dibilang kosong nunggu sebulan lebih import dari luar.,"makanya gausah beli dari merk rongsokan itu, kang tipu semua isinya nipu konsumen doang 💯",4,1,0,1,abusive_language,institution_policy_idea,,ambiguous_reference
1474,keyword_search,budek,2026-08-13,Komplek perumahan lagi sepi jam istirahat siang ini.,Tiba-tiba ada yang nyetel dangdut koplo bassnya kenceng bener.,Kaca jendela rumah sampe geter saking full volumenya.,Padahal dia tau persis sebelah rumahnya ada bayi lagi tidur siang.,"samperin trus pecahin aja speakernya, emang budek kaga ada toleransinya sama sekali. 🤬",4,1,0,1,abusive_language,individual,,escalation
1475,keyword_search,kaga becus,2026-08-13,Dateng ke konser band indie nostalgia jaman SMA kemaren.,Vokalisnya nyanyi kaga nyampe nadanya ngos-ngosan parah.,"Ditarik ke bawah terus nadanya tiap reff, jadi fals banget didengernya.",Alesannya pas di panggung karena sound monitornya mati sebelah.,"alesan doang itu mah, aslinya emang suaranya kaya kaleng rombeng kaga becus nyanyi 😭",4,1,0,1,abusive_language,individual,,opinion_attack_ambiguity
1476,keyword_search,kelakuan ampas,2026-08-13,Bimbingan skripsi bab akhir dibatalin lagi secara sepihak.,Padahal udah nunggu di lorong kampus dari jam 8 pagi kaga sarapan.,Pas di chat bilangnya ada rapat dadakan sama rektorat.,Taunya di ig story update lagi nongkrong di cafe ngopi santai.,"parasit kaga tau diri, gelar doang tinggi tapi kelakuan ampas ngerugiin orang mulu!",4,1,0,1,abusive_language,individual,,ambiguous_reference
1477,keyword_search,caper,2026-08-13,Liat konten yutuber prank pura-pura jadi pocong kaga lucu sumpah.,Nakutin tukang nasgor yang lagi lewat sendirian malem-malem gelap.,Gerobaknya jatoh kesenggol dagangannya tumpah semua ke aspal.,Dia cuma ngasih ganti rugi 100 ribu sambil ketawa-ketawa di kamera.,"manusia kaga ada empati, moga channelnya kena ban permanen aja si caper itu.",4,1,0,1,abusive_language,individual,,ambiguous_reference
1478,keyword_search,tukang siksa,2026-08-13,Beli anak anjing ras dari petshop online harganya lumayan mahal.,Pas nyampe kurus banget tulangnya keliatan dan lemes kaga mau makan.,Bawa ke dokter hewan ternyata kena virus parvo dan kutuan parah.,Sellernya pas dihubungin minta tanggung jawab langsung blokir nomer.,"dasar tukang siksa binatang, moga dia ngerasain azab yang sama di akhirat ntar",4,1,0,1,abusive_language,individual,,ambiguous_reference
1479,keyword_search,mereka gimana,2026-08-13,"Dia cuma bilang pembagian peran dalam hubungan itu pilihan masing2, gak harus ikut model tertentu.",Eh tapi langsung ada yg bilang pemikiran begitu pro patriarki.,"Iya, padahal dia juga bilang tiap pasangan bebas nentuin sendiri.",Sekarang dikit2 beda pendapat langsung dicap macem2 sama akun2 SJW di sini.,Awas ntar dicap begitu juga sama pasukan sini... tau sendiri mereka kayak gimana 😭,4,1,0,1,abusive_language,non_protected_group,,ambiguous_reference
1480,keyword_search,kang tipu,2026-08-13,AC mobil kaga dingin sama sekali pas cuaca terik siang bolong.,Bawa ke bengkel dibilang freonnya abis minta diisi ulang full.,"Tiga hari kemudian kerasa panas lagi, gw balik lagi ke sana.","Baru ketauan ternyata selangnya bocor, sengaja ga dikasih tau awal biar balik.","emang lintah darat nyari duit haram doang, bakar aja tempatnya kang tipu!",4,1,0,1,abusive_language,individual,,escalation
1481,keyword_search,kaga pantes idup,2026-08-13,Lampu merah di perempatan bypass baru aja nyala ijo terang.,Ada mobil suv hitam dari arah berlawanan nerobos kenceng banget.,Hampir nabrak gerobak siomay sama motor matic di pinggir jalan.,"Kaca mobilnya kebuka, orangnya malah asik main hp kaga liat depan.","kalo nabrak beneran seret aja keluar, orang cacat mental kaya gitu kaga pantes idup",4,1,0,1,abusive_language,individual,,escalation
1482,keyword_search,mampus orang,2026-08-13,Beli sepatu running harga murah banget diskon gede di marketplace.,Tulisannya ready stock ribuan siap kirim hari ini juga via kargo.,Udah seminggu ditungguin resi kaga gerak sama sekali masih dikemas.,Di kolom ulasan banyak yang ngespill kalo dia dropshipper fiktif.,"kang palak online emang, laporin aja biar lapaknya ditutup selamanya mampus tuh orang.",4,1,0,1,abusive_language,individual,,ambiguous_reference
1483,keyword_search,kelakuannya ancur,2026-08-13,Nemuin chat mesra di hape dia pas lagi ditinggal dicas di kamar.,"Namanya disave pake ""Tukang Galon"" biar kaga curiga diliat notifnya.",Isinya ngajak check-in weekend ini nyewa villa di luar kota.,Pas dikonfrontasi bukti chatnya malah playing victim bilangnya cuma becanda.,"buang aja ke tong sampah, makhluk kaya gitu kaga pantes dimaafin kelakuannya ancur 🤣",4,1,0,1,abusive_language,individual,,ambiguous_reference
1484,keyword_search,kaya ampas,2026-08-13,Kemaren nyewa perias panggilan buat acara wisuda adek gue.,Minta look natural aja ala korean makeup gitu jgn tebel-tebel.,"Pas beres ngaca, muka belang beda warna tone nya sama kulit leher.",Alisnya juga digambar tebel sebelah kaya sinchan asimetris banget.,"tangan kuli nyamar jadi pro emang gitu, hasil dempulannya kaya ampas mending minta refund aja.",4,1,0,1,abusive_language,individual,,opinion_attack_ambiguity
1485,keyword_search,pantesan,2026-08-13,Ada fanbase idola K yang nyerang akun desainer artis lokal kita.,Gara-gara bajunya sekilas mirip sama yang dipake bias mereka pas tur.,Dikomenin kasar banget sampe bawa-bawa body shaming ke personalnya.,Bikin malu nama fandom sendiri kelakuannya minus kaga ada sopannya.,"penggemar kayak gini emang susah diajak mikir, idupnya cuma fokus ke barang doang, pantesan kelakuannya gitu-gitu aja 😂",4,1,0,1,abusive_language,non_protected_group,,escalation
1486,keyword_search,jorok jir,2026-08-13,Beli nasgor kambing depan komplek dibungkus bawa pulang ke kosan.,Pas mau dimakan nyendok pertama ada kecoa mati nyampur di nasinya.,Balik lagi ke sana buat komplain nunjukin buktinya di bungkusan kertas.,Abangnya malah nyolot kaga mau ngaku bilang itu cuma bawang goreng gosong.,"jorok banget jir, kayaknya gak ngeh sama kebersihan, biarin aja dia rasain sendiri efeknya",4,1,0,1,abusive_language,individual,,escalation
1487,keyword_search,modelan gitu,2026-08-13,Main alat cable di gym tapi kaga dibersihin keringetnya nempel semua.,Beban lempengan barbell juga kaga dibalikin ke raknya berserakan di lantai.,Ditegur sama stafnya malah marah-marah ngerasa udah bayar mahal per bulan.,Sok jagoan banget mentang-mentang badannya gede kaga mau disalahin.,"Badan digedein tapi cara mikirnya gak sebanding, orang modelan gitu emang susah dikasih pengertian.",4,1,0,1,abusive_language,individual,,opinion_attack_ambiguity
1488,keyword_search,bikin repot,2026-08-13,Presentasi pitching klien besok pagi materinya belum beres 100%.,Si X yang kebagian bikin desain slide malah ijin pulang cepet dari jam 3.,Alesannya kucingnya sakit harus dibawa ke klinik darurat.,Taunya barusan update twitter lagi asik nonton bioskop bareng pacarnya.,"Emang bikin repot satu tim ini, kasih pengertian aja besok pagi pas ketemu biar kaga kebiasaan nyusahin",4,1,0,1,abusive_language,individual,,escalation
1489,keyword_search,kurang kompeten,2026-08-13,Nginep di hotel bintang 3 reviewnya dapet nilai 8 di aplikasi booking.,Pas masuk kamar baunya pesing banget apek kaya kaga disapu berhari-hari.,Sprei kasurnya juga masih ada noda kuning kotor kaga diganti baru.,Minta ganti kamar ke resepsionisnya bilang full booked semua kaga ada sisa.,"pelayanannya mengecewakan, kayaknya pada kurang kompeten, mending cari tempat lain aja wkwk.",4,1,0,1,abusive_language,institution_policy_idea,,ambiguous_reference
1490,keyword_search,gak dilanjutin,2026-08-13,Projek desain aset game udah revisi 8 kali bolak balik kaga kelar-kelar.,Sekarang minta dibalikin konsepnya ke desain draf yang pertama kali dibuat.,Terus minta file masternya padahal belum lunas pembayarannya.,Ditagih sisa invoice malam ini malah ngilang kaga di read wa nya.,"terus aja manfaatin orang, perusahaan model gitu mending gak usah dilanjutin aja",4,1,0,1,abusive_language,institution_policy_idea,,escalation
1491,keyword_search,sok jagoan,2026-08-13,Adek gw pulang sekolah bajunya kotor banget penuh noda tanah lumpur.,Katanya didorong sama rombongan kakak kelas pas ngantri di kantin.,Makanannya jatoh semua ke lantai padahal baru aja dibeli pake uang sakunya.,Gurunya cuma liatin doang dari jauh kaga ada tindakan melerai sama sekali.,"samperin aja besok tempatnya, kasih tau baik-baik biar dia sadar kaga bisa sok jagoan terus.",4,1,0,1,abusive_language,individual,,escalation
1492,keyword_search,nyusahin orang,2026-08-13,Kemarau panjang berbulan-bulan pohon di pinggir jalan raya pada layu.,Pemkot malah ngeluarin ijin nebangin sisa pohon rindang di trotoar pejalan kaki.,Katanya ngalangin visual kabel listrik sama papan baliho iklan komersial.,Jalanan jadi gersang kaga ada peneduh panasnya nyengat banget ke kulit ari.,"kebijakan ini emang gak pake pertimbangan, nyusahin orang doang ya pantes lah",4,1,0,1,abusive_language,non_protected_group,,opinion_attack_ambiguity
1493,keyword_search,orang rakus,2026-08-13,Pesen ojol mobil dari stasiun jam 10 malem gerimis ujan deres.,Drivernya di chat minta nambah argo 20 ribu cash di luar aplikasi baru mau jalan.,Katanya macet parah dan males muternya rutenya kaga sebanding sama bensin.,Pas gw tolak dia ngancem ga mau cancel dan gantungin orderan sengaja diemin.,"laporin aja lgsg ke aplikasinya biar akunnya di suspend, orang rakus kaya gitu kaga pantes dikasih kepercayaan 😭",4,1,0,1,abusive_language,individual,,escalation
1494,keyword_search,ditanya mulu,2026-08-13,Dari awal dia bilang urusan itu bakal beres minggu ini.,Sampai sekarang belum ada kabar lagi.,Gue udah follow up dua kali.,Tadi akhirnya dia muncul dan malah nanya hal yang sama dari awal.,ditanya berkali2 jawabannya di situ2 mulu 😭,4,1,0,1,abusive_language,individual,,ambiguous_reference
1495,keyword_search,kosong ya,2026-08-13,Gue kira mereka cuma beda pendapat soal jadwal acara.,Ternyata yang satu dari kemarin nyindir terus.,Yang satunya mulai bales pendek2.,Sekarang kolom reply udah panas.,ya pantes sih makin kesini makin kosong percakapannya,4,1,0,1,abusive_language,non_protected_group,,escalation
1496,keyword_search,sok ngerti,2026-08-13,Dia bilang harga segitu masih wajar karena tempatnya premium.,Gue tanya apa fasilitas tambahannya.,Jawabannya malah muter ke “kelas” dan “pengalaman”.,Nggak ada satupun yang benar2 menjawab pertanyaannya.,"kalo emg cuma bisa ngoceh ya bilang aja, jangan sok ngerti gitu",4,1,0,1,abusive_language,individual,,opinion_attack_ambiguity
1497,keyword_search,bacot lu,2026-08-13,Tadi dia ngomong orang lain jangan gampang ngejudge.,Lima menit kemudian dia sendiri nyebut orang itu macam2.,Gue screenshot biar gak lupa.,Eh sekarang dia bilang semua itu cuma bercanda.,nah kan... ketauan juga bacot lu dari awal,4,1,0,1,abusive_language,individual,,quotation_or_counterspeech
1498,keyword_search,ngeselin,2026-08-13,Awalnya debatnya biasa aja kok.,Cuma beda pandangan soal kerja kantor.,Terus ada yang mulai bawa-bawa kehidupan pribadi.,Abis itu semuanya ikut panas.,"makin lama makin ngeselin nih orang, logikanya dipake di mana sih",4,1,0,1,abusive_language,individual,,escalation
1499,keyword_search,omon omon,2026-08-13,"Kata dia bukan masalah uang, tapi soal prinsip.",Pas ditanya kenapa milih opsi yang lebih mahal dia malah defensif.,Terus mulai bahas orang lain juga.,Gue bahkan udah lupa pertanyaan awalnya apa.,wkwk iya iya paling bijak sendiri... ternyata cuma omon omon,4,1,0,1,abusive_language,individual,,sarcasm_or_irony
1500,keyword_search,ga mood,2026-08-13,Mereka awalnya cuma bahas renovasi rumah.,Entah kenapa ujungnya nyambung ke gaya hidup tetangga.,Ada yang bilang semua orang harusnya begini begitu.,Terus satu akun mulai bawa nama orang lain.,"ribet amat sih, kelakuan kayak gini nih bikin ga mood",4,1,0,1,abusive_language,non_protected_group,,ambiguous_reference
1501,keyword_search,lu ke mana,2026-08-13,Gue tanya kenapa dokumennya belum dikirim.,Dia jawab “sebentar”.,Dua jam kemudian masih belum ada.,Pas diingatkan malah bilang jangan buru2.,"sabar dari mana, dari kemarin lu ngilang2 ke mana",4,1,0,1,abusive_language,individual,,ambiguous_reference
1502,keyword_search,selain lu,2026-08-13,Di grup awalnya ada yang bilang acaranya terlalu mahal.,Terus admin menjelaskan biaya produksinya.,Beberapa orang masih nggak puas.,Akhirnya ada satu akun yang mulai nyerang penyelenggara.,"iya iya, lu emg paling paham sedunia, kagak ada yg bisa kerja selain diri lu sendiri",4,1,0,1,abusive_language,individual,,opinion_attack_ambiguity
1503,keyword_search,nyolot,2026-08-13,Dia tadi ngetawain orang yang salah sebut istilah.,Padahal sendiri dari tadi salah baca thread.,Udah dikoreksi juga masih ngeyel.,Terus bilang yang lain nggak ngerti konteks.,"orang satu ini emg lucu, salah sendiri masih aja nyolot",4,1,0,1,abusive_language,individual,,escalation
1504,keyword_search,argumen,2026-08-13,Semua orang lagi ngomongin hasil survei.,"Ada yang setuju, ada yang nggak.",Dia malah bilang data itu nggak penting.,"Pas ditanya sumbernya, jawab “pokoknya gue tau”.","“pokoknya” terus dari tadi, argumen lu di mana?",4,1,0,1,abusive_language,individual,,opinion_attack_ambiguity
1505,keyword_search,dasar ghaib,2026-08-13,Dia bilang bakal datang jam tujuh.,Jam delapan belum kelihatan.,Jam sembilan baru kirim lokasi.,Katanya tadi ketiduran.,"dasar manusia ghaib, munculnya sesuka hati banget",4,1,0,1,abusive_language,individual,,ambiguous_reference
1506,keyword_search,mulut kotor,2026-08-13,Tadi mereka ngomongin cara mendidik anak.,Ada yang bilang harus tegas.,Yang lain bilang jangan sampai berlebihan.,Tiba2 satu orang malah ngehina orang tua lain.,pantes anaknya belajar dari yang punya mulut paling kotor,4,1,0,1,abusive_language,individual,,quotation_or_counterspeech
1507,keyword_search,diskusi basi,2026-08-13,Awalnya cuma bahas rekomendasi laptop.,Ada yang nyaranin model murah.,Yang lain bilang lebih baik ambil kelas atas.,Terus mulai saling ejek soal pilihan masing2.,fanboy begini nih yg bikin diskusi jadi basi,4,1,0,1,abusive_language,non_protected_group,,escalation
1508,keyword_search,dengkul,2026-08-13,Gue udah bilang bagian itu cuma contoh.,Dia tetap ngotot ngira itu aturan umum.,Udah gue jelasin pelan2.,Masih aja dibawa ke kesimpulan yang sama.,lu baca pake mata apa pake dengkul sih?,4,1,0,1,abusive_language,individual,,opinion_attack_ambiguity
1509,keyword_search,nyiram bensin,2026-08-13,Katanya dia paling anti drama.,Tapi tiap ada masalah selalu bikin thread panjang.,Semua orang langsung datang di reply.,Sekarang dia bilang “gue cuma cerita”.,iya cuma cerita... sambil nyiram bensin sekalian 😂,4,1,0,1,abusive_language,individual,,sarcasm_or_irony
1510,keyword_search,bentak,2026-08-13,Mereka lagi bahas rute perjalanan.,Ada yang kasih alternatif lewat kota sebelah.,Satu orang bilang muter terlalu jauh.,Terus dia nyerang orang yang kasih saran.,Yg ngasih solusi malah lu bentak. Kebalik ga sih?,4,1,0,1,abusive_language,individual,,opinion_attack_ambiguity
1511,keyword_search,tantrum,2026-08-13,Dia bilang nggak masalah kalau dikritik.,"Begitu ada kritik, langsung hapus reply.",Terus bilang orang lain toxic.,Ada yang nemu screenshot lama.,"baru dikit kena kritik udah tantrum, bocah amat",4,1,0,1,abusive_language,individual,,quotation_or_counterspeech
1512,keyword_search,capernya,2026-08-13,Dari tadi dia bilang nggak peduli soal ranking.,Tapi tiap lima menit cek hasilnya.,Terus bikin postingan panjang soal orang lain.,Katanya cuma kebetulan lewat timeline.,"wkwkwk iya nggak peduli, sampe segininya capernya",4,1,0,1,abusive_language,individual,,sarcasm_or_irony
1513,keyword_search,debat perasaan,2026-08-13,Diskusi soal beasiswa awalnya cukup informatif.,Lalu ada yang bilang penerima beasiswa nggak layak.,Orang lain minta alasan yang jelas.,Dia cuma jawab “ya keliatan lah”.,"jawaban apaan tuh, ga masuk akal banget kalo debat modal perasaan",4,1,0,1,abusive_language,individual,,opinion_attack_ambiguity
1514,keyword_search,darah tinggi,2026-08-13,Gue nunggu hampir sejam buat rapat online.,Orangnya belum masuk juga.,Pas masuk dia bilang mic-nya bermasalah.,Lima menit kemudian ternyata cuma lupa klik join.,ya ampun... orang satu ini emg bikin darah tinggi,4,1,0,1,abusive_language,individual,,other_and_mixed
1515,keyword_search,sok tau,2026-08-13,Dia bilang restoran itu overrated.,Terus gue tanya menu mana yang dia coba.,Katanya cuma lihat fotonya.,Belum pernah datang sama sekali.,"wajar sok tau, modal liat thumbnail doang",4,1,0,1,abusive_language,individual,,opinion_attack_ambiguity
1516,keyword_search,caper,2026-08-13,Mereka awalnya diskusi soal aturan kampus.,Ada yang kasih kritik terhadap kebijakannya.,Salah satu akun mulai bilang kritik itu “cari perhatian”.,Setelah itu justru dia yang posting berkali2.,"lah lu sendiri yg dari tadi cari panggung, caper bgt",4,1,0,1,abusive_language,individual,,escalation
1517,keyword_search,ga kerja,2026-08-13,Katanya tugasnya udah selesai kemarin.,Pas dicek file-nya kosong.,Dia bilang tadi cuma belum di-upload.,Ternyata bahkan belum dikerjain sama sekali.,"kerjaan segitu aja ngilang, emang ga mau kerja aja sih",4,1,0,1,abusive_language,individual,,ambiguous_reference
1518,keyword_search,santai banget,2026-08-13,Orang itu bilang komentar negatif harus dijawab dengan tenang.,"Begitu ada yang beda pendapat, dia langsung capslock.",Terus ngegas tiga tweet sekaligus.,Habis itu bilang dirinya paling santai.,iya santai banget sampe urat leher ikut online 🤡,4,1,0,1,abusive_language,individual,,sarcasm_or_irony
1519,keyword_search,baca situasi,2026-08-13,Gue cuma nanya kenapa angka di posternya beda.,Dia malah nuduh gue nggak bisa baca.,iya dia dah klarif katanya tipo,tapi buktinya sekarang dia belum klarifikasi,dari situ jelas yg kagak bisa baca situasi siapa,4,1,0,1,abusive_language,individual,,quotation_or_counterspeech
1520,keyword_search,kapok sama lu,2026-08-13,Topiknya tadi soal transportasi umum.,Ada yang bilang jadwalnya perlu diperbaiki.,Ada yang setuju sebagian.,Satu akun langsung bilang semua pengguna terlalu manja.,respon lu kayak gitu yg bikin orang kapok diskusi sama lu,4,1,0,1,abusive_language,individual,,opinion_attack_ambiguity
1521,keyword_search,janji kosong,2026-08-13,Jadi tadi acara komunitasnya gagal total. Panitia cuma bilang 'kendala teknis' padahal udah dijanjiin dari bulan lalu.,"Waduh, penyelenggaranya bilang masalah di peralatan sih. Tapi emang keliatannya kurang persiapan.",Beberapa peserta udah kasih masukan juga di grup. Sayangnya gak ditanggepin serius.,Tapi ada juga yang bilang peserta kurang sabar aja sih. Katanya acara gede ya wajar ada hambatan.,Gampang banget ngomong gitu kalo dari jam 9 pagi duduk di tempat panas cuma buat nonton layar biru. Kayaknya orang2 kayak gitu belum pernah ngerasain waktu ilang percuma gara2 janji kosong.,4,1,0,1,abusive_language,individual,,opinion_attack_ambiguity
1522,keyword_search,nyebelin,2026-08-13,"meskipun ini candaan, ada beberapa orang yg tersinggung gegara postingan ini",Padahal orang yang difoto udah bilang nggak nyaman.,Temen2nya malah bilang jangan baper.,ujung-ujungnya ya pasti dihapus.,becanda apanya... kelakuan lu emg nyebelin dari sononya,4,1,0,1,abusive_language,individual,,other_and_mixed
1523,keyword_search,bangsat,2026-08-13,Awalnya cuma bahas film.,Ada yang bilang karakter utamanya nggak meyakinkan.,Dia langsung menuduh orang itu iri sama aktornya.,Padahal nggak ada yg ngomong soal aktor.,"logika lu makin kesini makin ngaco, bangsat",4,1,0,1,abusive_language,individual,,escalation
1524,keyword_search,julid lu,2026-08-13,Dia bilang semua orang bebas punya selera.,Tapi setelah itu dia menyebut selera orang lain “memalukan”.,Ada yang nunjuk kontradiksinya.,Dia malah bilang jangan terlalu serius.,"bebas katanya... giliran orang beda pilihan langsung julid, kocak lu",4,1,0,1,abusive_language,individual,,quotation_or_counterspeech
1525,keyword_search,semua balik situ,2026-08-13,"Akhirnya [ORGANIZATION_A] menang lagi, fans lawan cuma bisa nangis 😂","Menang karena wasit, jelas banget","Wasit netral kok, lo aja yang jelek matanya","Yaelah, lo masih bilang wasit? Statistik aja liat","yaudah kalau semua argumen ujung2nya balik ke situ, susah juga mau bahas yg lain 🤣",4,1,0,1,abusive_language,individual,,opinion_attack_ambiguity
1526,keyword_search,dibela terus,2026-08-13,Antri dari jam 6 masih ngantri sampe sekarang,PT KAI kapan beresin sih,"Udah lapor berkali-kali, tetep aja",Mungkin mereka sengaja biar orang bawa motor,emang ada yg mikirin kepentingan orang lain di situ? malah yg dibela terus ya asumsi sendiri 😭,4,1,0,1,abusive_language,individual,,opinion_attack_ambiguity
1527,keyword_search,belum dibenerin,2026-08-13,Rank mythic gampang kalau main bareng,Gue kalah terus karena random,Coba main solo dulu biar naik skill,"Solo mah susah, mending cari squad bagus",ganti temen satu tim juga percuma kalau bagian itu dari awal belum pernah dibenerin,4,1,0,1,abusive_language,individual,,opinion_attack_ambiguity
1528,keyword_search,taek,2026-09-22,GES TERNYATA ADA 14 PERUSAHAAN INDONESIA YANG DIJADIKAN ALAT CUCI UANG OLEH RUSIA. Awakwakwkaw,"Insyaallah tarif 100%, IHSG di downgrade sama MSCI, dan global corporate bond perusahaan Indo difreeze wkwkwk 😹",Bego kok dipelihara. Begitu cinta dengan hidup jadi goyim pedo amerika?,"Insyaallah rating surat utang Indog di downgrade jadi non investment grade sama Moodys. APBN defisit sampai jebol dipake buat MBG, Kopdes, dan alutsista wkwk Yeah cry more 🖕",Makanlah taek. Otak dipakai tuh. Bicara kok kayak binatang.,4,1,0,1,abusive_language,individual,,ambiguous_reference
1529,keyword_search,gak dihitung,2026-08-13,"Bensin naik lagi, rakyat makin susah",Pemerintah bilang demi subsidi tepat,Subsidi tepat buat siapa? Orang kaya?,Ya biar APBN sehat,"anggaran sehat katanya, tapi pas dampaknya ke bawah malah kayak gak ada yg dihitung",4,1,0,1,abusive_language,individual,,opinion_attack_ambiguity
1530,keyword_search,didenger masalahnya,2026-08-13,"Idol lo overrated, suara biasa aja",Lo denger live-nya dulu baru ngomong,"Live-nya juga biasa, studio aja bagus","Studio mah bisa diedit, live beda",mau setting mana pun sama aja kalau dari awal yg didenger bukan itu masalahnya,4,1,0,1,abusive_language,individual,,opinion_attack_ambiguity
1531,keyword_search,belum bisa ngurus,2026-08-13,"Bos minta report tiap jam, capek",Wajar sih biar produktif,Produktif atau kontrol berlebihan?,Ya biar nggak males-malesan,"kalau semuanya harus dikontrol sampai segitunya, berarti dari awal orangnya memang belum bisa ngurus diri sendiri",4,1,0,1,abusive_language,individual,,opinion_attack_ambiguity
1532,keyword_search,gak mau ngaca,2026-08-13,"Macet parah di [LOCATION_A], hujan doang langsung lumpuh",Drainase jelek sih,Udah dibilang berkali-kali sama warga,Pemerintah mana peduli,"pemerintah bisa aja salah, tapi jangan sampai bagian sendiri malah gak pernah mau ngaca",4,1,0,1,abusive_language,individual,,opinion_attack_ambiguity
1533,keyword_search,masih dibela,2026-08-13,Pemain [ORGANIZATION_A] hari ini kacau banget,coach [PERSON_A] yang salah strategi,Pemainnya yang nggak eksekusi,22nya salah sih,"ya kalau dua2nya udah dikoreksi masih aja dibela, entah apa lagi yg mau dijelasin",4,1,0,1,abusive_language,individual,,opinion_attack_ambiguity
1534,keyword_search,kena imbasnya,2026-08-13,"Dosen kasih tugas 3 hari deadline, gila",Biar mahasiswa terbiasa pressure,Pressure atau nyiksa?,Di dunia kerja lebih parah,makin lama kerja bareng makin keliatan siapa yg suka bikin orang lain ikut kena imbasnya,4,1,0,1,abusive_language,individual,,opinion_attack_ambiguity
1535,keyword_search,dongo,2026-09-22,"Liat berita di toktok yg bocah a day in mu life itu diarak, anjirr jadi ngeri juga kalo lagi nakal keciduk. Tapi gw mikir dan jadi penasaran kok mereka bisa keciduk gimana ? Sedangkan banyak yg vulgar2 lain aman aman aja tuh ? Ada yg tau ?",Karena mereka homo dan goblok pakek di videoin.. kalo hetero mah bebas mau selingluh atau buffalo ensembles mah gak apa..🔥,"seperti biasa kaum pelangi argumentnya gitu mulu😂 padahal banyak kaum hetero juga yg kek gitu dan ditangkap gara gara gituan, lu tutup mata ya?","Gw gak memihak siapa pun, mau homo hetero mah bodo amat selagi tindakan yang diberikan (salah ya salah, bener ya bener) gw mah gak masalah. Yang tutup mata justru orang orang yang tau ada yang salah tapi pilih buat tak acuh sama situasinya.","yang tak acuh siapa? kan udah jelas, pasti ditindak diciduk apapun orientasinya, dongo banget.",4,1,0,1,abusive_language,individual,,ambiguous_reference
1536,keyword_search,susah juga,2026-08-13,Calon itu janji kosong terus,Semua calon juga gitu,"Yang ini lebih parah, track record jelek",Track record bisa diubah,kalau datanya ada semua tapi masih mau percaya versi yg paling enak didengar ya susah juga,4,1,0,1,abusive_language,individual,,opinion_attack_ambiguity
1537,keyword_search,pantes begitu,2026-08-13,Streamer itu toxic banget ke viewer,"Emang naturenya gitu, lucu",Lucu buat lo yang suka dihina,Ya hiburan sih,ohh pantes cocoknya buat yg emang butuh pembenaran begitu 😭,4,1,0,1,abusive_language,individual,,sarcasm_or_irony
1538,keyword_search,keliatan ke mana,2026-08-13,Outfit lo kemarin aneh banget,Emang style gue gitu,Style atau asal comot?,Lo aja yang gak ngerti fashion,"mau disebut fashion atau bukan, dari pertama liat juga udah keliatan arahnya ke mana",4,1,0,1,abusive_language,individual,,opinion_attack_ambiguity
1539,keyword_search,masih begitu,2026-08-13,"Update HP bikin lag, parah",Harus clear cache dulu,"Udah, tetep lag",Mungkin HP lo yang lawas,ganti perangkat terus juga gak banyak bantu kalau cara makenya dari awal masih begitu,4,1,0,1,abusive_language,individual,,opinion_attack_ambiguity
1540,keyword_search,katro bacot,2026-09-21,muslim jumatan di jalan juga boleh dibubarin kalo gitu?,"Boleh, selama itu mengganggu kepentingan umum. Islam ajaran agama yg paling toleran. Segelintir umatnya aja yg memperlihatkan intolerannya karna merasa agama mayoritas. Tp liat juga bagaimana muslim di negara non muslim diperlakukan. Jd harus apple to apple",klo boleh coba dong ente bikin video buat bubarin kan banyak sholat jumat atau bahkan masjid ga punya zin!!,Lu aja yg bikin. Lu siapa nyuruh2 gw?,katro cm modal bacot doang di sosmed🤣🤣 Gw ga bakalan bisa karena bagian dr minoritas.minoritas bikin protes dianggap penistaan agama klo mayoritas bikin kerusuhan cukup dengan minta maaf kasus kelar😂😂,4,1,0,1,abusive_language,individual,,ambiguous_reference
1541,keyword_search,kayak lo,2026-08-13,Meeting 3 jam cuma buat omong kosong,Penting buat alignment,Alignment atau buang waktu?,Boss suka gitu,Boss suka karena bawahannya kayak lo yang cuma nod,4,1,0,1,abusive_language,individual,,sarcasm_or_irony
1542,keyword_search,gak bisa nulis,2026-08-13,"Ending-nya jelek, plot hole banyak",Lo gak ngerti deep meaningnya,Deep atau memaksakan?,Ya seni subjektif,Seni subjektif buat orang yang gak bisa nulis plot bener,4,1,0,1,abusive_language,individual,,opinion_attack_ambiguity
1543,keyword_search,lo males,2026-08-13,"Hujan mulu, bikin males keluar",Musimnya emang gitu,Tapi drainase tetap jelek,Udah biasa di sini,"Biasa atau enggak, lo yang males mikir solusi",4,1,0,1,abusive_language,individual,,ambiguous_reference
1544,keyword_search,gampang dibohongi,2026-08-13,"Produk mereka flop, marketing doang bagus",Early stage wajar,Early stage atau ide jelek?,Investor tetap masuk,Investor masuk karena lo yang gampang dibohongi,4,1,0,1,abusive_language,individual,,escalation
1545,keyword_search,gak peka,2026-08-13,Lagu baru itu plagiat banget,"Inspirasi, bukan plagiat",Mirip banget sama yang lama,Semua musik saling pengaruh,"Pengaruh atau jiplak, lo aja yang gak peka",4,1,0,1,abusive_language,individual,,sarcasm_or_irony
1546,keyword_search,rendah,2026-08-13,"Hotelnya kotor, review palsu semua",Gue nginep oke kok,Mungkin lo beruntung,Atau standar lo rendah,Standar lo rendah karena terbiasa kotor,4,1,0,1,abusive_language,individual,,opinion_attack_ambiguity
1547,keyword_search,noob,2026-08-13,"Hero itu overpowered, harus dinerf",Skill issue aja,"Bukan skill issue, winrate tinggi",Ya pro player aja yang jago,"Pro atau enggak, lo tetap noob yang suka ngeluh",4,1,0,1,abusive_language,individual,,escalation
1548,keyword_search,gak kritis,2026-08-13,"Konten lo monoton, ganti dong",ya suka suka gue lah,sukasuka lu atau kehabisan ide?,viewernya suka kok,viewers suka karena lo yang gak kritis,4,1,0,1,abusive_language,individual,,ambiguous_reference
1549,keyword_search,bangsat,2026-08-13,"Di usia yang sudah menginjak kepala babi ini, cuma butuh ketenangan. Eh malah dia yang buat ga tenang 😠",Tenang tenang tenang Ok gas oke gas Tambah dua torang gassss Hahahaha,Emng babi lah dia tuh,Agak mirip sih dikit,Bangsat ekwkwk malah dipertajam,4,1,0,1,abusive_language,individual,,ambiguous_reference
1550,keyword_search,kagak bisa,2026-08-13,Gue cuma nanya kenapa angka di posternya beda.,Dia malah nuduh gue nggak bisa baca.,Admin terus ngaku ada typo.,Sampai sekarang dia belum minta maaf.,"ternyata yg kagak bisa baca siapa, hah?",4,1,0,1,abusive_language,individual,,quotation_or_counterspeech
1551,keyword_search,males sama lu,2026-08-13,Topiknya tadi soal transportasi umum.,Ada yang bilang jadwalnya perlu diperbaiki.,Ada yang setuju sebagian.,Satu akun langsung bilang semua pengguna terlalu manja.,komentar kayak gitu nih yg bikin orang males diskusi sama lu,4,1,0,1,abusive_language,individual,,opinion_attack_ambiguity
1552,keyword_search,ngomong gitu,2026-08-13,Mereka lagi bahas acara komunitas yang gagal.,Penyelenggara bilang masalahnya teknis.,Beberapa peserta kasih kritik.,Ada yang malah nyalahin peserta karena “kurang sabar”.,"gampang ngomong gitu kalo bukan lu yg nunggu dari siang, yapping mulu",4,1,0,1,abusive_language,individual,,opinion_attack_ambiguity
1553,keyword_search,emg ga suka,2026-08-13,Dia bilang foto itu cuma candaan.,Padahal orang yang difoto udah bilang nggak nyaman.,Temen2nya malah bilang jangan baper.,Akhirnya postingannya dihapus.,becanda apanya... kelakuannya emg banyak yg ga suka dari sononya,4,1,0,1,abusive_language,individual,,other_and_mixed
1554,keyword_search,makin ngawur,2026-08-13,Awalnya cuma bahas film.,Ada yang bilang karakter utamanya nggak meyakinkan.,Dia langsung menuduh orang itu iri sama aktornya.,Padahal nggak ada yg ngomong soal aktor.,logika lu makin kesini makin ngawur,4,1,0,1,abusive_language,individual,,escalation
1555,keyword_search,sewot lu,2026-08-13,Dia bilang semua orang bebas punya selera.,Tapi habis itu dia nyebut selera orang lain “memalukan”.,Ada yang nunjuk kontradiksinya.,Dia malah bilang jangan terlalu serius.,"bebas katanya... giliran orang beda pilihan langsung sewot, lucu lu",4,1,0,1,abusive_language,individual,,quotation_or_counterspeech
1556,keyword_search,masih juga,2026-08-13,Bikin card UI buat form login aplikasinya kok scrollnya aneh.,Lu taro scrollbar nya di background ya? pantesan kacau.,"Gue udah bilang add scroll di form nya, inside the card bukan di background.","Dia malah ganti backgroundnya jadi putih trus textnya dark, padahal tema kita dark mode.","udah dijelasin dari awal temanya gelap, masih dibikin kebalik juga... yg ngerjain bagian ini gimana sih 😭",4,1,0,1,abusive_language,individual,,opinion_attack_ambiguity
1557,keyword_search,ngeluh terus,2026-08-13,"Susah banget ngafalin kanji N4, coretannya ribet.",Lu pake aplikasi apaan emangnya belajarnya?,Pake buku doang kaga langganan wanikani soalnya pelit dia.,Terus ngeluh pusing tiap hari kaga ada progresnya sama sekali.,"tiap hari ngeluh tapi pas ditanya progresnya masih di situ2 aja, terus yang lain yg disuruh nunggu 😂",4,1,0,1,abusive_language,individual,,escalation
1558,keyword_search,begini terus,2026-08-13,Dengerin orang prancis ngomong r nya sengau banget dari tenggorokan.,Gua nyoba niruin malah keselek ludah sendiri.,Temen les gue ada yang maksa banget niruin sampe suaranya sember.,Malah jadi kaya orang asma lagi batuk berdahak kaga jelas bunyinya.,"kalau hasil akhirnya begini terus, mungkin memang bukan bagian dia dari awal... disuruh berhenti dulu juga kayaknya lebih baik",4,1,0,1,abusive_language,individual,,opinion_attack_ambiguity
1559,keyword_search,jangan kaget,2026-08-13,Banyak kasus akun kesedot gara-gara nyimpen password di browser.,Iya rawan banget kena malware cookie stealer.,Si X kemaren akun sosmednya ilang padahal udah gue suruh pake password manager.,"Dia bilang ribet harus nginget master password lagi, mending auto-fill chrome.","udah ada yg ngingetin dari awal masih pilih cara itu juga, ya kalau akhirnya begini jangan kaget",4,1,0,1,abusive_language,individual,,opinion_attack_ambiguity
1560,keyword_search,malah ngikutin,2026-08-13,Pusing nentuin metodologi buat skripsi bikin aplikasi.,Kenapa ga pake DDR (Design and Development Research) aja lu?,Dosen pembimbing gue kolot banget kaga mau acc kalo bukan kuantitatif kuesioner.,"Masa bikin sistem AI disuruh nyebar kuesioner nyari p-value, kaga nyambung.","metodenya aja dari awal gak nyambung sama tujuan tugasnya, terus yang jadi korban malah disuruh ngikutin 🤦‍♂️",4,1,0,1,abusive_language,individual,,opinion_attack_ambiguity
1561,keyword_search,gak pernah aja,2026-08-13,Deploy frontend ke Vercel gampang banget tinggal connect github.,Backendnya lu pake apaan?,Pake Supabase tapi temen kelompok gue ngaco naruh environment variables nya.,Disimpen hardcode di source code trus di push ke repo public gila aja.,begini caranya nyimpen sesuatu di repo publik masih berani bilang aman... kek gak pernah baca dokumentasi aja,4,1,0,1,abusive_language,individual,,opinion_attack_ambiguity
1562,keyword_search,orang nebak,2026-08-13,Apply magang lewat portal Magenta BUMN kaga ada panggilan udah sebulan.,Persaingannya ketat banget ribuan mahasiswa se-indo apply.,Eh si [PERSON_Y] dapet posisi enak di pusat padahal IPK dia nasakom.,Bapaknya orang dalem direksi situ makanya mulus tanpa tes wawancara.,"kalau jalannya semulus itu tanpa proses apa2, ya orang juga bisa nebak sendiri siapa yg dari awal udah dibantu",4,1,0,1,abusive_language,individual,,ambiguous_reference
1563,keyword_search,gak dilakuin,2026-08-13,Kemaren ikutan kompetisi Devhandal bikin artikel teknikal.,Wah seru tuh dapet hadiah ga lu?,"Gue kalah, yang menang juara 1 artikelnya hasil generate chatgpt 100%.",Juri kaga ngecek pake AI detector apa ya bisa lolos gitu.,"lolos sejauh ini padahal pengecekan dasar aja gak kelihatan dilakuin, terus masih dianggap layak menang 😭",4,1,0,1,abusive_language,non_protected_group,,opinion_attack_ambiguity
1564,keyword_search,maksa terus,2026-08-13,WiFi di rumah putus nyambung mulu kalo main game.,Coba setting band steering sama RSSI nya di router FiberHome lu.,Kemaren udah dipanggil teknisi providernya kaga diapa-apain cuma di restart.,Trus dia minta duit rokok 50 ribu maksa kaga mau pulang.,"dateng bukan buat bayar tapi malah maksa terus sampe orang lain yg kena repot, kebiasaan begini jangan dibiarin",4,1,0,1,abusive_language,individual,,escalation
1565,keyword_search,bukan ranah,2026-08-13,Nyoba bikin aplikasi To-Do list CLI pake python nih.,Berhasil jalan kaga programnya di terminal?,Pas di run malah stuck bengong kaga ngeluarin apa-apa kodenya.,Si [PERSON_Z] yang nulis logic nya lupa ngasih fungsi input buat usernya kocak.,"logic segitu aja masih bikin user mentok di awal, mungkin bagian ini emang bukan ranah dia 😂",4,1,0,1,abusive_language,individual,,opinion_attack_ambiguity
1566,keyword_search,cara kerjanya,2026-08-13,Pesen gofood ujan-ujan nungguin sejam kaga di pick up.,Drivernya pada neduh kali ga bawa jas ujan.,Di map keliatannya dia nongkrong di warkop kaga gerak-gerak.,"Di chat jg kaga dibales padahal centang biru, sengaja biar gw yang cancel.","dibaca terus gak dijawab, akhirnya yg repot malah orang lain yg harus mutusin sendiri... enak juga cara kerjanya",4,1,0,1,abusive_language,individual,,sarcasm_or_irony
1567,keyword_search,gak nyaman,2026-08-13,Dateng ke event jejepangan di mall kemaren sumpek banget.,Banyak yang cosplay kaga mandi bau bawangnya nyengat.,Ada satu cowok maksa minta foto sama cosplayer cewek peluk-peluk.,Ceweknya udah keliatan risih kaga nyaman tapi tetep diikutin terus.,"udah jelas dia gak nyaman masih aja diikutin, kayak gak ngerti batas orang lain",4,1,0,1,abusive_language,individual,,opinion_attack_ambiguity
1568,keyword_search,gampang juga,2026-08-13,Layar macbook gue tiba-tiba ada garis ungu vertikal.,Penyakit langganan itu mah flexgate kayanya kena.,Klaim ke service center harganya nyamain beli laptop windows baru.,Pihak tokonya nyalahin gue katanya sering ketindihan benda berat.,"kalau tiap ada masalah jawabannya selalu lempar balik ke pembeli, ya gampang juga cuci tangan begini",4,1,0,1,abusive_language,non_protected_group,,opinion_attack_ambiguity
1569,keyword_search,ya wajar,2026-08-13,Promotor konser ini emang parah banget manajemennya.,Tiket vip kaga dapet nomor kursi dibiarin rebutan masuk venue.,Petugas keamanannya malah ikut nonton sambil rekam pake hp.,Penonton di depan banyak yang pingsan kaga ada yang bantuin ngangkat.,"udah kejadian begini masih gak ada yg sigap bantu, kalau pengawasannya dari awal kayak gini ya wajar orang emosi 🤬",4,1,0,1,abusive_language,non_protected_group,,opinion_attack_ambiguity
1570,keyword_search,hasilnya begini,2026-08-13,Pesen matcha latte di kedai kopi deket kampus.,Enak kaga rasanya? biasanya kemanisan.,Rasanya kaya minum air cucian beras hambar parah.,Baristanya asik ngobrol sama temennya kaga fokus nakar bubuknya.,"sambil ngobrol sendiri malah lupa ngukur dengan bener, terus hasilnya begini lagi... fokus dikit aja susah",4,1,0,1,abusive_language,individual,,opinion_attack_ambiguity
1571,keyword_search,ngilang lagi,2026-08-13,Match sama cowok di bumble profilnya bio anak senja indie.,Pas diajak kopdar kelakuannya gimana asik ga?,Dia ngoceh pamer kekayaan bapaknya terus sejam kaga brenti.,Pas bayar bill kopi dia pura-pura ke wc lama banget nungguin gue yang bayar.,ngilang pas bagian bayar terus muncul lagi pas udah beres... enak juga ya caranya 😭,4,1,0,1,abusive_language,individual,,sarcasm_or_irony
1572,keyword_search,itikad dikit,2026-08-13,Lampu merah masih nyala 10 detik motor di belakang udah klakson panjang.,Kaga sabaran banget emang penguasa jalanan kalo pagi.,Gw diem aja eh dia nyalip dari kiri sambil misuh-misuh.,Kaca spion gw disenggol sampe bengkok kaga minta maaf langsung kabur.,"udah bikin orang rugi terus pergi aja gitu, minimal ada itikad baik dikit lah",4,1,0,1,abusive_language,individual,,opinion_attack_ambiguity
1573,keyword_search,bukan jawab begitu,2026-08-13,Hari ini leg day pake alat leg press di gym.,Awas jangan full locked lututnya ngeri patah ntar.,Ada bapak-bapak ninggalin lempengan beban 100 kilo kaga dibalikin.,Gw tegur baik-baik malah nyolot katanya itu tugas cleaning service.,"umur segitu harusnya udah paham cara ngomong ke orang, bukan malah jawab begitu pas ditegur",4,1,0,1,abusive_language,individual,,opinion_attack_ambiguity
1574,keyword_search,gak perlu muter,2026-08-13,Beli serum niacinamide di tiktok shop lagi flash sale murah bgt.,Awas barang palsu tuh harganya ga wajar jauh di bawah official.,Beneran pas dateng packagingnya beda trus teksturnya lengket berbusa.,Adminnya ngotot itu barang ori reject pabrik makanya murah.,"kalau jualannya memang sesuai klaim, harusnya gak perlu muter2 pas ditanya soal asal barangnya",4,1,0,1,abusive_language,individual,,opinion_attack_ambiguity
1575,keyword_search,ngomong begitu,2026-08-13,Punya temen kosan kalo pinjem barang kaga pernah dibalikin sendiri.,Pasti harus ditagih dulu baru pura-pura lupa ya.,Helm bogo gw dipinjem 3 hari pas dibalikin kacanya lecet parah.,"Dia malah bilang ""yaelah lecet dikit doang baper amat ntar gw ganti pake stiker"".","dibilang sepele terus padahal yg nanggung kerugian orang lain, gampang banget ya ngomong begitu",4,1,0,1,abusive_language,individual,,opinion_attack_ambiguity
1576,keyword_search,gak keliatan,2026-08-13,Rencana kenaikan UKT di kampus negeri mulai diprotes bem.,Katanya rektorat mau ngurangin kuota mahasiswa jalur mandiri jg.,Alasan rektornya sih buat ningkatin kualitas fasilitas kampus.,Nyatanya ruang kelas ac nya mati kaga pernah dibenerin dari tahun kemaren.,"tiap ada masalah ujung2nya yg disalahin selalu keadaan, giliran diminta beresin malah gak keliatan",4,1,0,1,abusive_language,institution_policy_idea,,escalation
1577,keyword_search,masih sibuk,2026-08-13,Lebaran kumpul keluarga paling males ditanya kapan lulus.,Kalo udah lulus ditanya kapan nikah kapan punya anak wkwk siklus.,Tante gue nyinyir banget ngebandingin gue sama anaknya yang pns.,Padahal anaknya itu lulus pns hasil nyogok ordal ratusan juta dari bapaknya.,"kalau dari awal semuanya dipermudah karena koneksi, wajar sih kalau sekarang masih sibuk cari pembenaran",4,1,0,1,abusive_language,individual,,opinion_attack_ambiguity
1578,keyword_search,maksa orang lain,2026-08-13,Naik kereta ekonomi premium kursinya sempit banget dengkul mentok.,Kalo yang duduk depannya tinggi pasti kesiksa abis badannya kaku.,Ada ibu-ibu maksa rebahin sandaran kursinya ke belakang mentok banget.,"Dikasih tau kaga bisa gerak gw, malah nyolot ""kan hak saya udah bayar"".","udah dijelasin situasinya masih maksa soal hak sendiri, kadang orang lain juga perlu dikasih kesempatan",4,1,0,1,abusive_language,individual,,opinion_attack_ambiguity
1579,keyword_search,capek nutupin,2026-08-13,Solo rank ML malem minggu emang nguji kesabaran banget.,Banyak bocil make hero fanny tapi kaga bisa gesek kabel nyangkut.,Ngefeed musuh sampe mati 15 kali kaga ada kill sama sekali.,Udah gitu kaga mau surrender malah ngetik nyalahin tank kaga cover.,"kalau mainnya begini terus, tim juga lama2 capek nutupin kesalahan yg sama tiap match",4,1,0,1,abusive_language,individual,,escalation
1580,keyword_search,feminisme,2026-09-24,"halah gitu doang dianggap defensive. harus bikin pembahasan seluruh dosa umat manusia dulu baru boleh bahas suatu kasus? logikanya ikut keblow up juga apa gimana? selalu libtard nimbrung di pembahasan fiqih, ngapain sih","libtard, kufur, dajjal, gampang banget gitu pake istilah buat ngerendahin orang. kasus pencabulan santri dari kaumnya sendiri dianggap gak ada. dasar umat narsistik, dikasih makan ego sama followers yang sesama mabok agama aja udah ngerasa paling suci paling pinter 😂😂","siapa sih yang nganggap gak ada? elu dan gangguan delusi lu? “gampang banget pake istilah buat ngerendahin orang” akun lo sendiri didedikasikan buat ngerendahin agama dan pemeluknya, malu si kalau gue😹",Malu si kalau gue (2)😹,"eh elu bukannya yang dulu koar2 soal anti feminisme itu kan ya? emang cocok sama sih fluosetan, dia juga pasti seneng banget dibelain sama laki2 😂",4,1,0,1,abusive_language,individual,,escalation
1581,keyword_search,orang keganggu,2026-08-13,Tetangga baru beli mobil suv gede tapi kaga punya garasi.,Parkirnya makan setengah jalan komplek bikin susah lewat.,Tadi pagi nutupin gerbang rumah gw persis kaga bisa ngeluarin motor.,Pas digedor rumahnya dia malah ngomel keganggu tidurnya kaga terima.,"orang udah datang sampai depan rumah masih marah karena tidurnya keganggu, luar biasa juga prioritasnya",4,1,0,1,abusive_language,individual,,sarcasm_or_irony
1582,keyword_search,ditunda lagi,2026-08-13,Klien desain grafis gw rewel banget minta revisi minor 15 kali.,Padahal lu cuma dibayar 200 ribu kan bikin logo gitu.,Sekarang dia minta file masternya padahal belom transfer pelunasan.,Bilangnya uangnya lg diputer dulu nunggu invoice dari bos cair bulan depan.,"janji dibayar terus ditunda lagi, lama2 yg dikerjain bukan cuma tagihannya tapi kesabarannya juga",4,1,0,1,abusive_language,non_protected_group,,escalation
1583,keyword_search,ngomong begini,2026-08-13,Nonton film di bioskop kemaren banyak banget yang main hp layarnya terang.,Bikin kaga fokus silau banget dari kursi barisan depan.,Udah ditegur satpam tetep aja main ig story rekam-rekam adegan film.,Kampungan banget kaga bisa lepas sosmed 2 jam doang.,"dua jam aja gak bisa lepas dari timeline, terus urusan cara ngomong ke orang lain juga masih begini",4,1,0,1,abusive_language,individual,,opinion_attack_ambiguity
1584,keyword_search,bukan orang,2026-08-13,Paket gw nyampe ditaro di atas pager padahal ujan deres angin kenceng.,Kaga di chat dulu emang abangnya ngabarin udah di depan?,"Di wa kaga ada, bel rumah kaga dipencet, tau-tau dapet foto doang di aplikasi.",Kerdusnya ancur lebur basah kuyup barang dalemnya ikut rusak.,"barang udah rusak begini masih dianggap selesai, kayak yg nerima paket bukan orang juga",4,1,0,1,abusive_language,non_protected_group,,opinion_attack_ambiguity
1585,keyword_search,bikin masalah,2026-08-13,Pesen mie ayam pangsit di abang-abang gerobak deket stasiun.,Katanya porsinya banyak trus bumbunya lekoh gurih.,Pas gw aduk mienya ada staples karatan nyampur di dalemnya hampir ketelen.,Gw komplain eh abangnya nyengir doang kaga minta maaf sama sekali.,"udah bikin masalah, pas dikasih tau malah senyum2 aja seolah gak ada yg perlu diberesin",4,1,0,1,abusive_language,individual,,opinion_attack_ambiguity
1586,keyword_search,kurang pahamnya,2026-08-13,Dia bilang tarif 50 juta itu wajar karena pembicaranya punya nama besar.,Gue cuma nanya dasar perhitungannya dari mana.,Bukannya jawab malah bilang “kalau keberatan cari yg lain”.,Ya makin keliatan dia gak ngerti masalahnya sendiri.,nah ini nih... makin dibaca makin keliatan kurang pahamnya 😭,4,1,0,1,abusive_language,individual,,escalation
1587,keyword_search,keliatan banget,2026-08-13,Dari kemarin dia bilang gak pernah ikut campur urusan rumah orang.,Padahal tadi dia sendiri yg nyari2 info soal tetangga.,Sampai nanya ke grup warga segala.,Pas ditanya malah pura2 gak tau.,"iya deh, paling polos sedunia... tapi keliatan banget pura2",4,1,0,1,abusive_language,individual,,sarcasm_or_irony
1588,keyword_search,bermasalah,2026-08-13,Admin bilang refund bakal masuk maksimal 3 hari kerja.,Hari keempat belum ada apa2.,Gue follow up baik2 malah disuruh tunggu lagi.,Terus dia copy paste jawaban yg sama.,"sabar sih sabar, tapi kalo begini terus bermasalah juga sistemnya",4,1,0,1,abusive_language,non_protected_group,,opinion_attack_ambiguity
1589,keyword_search,ngomongnya gede,2026-08-13,Dia tadi bilang jangan bawa masalah pribadi ke diskusi.,Lima menit kemudian cerita soal mantannya.,Terus nyerempet2 kehidupan orang lain juga.,Aneh aja sih standar gandanya.,"wkwk ngomongnya gede, prakteknya beda sendiri",4,1,0,1,abusive_language,individual,,quotation_or_counterspeech
1590,keyword_search,pemikirannya aja,2026-08-13,Awalnya cuma bahas game doang.,Terus ada yg mulai nyalahin pemain karena kalah.,Disuruh liat statistik malah ngamuk.,Ujung2nya dia bilang semua orang gak ngerti bola.,ya pantes ngomong begitu... pemikirannya emang muter di situ2 aja,4,1,0,1,abusive_language,individual,,opinion_attack_ambiguity
1591,keyword_search,orang gak nyampe,2026-08-13,Gue udah jelasin kenapa angka itu beda.,Dia masih ngotot bilang datanya salah.,Pas link sumber dikasih malah gak dibuka.,Besoknya ngulang pertanyaan yg sama.,capek njir jelasin ke orang yg gak nyampe2,4,1,0,1,abusive_language,individual,,ambiguous_reference
1592,keyword_search,orang rese,2026-08-13,Mereka lagi debat soal harga sewa apartemen.,Ada yg bilang kemahalan.,Pemiliknya bilang “kalau gak cocok ya cari tempat lain”.,Terus langsung diserang habis2an.,"orang model begini emg rese, dikit2 merasa paling punya kuasa",4,1,0,1,abusive_language,individual,,opinion_attack_ambiguity
1593,keyword_search,nyalahin lain,2026-08-13,Dia bilang semua kritik itu penting.,Tapi komentar yg beda pendapat satu2 dihapus.,Bahkan yg sopan juga ilang.,Sekarang bilang kolom komentarnya toxic.,"lah lu sendiri yg bikin begini, tapi kok malah nyalahin orang lain",4,1,0,1,abusive_language,individual,,quotation_or_counterspeech
1594,keyword_search,gak malu,2026-08-13,Anak baru itu kemarin salah presentasi sedikit.,Bukannya dibantu malah diketawain.,Hari ini dia sendiri minta bantuan orang yg sama.,Katanya cuma bercanda waktu itu.,masih sempet minta bantuan? kayaknya gak ada rasa malu sama sekali,4,1,0,1,abusive_language,individual,,other_and_mixed
1595,keyword_search,gak nyambung,2026-08-13,Tadi rapat dua jam cuma gara2 nentuin satu kalimat.,Orang2 udah pada capek.,Satu orang bolak-balik ganti keputusan.,Begitu selesai malah bilang rapatnya produktif.,produktif dari mananya jir? gak nyambung sama kenyataan,4,1,0,1,abusive_language,non_protected_group,,sarcasm_or_irony
1596,keyword_search,omon-omon doang,2026-08-13,Gue kira dia bercanda waktu bilang “gak usah sok pinter”.,Ternyata pas orang lain jawab dia makin nyerang.,Udah dikasih kesempatan buat ngejelasin juga gak mau.,Cuma muter-muter di kalimat itu-itu aja,oh pantes... omon-omon doang ternyata,4,1,0,1,abusive_language,individual,,escalation
1597,keyword_search,percaya diri,2026-08-13,Dia upload foto makanan terus bilang restoran itu overrated.,Pas ditanya udah pernah makan langsung ternyata belum.,Katanya cukup lihat review orang.,Terus masih ngotot paling ngerti.,"modal liat konten 30 detik udh paling ahli, kayaknya terlalu percaya diri ya?",4,1,0,1,abusive_language,individual,,opinion_attack_ambiguity
1598,keyword_search,sering berubah,2026-08-13,Kemarin dia janji bantu pindahan.,Pas hari H hilang.,Malamnya baru muncul sambil bilang ketiduran.,Padahal dari siang story terus.,yaelah... kayaknya udah sering banget ceritanya berubah,4,1,0,1,abusive_language,individual,,ambiguous_reference
1599,keyword_search,nyari alasan,2026-08-13,Mereka ngomongin kebijakan kampus.,Ada yg kritik karena biaya naik.,Dia malah bilang yg kritik cuma mahasiswa malas.,Gak ada satupun yg bahas soal kemalasan.,terus yg dibilang males siapa? kayaknya cocok buat yg suka nyari alasan,4,1,0,1,abusive_language,individual,,quotation_or_counterspeech
1600,keyword_search,kok pengen,2026-08-13,Dia bilang gak suka drama online.,Tapi tiap ada isu baru dia selalu paling dulu bikin thread.,Setelah rame baru bilang pengen hidup tenang.,Komennya sendiri paling panjang.,damai katanya 😂 tapi kok keliatan banget pengen diperhatiin,4,1,0,1,abusive_language,individual,,sarcasm_or_irony
1601,keyword_search,bikin repot,2026-08-13,Dari awal gue cuma minta dia benerin format file.,Balasannya malah “kalau gak suka kerjain sendiri”.,Ya akhirnya gue kerjain sendiri.,Besok dia nanya kenapa namanya gak dicantumin.,minta dihargai padahal kerjaannya bikin repot orang lain,4,1,0,1,abusive_language,individual,,opinion_attack_ambiguity
1602,keyword_search,lucu dari mana,2026-08-13,Ada yg bilang artis itu lucu banget.,Gue tanya bagian mana yg menurut dia lucu.,Jawabnya cuma “ya pokoknya lucu”.,Pas dikasih opini beda langsung tersinggung.,wkwk lucu dari mana... seleranya emg beda dari biasanya,4,1,0,1,abusive_language,individual,,sarcasm_or_irony
1603,keyword_search,ga paham,2026-08-13,Gue lihat dia salah sebut nama produk tiga kali.,Udah dikoreksi juga masih sama.,Terus dia malah ngetawain orang lain yg typo.,Kontrasnya kocak sih.,"urus diri sendiri dulu deh, biar ga keliatan kurang paham",4,1,0,1,abusive_language,individual,,quotation_or_counterspeech
1604,keyword_search,gak nyaman,2026-08-13,Mereka bilang layanan publik harus transparan.,Begitu diminta data malah bilang “gak perlu dijelasin”.,Orang2 mulai protes.,Dia justru marah ke yg nanya.,segitunya takut ditanya? kayaknya gak nyaman ya kalo dipertanyakan,4,1,0,1,abusive_language,individual,,opinion_attack_ambiguity
1605,keyword_search,gak nyambung,2026-08-13,Dari tadi dia bahas pentingnya sopan santun.,Cara ngomongnya sendiri kasar ke semua orang.,Ada yg ngingetin baik2.,Dia malah bilang orang lain terlalu sensitif.,cocok sih... omongan sama tindakannya gak nyambung,4,1,0,1,abusive_language,individual,,escalation
1606,keyword_search,pamer doang,2026-08-13,Gue kira dia ngerti coding karena cara ngomongnya meyakinkan.,Pas diminta jelasin implementasinya malah bingung.,Terus ganti topik ke pengalaman kerja.,Gak ada satu baris kode pun yg dibahas.,ohh ternyata cuma suka pamer doang,4,1,0,1,abusive_language,individual,,opinion_attack_ambiguity
1607,keyword_search,panjang omongannya,2026-08-13,Orang itu bilang kritik film harus objektif.,Tapi dia marah waktu rating orang lebih rendah dari ratingnya.,Bahkan nyerang reviewer pribadi.,Katanya reviewer itu cari sensasi.,yg cari sensasi siapa coba... panjang banget omongannya,4,1,0,1,abusive_language,individual,,quotation_or_counterspeech
1608,keyword_search,tapi lupa,2026-08-13,Grup lagi nyusun acara kampus.,Satu orang paling keras soal profesionalitas.,Tapi deadline bagian dia sendiri lewat.,Besoknya baru bilang lupa.,profesional katanya... tapi kok sering lupa,4,1,0,1,abusive_language,individual,,sarcasm_or_irony
1609,keyword_search,gak terbiasa,2026-08-13,Dia nanya kenapa orang lain belum menikah.,Pas dibales soal kehidupan pribadinya langsung marah.,Padahal pertanyaannya sama.,Akhirnya dia bilang jangan ikut campur.,"kena balik dikit langsung panas, kayaknya gak terbiasa dikritik ya?",4,1,0,1,abusive_language,individual,,escalation
1610,keyword_search,susah ngobrol,2026-08-13,Dari tadi dia bilang pendapat orang lain harus dihargai.,Tapi setiap ada yg beda pandangan dibilang cari perhatian.,Bahkan reply yg sopan ikut diserang.,Sekarang dia bilang dirinya cuma tegas.,tegas apaan... kayaknya emg susah diajak ngobrol,4,1,0,1,abusive_language,individual,,quotation_or_counterspeech
1611,keyword_search,pribumi,2026-08-12,"Gua heran, pendukung [PERSON_A] ini abnormal loh. Si [PERSON_B] ngomong angin gak punya KTP pada gak paham. Giliran itung-itungan [PERSON_A] & pidato asbunnya dipaham-pahamin anjrit.",G semua kayak gtu. Klo salah ya salah. Beda sama lo yg penjilat pantat imigran. Lo jelas2 dibego2in tp manut aja,"Orang lahir disini, KTP sini, masih aje dibilang imigran. Presiden lu noh keturunan Yahudi 😂",Lah mau lahir dimana jg klo keturunan ya tetep aja imigran. Susah centang biru cuma mau cari engagement aja ketauan tololnya. Klo gtu kenapa ahok dibilang bukan pribumi? Sama2 lahir di sini jg,at least keturunan Yaman juga gak pernah jadi penghianat tanah air. Daripada Pribumi tapi nindas Pribumi. NAJIS😂,4,1,1,1,hate_speech,protected_group,race,opinion_attack_ambiguity
1612,keyword_search,laki babi,2026-08-23,I mean?,"[USER_H] Bib, mau nanya. Kenapa ya kenikmatan seksual justru jadi salah satu gambaran reward di surga, dan kenapa yang tertulis eksplisit justru untuk laki-laki? Kalau perempuan juga mendapat kenikmatan yang sama, kenapa tidak dijelaskan secara eksplisit ya?","Gua gamau jawab sisi agama,tpi semenjak gua terjun kerja dilingkup cwo, cwo tuh napsu nya bejat bgt kak, pnya duit dikit jjn, nah mgkn dengan reward eksplisit gini mrk bisa nahan kemaluan... sedangkan cwe dngn kata mau appun pasti dikabulkan jg udh ok sih untk kita yg bnyk mau",Berarti laki2 adalah babi dan tidak berlogika itu bener ya?,Iya udh eksplisit aja masih gabisa jaga,4,1,1,1,hate_speech,protected_group,gender,quotation_or_counterspeech
1613,keyword_search,etnis cina,2026-08-14,"Oke anggap aja rasis, tapi statment dia bener kan?","trlepas lu rasis, emang lu anggap lu nggak rendahan miskin gitu?",Yg penting ngga nipu 👌🏻 Nyepong orang itu dikasih apaan sih? 😹,"eventually lu bakal punya bos2 cina dan lu bakal nyepong mreka jg. so hati2 di Indo; tanah yg punya sinar mas, ladang yg punya pangestu, tambang punya adaro, laut dikapling aguan, dan langit yg monopoli pt lion grup",Eh...bangke nanti kalau indo rusuh etnis cina yg dibantai,4,1,1,1,hate_speech,protected_group,ethnicity,ambiguous_reference
1614,keyword_search,lgbt,2026-08-15,Kemaren sempet rame ya masalah di kampus soal organisasi mahasiswa yg ngedukung inklusivitas.,"Iya, anak-anak BEM bikin diskusi terbuka soal orientasi seksual dan nuntut perlindungan buat mahasiswa queer.",braw! kenapa mahasiswa kampus kita banyak yang pro lgbt? jujur gw jijik yahh dan heran aja kok lu sekeras itu pembelaannya.,"Padahal udah jelas itu dilarang agama, yang nolak malah dikatain homophobia sama sirkel mereka.","bener, pandangan kayak gitu emang mending dijauhin aja sih, soalnya bisa ngerusak nilai-nilai yang udah ada",4,1,1,0,hate_speech,protected_group,sexual_orientation,ambiguous_reference
1615,keyword_search,homophobic,2026-08-15,Di twitter lagi rame orang-orang barat pada nge-cancel public figure yang ga mau support pride month.,"Di kita juga mulai ketularan tuh, kalau ada tokoh agama nentang hubungan sesama jenis langsung diserang.",Islamphobic itu ketika lu semua dihunting... Orang islam yg phobia segala hal.,lalu kenapa tiap ada yg cuma ga setuju sama kelompok pelangi langsung dicap homophobic? kan ga digusur jg.,"mereka mah emang hobi playing victim, padahal kelakuan mereka juga banyak yg bikin lingkungan sekitar jadi gak nyaman",4,1,1,0,hate_speech,protected_group,sexual_orientation,ambiguous_reference
1616,keyword_search,minoritas,2026-08-15,"Ada berita soal konflik di daerah perbatasan, beberapa kelompok minoritas sering dapet perlakuan ga adil.","Mereka kadang ibadahnya dilarang dan dibubarin, padahal secara undang-undang dilindungi negara.",Banyak kelompok radikal kanan yang pake kekerasan buat ngebubarin acara-acara keagamaan mereka.,"Memang adat istiadat agama mereka diajarin kebencian diselesaikan dengan kekerasan, suatu saat bisa jd bumerang kok.","ga ada bumerang-bumerangan, pandangan mereka emang udah dari dulu beda sama nilai-nilai yang dianut masyarakat sini",4,1,1,0,hate_speech,protected_group,religion,ambiguous_reference
1617,keyword_search,etnis mayoritas,2026-08-15,Liat video viral bapak-bapak marah-marah di parkiran mall utara ngga kemaren?,"Iya, dia bawa mobil mewah trus nabrak motor ojol, tapi malah dia yang ngegas nyalahin ojolnya.",Arogan banget mentang-mentang kaya dan dari etnis mayoritas pengusaha sipit di situ.,"Udah salah ngotot lagi, bener-bener ga ada adabnya ngerendahin orang kecil di jalanan.","gatau diri emang, numpang idup di sini tapi sering bikin masalah. mending mereka sadar diri kalo lagi di tempat orang",4,1,1,0,hate_speech,protected_group,race,ambiguous_reference
1618,keyword_search,kafir kristen,2026-08-15,Di grup keluarga rame bahas politik sampe bawa-bawa sentimen agama lagi nih deket-deket pilkada.,Ada paman gue nyebarin link berita ngatain presiden sekarang lebih pro ke gereja dan kelompok minoritas.,"PENYEBAB KEKACAUAN DI NEGARA INI, ADALAH KALIAN KAUM KAFIR KRISTEN...!!!",OALAHHHH KEBANYAKAN DARI MEREKA ITU PEMBENCI AGAMA KAMI ISLAM...!!!,"emang kelompok ini sering banget jadi sumber perdebatan, kayaknya cara pandang mereka emang susah nyatu sama yg lain",4,1,1,0,hate_speech,protected_group,religion,ambiguous_reference
1619,keyword_search,sesama jenis,2026-08-15,Baca thread orang curhat di X soal pacarnya cowok yang ternyata sering check-in sama cowok lain.,"Sering kejadian tuh sekarang, nikahin atau pacarin cewek cuma buat kedok biar nutupin kelainannya.","Kasian banget korbannya, hidupnya hancur gara-gara ditipu mentah-mentah bertahun-tahun.","Kelakuan mereka bener-bener licik, egois cuma mentingin kepuasan nafsu nyimpang sesama jenis doang.",orang-orang dengan pandangan kayak gitu emang harus diingetin dampaknya kalo terus dibiarin,4,1,1,0,hate_speech,protected_group,sexual_orientation,ambiguous_reference
1620,keyword_search,gay,2026-08-15,Berita luar negeri kemaren ada skandal politisi yang ketahuan ikut pesta tertutup khusus gay.,Padahal kampanyenya dulu dia jualan citra keluarga harmonis dan nilai-nilai konservatif anti menyimpang.,Skandalnya sampe bocor foto-fotonya lagi berduaan sama cowok lain di kamar hotel.,Bener-bener sadis dan manipulatif. Bisa-bisanya orang munafik kayak gitu kepilih jadi anggota dewan.,"ngeri banget emang kalau orang-orang dengan pandangan kayak gini sampe dapet posisi strategis, bisa bahaya buat arah kebijakan",4,1,1,0,hate_speech,protected_group,sexual_orientation,ambiguous_reference
1621,keyword_search,tiongkok,2026-08-15,Kemaren ada pejabat yang pidato soal pentingnya masukin investasi asing gede-gedean ke sektor tambang.,Tapi efeknya malah banyak tenaga kerja asing dari Tiongkok yang masuk ngambil kerjaan buruh kasar warga lokal.,"Lucunya pas ditanya wartawan soal TKA ilegal, pejabatnya malah marah-marah ngerasa difitnah.","HABIS DIA NGUNDANG, TRS DIA SENDIRI YG TERIAK HEIII ANTEK ASENG 😂 KONYOL TOLOL NAN GOBLOK 😂😂😂😂","makanya jangan kasih panggung ke mereka, ujung-ujungnya cuma mau nguasain ekonomi kita doang",4,1,1,0,hate_speech,protected_group,nationality,ambiguous_reference
1622,keyword_search,kafir komunis,2026-08-15,"Di timeline lagi rame perdebatan soal kata ""kafir"" buat nyebut orang di luar Islam.","Ada yang bilang itu terlalu kasar buat dipake di kehidupan sosial sehari-hari, mending sebut non-muslim aja.","Tapi banyak tokoh kanan yang nolak, katanya itu udah istilah baku di kitab suci ga boleh diganti.","Kafir itu diluar islam, komunis, atheis goblok, kalo ahli kitab isinya sdh bnyk dirubah.",golongan ini emang cara mikirnya beda banget sama akhlak yang udah terbangun di sini,4,1,1,0,hate_speech,protected_group,religion,ambiguous_reference
1623,keyword_search,boti,2026-08-15,Kemenkes baru rilis data angka pengidap HIV/AIDS yang meledak tajam taun ini di kota-kota besar.,"Ternyata persentase terbesarnya bukan dari jarum suntik, tapi dari hubungan seksual menyimpang yang berisiko.",Secara spesifik data nyebutin komunitas boti dan sesama pria yang jadi penyumbang utama penularan.,"Udah dibilangin dari dulu, kelakuan mereka itu ngundang azab dan penyakit mematikan buat masyarakat luas.","kaum penyebar virus ini emang sering bikin kegaduhan, harusnya ada tindakan biar gak makin meluas dampaknya",4,1,1,0,hate_speech,protected_group,sexual_orientation,ambiguous_reference
1624,keyword_search,kafir munafikun,2026-08-15,Kemaren ada tokoh dari ormas besar yang ikut ngamanin jalannya perayaan ibadah agama lain di gereja.,Banyak netizen sayap kanan yang marah dan ngatain dia toleransi kebablasan ngelawan syariat.,Mereka nuduh ormas itu malah lebih sering ngebela minoritas daripada umatnya sendiri.,"Kaum munafikun itu satu barisan dg kaum kafir , maka di lihat dr kebiasaan yg terjadi mereka adalah sekte munafikun.",gerombolan ini emang udah sepaket sama sekte sebelah yg cara pandangnya sama2 susah diterima di sini,4,1,1,0,hate_speech,protected_group,religion,ambiguous_reference
1625,keyword_search,kaum sesat,2026-08-15,Poster penolakan perilaku menyimpang di kampus UNP kemaren malah diplesetin sama mahasiswa sayap kiri.,Mereka edit posternya seolah-olah kampusnya ngedukung gerakan pride month dan LGBT.,"Bikin malu kampus aja, pake alesan kebebasan akademik buat promosi hal-hal terlarang secara agama.",penegasan ulang gimana si 😭 ‘tolak LGBT’ yang dikasih 🚫 ya maknanya menolak LGBT dilarang. Anak unp belajar bahasa ga?,Kampus sekarang emang udah disusupi agen-agen perusak moral. Kaum sesat ini harusnya jangan dikasih tempat.,4,1,1,1,hate_speech,protected_group,sexual_orientation,ambiguous_reference
1626,keyword_search,kristen murtad,2026-08-15,"Tadi lewat fyp, ada kesaksian orang yang murtad dan bikin podcast nyeritain alasannya pindah ke agama kristen.",Di podcast itu dia banyak banget ngejelek-jelekin syariat agama lamanya dan bikin framing negatif.,"Udah ketebak sih, kebanyakan dari mereka emang nyari duit dari ngejual cerita kelemahan agama kita.","KELUAR DARI ISLAM BANGGA, PADAHAL ASLINYA DIA UDAH SEPAKAT SAMA KELOMPOK SANA DARI DULU...!!!","dari awal emang udah keliatan busuknya, kelompok penipu ini emang pantesnya dibakar idup-idup di neraka! 🔥",4,1,1,1,hate_speech,protected_group,religion,ambiguous_reference
1627,keyword_search,waria,2026-08-15,Seleb tiktok yang dandan cewek itu lagi ribut sama konten kreator lain gara-gara masalah endorse.,"Dia ngamuk-ngamuk di live IG, suaranya yang tadinya dibuat-buat mendesah langsung balik nge-bass kelaki-lakian.","Trus musuhnya ikutan nyindir dia ngetwit ""lagian ngapain berantem sama cowok jadi-jadian"".","Langsung ngamuk dia dikatain waria, padahal sendirinya juga sering ngatain waria ke orang lain. Apaan sih masa waria bilang waria hmzz...","Halu banget emang, suka ngejek orang lain tapi gak terima kalo dibales dengan istilah yang sama. Kayaknya perlu belajar konsisten.",4,1,1,0,hate_speech,protected_group,gender,ambiguous_reference
1628,keyword_search,chindo,2026-08-15,Beredar video tawuran antar warga pribumi sama etnis minoritas chindo di daerah ruko pasar lama.,"Warga lokalnya kalah telak, padahal mereka yang duluan nyari gara-gara meras uang keamanan ke engkoh-engkoh situ.",Di kolom komentar malah pada perang ras bawa-bawa istilah fankui (pribumi) segala dari pihak yang menang.,"Oh kenapa, gasuka ya ngeliat Chindo di posisi upper hand bisa nanganin orang-orang songong itu??? Get rekt retard.","wajar aja, kadang ras kek gitu mah emang keliatan terlalu percaya diri padahal gak sebanding sama kemampuannya",4,1,1,0,hate_speech,protected_group,ethnicity,ambiguous_reference
1629,keyword_search,penyembah berhala,2026-08-16,Liat video turis ngeluh soal jalanan yang penuh sesajen dan dupa yang dibakar sembarangan ga?,"Iya di daerah timur jawa yang pulaunya terkenal itu, banyak yang buang sisa ritual ke laut juga.","Padahal katanya pulau surga, tapi realitanya jorok banget banya sampah ritual.",Mirip banget sama sungai gangga kelakuannya kaga ada bedanya.,"kelakuannya emang gitu terus ya, kayaknya budaya penyembah berhala emang udah terbentuk seperti itu dari dulu",4,1,1,0,hate_speech,protected_group,religion,coded_language_or_euphemism
1630,keyword_search,minoritas,2026-08-16,Bingung gue kenapa banyak netizen indo yang malah ngebela penjajahan di gaza.,"Biasa, mereka kebawa narasi anti-islam jadi apa aja yang nyerang islam pasti didukung.",Kebanyakan buzzer sayap kanan sih yang narasinya begitu.,Kalo diliat dari bio-bionya sih rata-rata dari agama sebelah yang suka pake kalung salib.,"ya masalahnya kelompok minoritas itu yang paling getol dukung, padahal posisinya juga lagi di sini sebagai pendatang",4,1,1,0,hate_speech,protected_group,religion,ambiguous_reference
1631,keyword_search,penyembah patung,2026-08-16,Ada penyerangan lagi ke fasilitas pemerintah di daerah pegunungan kemarin.,Pelakunya gerombolan separatis bersenjata yang nolak aturan pusat.,Giliran yang begini media kaga ada yang berani nyebut teroris.,"Iyalah, pelakunya kan rata-rata mayoritas dari agama minoritas di sana.","geng penyembah patung ini emang sering banget bikin keresahan, kayaknya cara pandang mereka emang susah diterima di sini",4,1,1,0,hate_speech,protected_group,religion,ambiguous_reference
1632,keyword_search,mayoritas,2026-08-16,Pejabat pusat dari menteri sampe dirjen kenapa isinya dari daerah pulau itu-itu aja ya.,Udah bukan rahasia lagi kalau mau karir mulus ya harus dari suku mayoritas itu.,"Parahnya mereka sering mandang rendah orang dari luar daerahnya, dibilang primitif lah.","Emang kultur birokrasinya begitu, sentris banget dan nepotisme tinggi.","pantesan kelakuannya kayak gitu, ngerasa paling berkuasa padahal kontribusinya juga gak sebanding",4,1,1,0,hate_speech,protected_group,ethnicity,ambiguous_reference
1633,keyword_search,penjajah,2026-08-16,Warga desa di pesisir diusir paksa karena tanahnya mau dibikin resort sama pengembang.,Pengembangnya pake aparat buat nakut-nakutin warga yang sertifikatnya ditahan.,"Bener-bener rakus, tanah leluhur orang dirampas gitu aja demi bisnis.",Mirip kelakuan negara zionis yang ngerebut tanah palestina pelan-pelan.,Mirip sifatnya ama kaum penjajah itu ya😹. Mereka memang genetiknya tukang rampas tanah orang.,4,1,1,0,hate_speech,protected_group,religion,coded_language_or_euphemism
1634,keyword_search,zionis,2026-08-16,Ada rabi luar negeri yang bilang kalau penderitaan warga gaza itu emang udah takdir Ilahi.,"Mereka ngerasa sebagai bangsa terpilih, jadi nyawa orang lain ga ada harganya di mata mereka.",Teologi supremacist gitu kok bisa-bisanya didukung sama negara-negara barat ya.,Ya karena doktrin zionis emang ngajarin kalo ras mereka doang yang manusia seutuhnya.,"Padahal dlm ajaran mereka, orang di luar kaumnya cuman di anggap lebih rendah dari binatang 😂😂 Ajaran iblis emang, ras ini pantesnya dimusnahkan aja.",4,1,1,1,hate_speech,protected_group,religion,ambiguous_reference
1635,keyword_search,jawa,2026-08-16,Ada orang gagal nikah gara-gara beda gelar bangsawan di daerah timur jawa sana.,Oh yang di pulau dewata itu ya? Kalo cewek dari kasta brahmana nikah sama sudra emang dipersulit banget.,Gila hari gini masih aja nerapin diskriminasi sosial berdasarkan keturunan dari lahir.,Kelompok agama mereka emang arogan ngerasa darahnya paling biru.,tradisi yang terlalu ngatur-ngatur derajat orang emang susah diterima di jaman modern,4,1,1,0,hate_speech,protected_group,religion,ambiguous_reference
1636,keyword_search,bali,2026-08-16,Banyak kejadian turis lokal dilarang masuk ke beach club tapi bule kere gampang banget masuknya.,"Pelayanannya juga jomplang, kalo yang pesen warga lokal dicuekin abis-abisan.",Warga sana emang overproud banget sampe nganggep orang luar daerahnya kasta rendahan.,"Kelakuannya bener-bener mirip zionis, pulau bali emang rasis parah.","tempat pesugihan emang sering dituduh rasis, tapi keliatannya pemuja patung ini ngemis dolar doang ke turis asing",4,1,1,0,hate_speech,protected_group,religion,coded_language_or_euphemism
1637,keyword_search,india,2026-08-16,Viral video warga lokal lagi mandi lumpur campur kotoran sapi buat ritual tolak bala.,"Ih jorok banget, itu kan sumber bakteri dan penyakit mematikan.","Ya namanya juga tradisi dari agama mereka, ngikutin ajaran leluhur dari negara asalnya.","Bener, ga ada bedanya kelakuan orang pulau dewata sama orang india.","urutannya emang gitu🔥🔥🔥🔥, sama-sama punya stereotype negatif yang udah melekat",4,1,1,0,hate_speech,protected_group,ethnicity,ambiguous_reference
1638,keyword_search,agama,2026-08-16,"Ngeliat akun IG selebgram itu, isinya nyindir-nyindir ibadah puasa terus.","Iya, dia sengaja mukbang di siang bolong sambil captionnya nantangin orang yang lagi puasa.","Giliran digeruduk netizen, dia bawa-bawa toleransi dan hak asasi.",Padahal di profilnya sok suci banget pake logo salib dan tulisan God First.,"bionya bawa-bawa ayat tapi hobi nyerang agama orang lain, jadi ga sesuai kelakuannya",4,1,1,0,hate_speech,protected_group,religion,ambiguous_reference
1639,keyword_search,minoritas,2026-08-16,Politisi yang kemaren ketauan korupsi proyek bansos malah kepilih lagi jadi anggota dewan.,"Padahal udah jelas-jelas statusnya tersangka, kok masih ada aja yang nyoblos dia ya.",Dia kan selalu mainin sentimen perlindungan minoritas buat ngeraup suara dari gereja-gereja.,"Bener, pendukung fanatiknya rata-rata umat kristiani yang gampang dibodohin ayat.","IDOLANYA KAUM MINORITAS ITU😂😂😂😂, emang kelompok kafir ini sdm jongkok semua, mending diusir aja dari indo!",4,1,1,1,hate_speech,protected_group,religion,ambiguous_reference
1640,keyword_search,zionis,2026-08-16,Kelompok aktivis pelangi kemaren bikin pawai bawa bendera israel di depan kedutaan.,Mereka bangga banget ngedukung zionis cuma karena di sana lgbt dilegalkan.,"Otaknya udah kebolak-balik, dukung genosida demi validasi penyimpangan seksual mereka.",Ga nyadar kalau mereka ke sana juga bakal diludahin sama warga lokalnya.,"malah bikin malu, kalo emang gak betah mending cari tempat lain aja",4,1,1,0,hate_speech,protected_group,sexual_orientation,ambiguous_reference
1641,keyword_search,india,2026-08-16,Ada komunitas pedagang tekstil di pasar baru yang ngadain festival lempar tepung warna-warni.,Jalanan jadi kotor banget dan mereka malah joget-joget kaga jelas nutupin akses jalan.,Emang kelakuan keturunan vrindavan kaga pernah bisa rapi dan bersih di mana-mana.,"Persis banget sama warga india asli kelakuannya, bener-bener ga ada adab.","versi lokalnya sama aja keliatannya, sama-sama punya stereotype negatif yang susah ilang",4,1,1,0,hate_speech,protected_group,race,ambiguous_reference
1642,keyword_search,cewek,2026-08-16,Viral di TikTok ada cewek pamer trik makan gratis tiap weekend pake aplikasi dating.,Dia ngaku sengaja match sama cowok-cowok beda tiap hari cuma buat dibayarin nongkrong di cafe mahal.,Udah gitu dia bangga banget kaga ngeluarin duit sepeserpun buat biaya hidupnya.,"Kalau cowok yang gitu pasti udah dikatain mokondo, giliran cewek malah dinormalisasi.","mentalnya emang kayak gitu ya, terlalu gampang ngejudge padahal belum tentu tau keseluruhan ceritanya",4,1,1,0,hate_speech,protected_group,gender,ambiguous_reference
1643,keyword_search,feminis,2026-08-16,Kemaren ada thread dari feminis radikal yang ngatain ibu rumah tangga itu budak patriarki.,Mereka bilang cewek yang milih ngurus anak di rumah itu bodoh dan ga punya value.,"Padahal katanya women support women, tapi malah ngerendahin pilihan sesama perempuan.",Seseorang yang memilih menjadi seorang ibu malah dihujat sama kelompok mereka sendiri.,kelompok aktivis itu emang omong kosong wkwkwk. betina-betina frustasi ini cacat nalar,4,1,1,0,hate_speech,protected_group,gender,ambiguous_reference
1644,keyword_search,sesat,2026-08-16,Kemarin ada penggerebekan tempat ngumpul aliran minoritas di kampung sebelah.,"Iya, mereka padahal lagi pengajian biasa, tapi massa dari luar datang bawa pentungan.",Warga setempat ngerasa ajarannya udah beda banget sama mayoritas di sini.,"Katanya sih nabinya beda, makanya dianggap sesat dan menyesatkan umat.",kelompok sesat ini emang perlu dikasih pemahaman biar gak teterusan ngajarin hal yang nentang akidah,4,1,1,1,hate_speech,protected_group,religion,ambiguous_reference
1645,keyword_search,jawa,2026-08-16,Kemaren ada kasus pencurian besi proyek di daerah industri bekasi.,Satpamnya sempet mergokin pelakunya bawa pick-up malem-malem.,Pas ditegur malah ngeluarin celurit trus nantangin satpamnya berantem.,Emang ngeri kalau berurusan sama pendatang dari pulau seberang jawa timur itu.,"ras dari sana emang sering dapet image jelek, kayaknya budaya di sana emang beda sama sini",4,1,1,1,hate_speech,protected_group,ethnicity,ambiguous_reference
1646,keyword_search,cewek,2026-08-16,Rame di tiktok cewek-cewek pada bikin tren pamer pacar tapi pacarnya cewek tomboy.,Pake dandan ala cowok trus gaya pacarannya mesra banget di depan kamera.,"Banyak yang komen ngedukung bilangnya ""lucu banget kapalku"".",Makin ke sini penyimpangan kayak gini makin dinormalisasi sama anak muda ya.,"pandangan kayak gini emang sering bikin geleng-geleng kepala, apalagi kalo udah mulai jadi tren di kalangan muda",4,1,1,0,hate_speech,protected_group,sexual_orientation,ambiguous_reference
1647,keyword_search,berkebutuhan khusus,2026-08-16,Pemerintah daerah mau ngebangun fasilitas khusus buat anak-anak berkebutuhan khusus.,Katanya mau ada sekolah gratis buat anak yang punya kelainan genetik kromosom.,Anggarannya nyampe miliaran rupiah ngambil dari dana pajak daerah.,Padahal infrastruktur jalan raya masih banyak yang rusak dan butuh perbaikan.,"ngapain ngabisin duit buat produk gagal, manusia-manusia beban ini ga bakal ada gunanya buat negara.",4,1,1,0,hate_speech,protected_group,disability,ambiguous_reference
1648,keyword_search,pribumi,2026-08-16,Harga sewa tenant di mall-mall besar sekarang makin ga masuk akal.,Yang bisa buka toko di sana ujung-ujungnya cuma pengusaha gede dari kalangan mereka lagi.,"Mereka saling ngasih harga miring ke sesama keturunan, tapi ngasih harga mahal ke pribumi.","Jaringan bisnis mereka emang kuat banget, susah buat pengusaha lokal nembus pasar sana.","banyak yang ngerasa mereka terlalu mendominasi, makanya wajar kalo ada kekesalan dari pengusaha lokal",4,1,1,0,hate_speech,protected_group,race,ambiguous_reference
1649,keyword_search,perempuan,2026-08-16,Perusahaan X baru aja ngeluarin kebijakan kuota wajib 40% perempuan di posisi manajerial.,Tapi banyak karyawan cowok yang protes karena ngerasa kualifikasinya diturunin demi menuhin kuota.,Ujung-ujungnya project banyak yang delay karena leader barunya kurang kompeten di lapangan.,Kelihatan banget maksain agenda kesetaraan tapi malah ngorbanin produktivitas tim.,"mereka kadang suka emosian dan baperan, kerjanya ngangkang doang, jadi susah diajak kerja bareng",4,1,1,0,hate_speech,protected_group,gender,ambiguous_reference
1650,keyword_search,kelompok,2026-08-16,Ada kapal terdampar lagi bawa rombongan manusia perahu di pantai barat.,Warga lokal langsung turun ke pantai buat ngadang mereka turun dari kapal.,Soalnya rombongan sebelumnya malah bikin onar dan minta fasilitas enak di penampungan.,Pemerintah pusat diem aja malah nyuruh pemda setempat yang nanggung biaya makan mereka.,"kelompok ini sering banget ngerepotin, harusnya ada kebijakan yang tegas biar gak terus-terusan jadi beban",4,1,1,0,hate_speech,protected_group,nationality,ambiguous_reference
1651,keyword_search,tradisi,2026-08-16,Temen gue liburan ke pulau dewata ngeluh jalanannya macet banget.,Katanya lagi ada upacara adat besar jadi banyak jalan utama yang ditutup total.,Di setiap perempatan juga banyak sesajen yang bikin jalanan jadi kotor dan bau dupa.,"Ritualnya emang sering banget dan makan waktu, turis kadang ngerasa terganggu.",tradisi kepanjangan dan ngeganggu aktivitas lain emang perlu dievaluasi lagi relevansinya,4,1,1,0,hate_speech,protected_group,religion,ambiguous_reference
1652,keyword_search,menyimpang,2026-08-16,Ada selebgram cowok ngaku terang-terangan di podcast kalau dia suka sama sesama jenis.,"Dia bilang ngerasa lega udah ""come out"" dan ga perlu sembunyi-sembunyi lagi.",Host podcastnya malah ngasih tepuk tangan dan bilang bangga atas keberaniannya.,Hancur banget moral bangsa kalau hal menjijikkan kayak gini dikasih panggung terus.,perilaku menyimpang kayak gini emang perlu diingetin dampak kesehatannya biar ga nular ke masyarakat luas,4,1,1,0,hate_speech,protected_group,sexual_orientation,ambiguous_reference
1653,keyword_search,sdm rendah,2026-08-16,Asrama mahasiswa di jalan kusumanegara kemaren didatengin warga.,Warga protes karena penghuninya tiap malem minggu mabuk-mabukan dan puter musik kenceng.,"Pas ditegur sama pak RT, mereka malah ngeluarin parang dan nantangin warga.",Pemuda-pemuda dari ujung timur ini emang susah banget beradaptasi sama tata krama di sini.,"gerombolan dari sana emang sering dibilang susah beradaptasi, mungkin karena SDM mereka rendah",4,1,1,0,hate_speech,protected_group,ethnicity,ambiguous_reference
1654,keyword_search,keterbatasan fisik,2026-08-16,"Kasir di minimarket depan sekarang pake pin ""Tuli/Hard of Hearing"".",Tadi gue beli rokok harus nunjuk-nunjuk barangnya karena dia kaga denger gue ngomong apa.,Trus sempet salah ngambil kembalian juga karena miskomunikasi pas transaksi.,Harusnya management ga usah maksain naruh orang yang kurang fisik di bagian pelayanan depan.,penempatan orang dengan keterbatasan fisik di bagian pelayanan emang nyusahin,4,1,1,0,hate_speech,protected_group,disability,ambiguous_reference
1655,keyword_search,minoritas,2026-08-16,Tetangga gue yang nonis sering banget muter lagu rohani kenceng-kenceng hari minggu pagi.,Mana mereka rutin ngundang temen-temennya buat nyanyi bareng di rumahnya.,"Padahal rumah di komplek kan mepet-mepet, suaranya nembus banget ke kamar sebelah.",Kayaknya mereka sengaja mau provokasi warga yang mayoritas muslim di sini deh.,"kaum minoritas penyembah patung salib ini emang gatau adab, gruduk aja rumah ibadahnya",4,1,1,0,hate_speech,protected_group,religion,ambiguous_reference
1656,keyword_search,waria,2026-08-16,Kemaren ada keributan di salon kecantikan daerah blok M.,Korbannya mbak-mbak kapster salon yang dipukul sama pelanggannya.,"Pelanggannya itu cowok dandan cewek, dia ngamuk gara-gara hasil blow rambutnya ga sesuai.","Tenaganya gede banget pas mukul, mbak salonnya sampe memar parah di wajah.","mahluk jadi-jadian emang mentalnya sakit, mau dandan rapet juga tetep aja lu waria penyakitan",4,1,1,1,hate_speech,protected_group,gender,ambiguous_reference
1657,keyword_search,standar mereka,2026-08-16,Konten kreator nyobain jajanan pinggir jalan pas liburan ke luar negeri.,Dia beli minuman yang diaduknya pake tangan kosong kaga dicuci dulu.,Es batunya juga cuma dipecahin pake batu bata di pinggir jalan raya yang berdebu.,Keliatan banget negara mereka kaga punya standar kebersihan makanan sama sekali.,"keliatan banget standar kebersihan mereka beda, banyak orang yg udah pernah ke sana ngeluh hal yg sama",4,1,1,0,hate_speech,protected_group,race,ambiguous_reference
1658,keyword_search,teroris radikal,2026-08-16,Rame perdebatan soal suara pengeras dari menara tempat ibadah.,Ada warga yang protes karena suaranya terlalu kencang dan diputer jam 4 pagi.,"Pas protes, dia malah dituduh menistakan agama dan rumahnya didemo massa.",Kenapa sih umat yang satu ini selalu arogan dan ngerasa paling berhak di negara ini.,"gerombolan onta radikal emang isinya teroris semua, sekte berisik ini mending dibumihanguskan aja biar dunia damai.",4,1,1,0,hate_speech,protected_group,religion,coded_language_or_euphemism
1659,keyword_search,etnis,2026-08-16,Proyek ibukota baru lagi ngebut banget pembangunannya biar ngejar target.,Ribuan pekerja konstruksi didatengin langsung dari pulau seberang buat ngerjain fisik.,Warga lokal di sana cuma bisa gigit jari liat kampungnya dirombak total sama orang luar.,Pemerintah pusat selalu nganakemasin suku mayoritas itu buat ngisi lapangan kerja dimana-mana.,"etnis ini emang sering dibilang cuma bisa jadi pekerja kasar, tapi kalo mereka dianggap bikin kumuh ya wajar aja kalo orang sekitar mulai resah",4,1,1,0,hate_speech,protected_group,ethnicity,ambiguous_reference
1660,keyword_search,kaum penjajahan,2026-08-16,Dewan keamanan PBB gagal lagi nyepakatin resolusi gencatan senjata.,Negara adidaya itu nge-veto keputusannya demi ngelindungin sekutu utamanya di timur tengah.,Akibatnya bom terus dijatuhin ke pemukiman warga sipil setiap malam.,"Mereka pake narasi bela diri, padahal niat aslinya mau nyaplok seluruh wilayah itu.","kaum ini emang sering dibilang punya sejarah penjajahan, dan cara pandang mereka masih dianggap mengancam bagi sebagian orang",4,1,1,0,hate_speech,protected_group,nationality,ambiguous_reference
1661,keyword_search,betina,2026-08-16,Di X lagi rame cewek-cewek bikin movement nolak tugas domestik rumah tangga.,"Katanya nyuci, masak, dan beres-beres itu budaya patriarki yang menindas perempuan.","Tapi kalau giliran bayar cicilan KPR dan beli mobil, mereka nuntut cowok yang tanggung 100%.","Standar ganda banget, maunya enak doang tapi kaga mau jalanin kewajiban istri.","kadang ada betina2 yg keliatan gak konsisten antara tuntutan sama kewajibannya, jadi wajar aja kalo dipertanyakan",4,1,1,0,hate_speech,protected_group,gender,ambiguous_reference
1662,keyword_search,gender,2026-08-16,Selebritis cowok itu ngaku di interview kalau dia bisa tertarik sama cewek maupun cowok.,"Dia bilang cinta itu universal, ga mandang gender atau fisik sama sekali.",Fansnya pada muji dia open minded dan supportif banget ke komunitas minoritas.,Padahal itu kan tanda kalau dia kaga punya pendirian dan hypersexual aja nyari pelampiasan.,"kalo perilaku kayak gini terus didukung, lama-lama norma yang udah terbangun bisa bergeser",4,1,1,0,hate_speech,protected_group,sexual_orientation,ambiguous_reference
1663,keyword_search,otak lo,2026-09-24,Profesi: Pendeta Hobi: Flexing materi Materi kotbah: Prosperity We're fucked up. 😭,Kyknya profesi paling menjanjikan itu adlh sbg pendeta protestan ya uangnya banyak dari perpuluhan apalagi  jemaahnya orang2 super kaya..cuma modal alkitab yg nggk perlu dihafal n nggk perlu bisa bahasa asing boleh nikah lg..gw pindah server aja ya? Gw kyknya lmyn berkharisma,Udah sotoy plus rasis juga npd..wajar kalau anonim. Standarnya cowardly fag lah,"Ya kan memang enak jadi pendeta protestan bisa kaya raya, banyak jemaah nya n masih boleh ngewek","otak lo selangkangan mulu sih, sesuai sama yang banyak di pondok pesantren, ga kaget. ngomong fafifu wasweswos tentang zina lah, yang munafiq lah, eh mereka sendiri yg cabul di ponpes guru2 ngaji nya wkwk sampe2 banyak yg belok jadi GAY 😂😂",4,1,1,1,hate_speech,protected_group,religion,other_and_mixed
1664,keyword_search,sumatra,2026-08-16,Kantor gue divisi penagihan isinya mayoritas orang-orang dari Sumatra Utara.,Kalo lagi meeting suaranya kenceng-kenceng banget kayak orang lagi ngajak berantem.,Bos juga kalau negur anak buah suka pake bahasa kasar yang bikin sakit hati.,"Emang culture mereka keras dan kaga kenal basa-basi, kadang bikin orang dari daerah lain kaget.","kadang gaya komunikasi dan budaya mereka emang keras, jadi gak heran kalo orang dari luar ngerasa kaget dan terancam",4,1,1,0,hate_speech,protected_group,ethnicity,ambiguous_reference
1665,keyword_search,bule,2026-08-16,Bule-bule di Canggu kemaren bikin petisi protes suara ayam berkokok pagi hari.,"Kocak banget, padahal mereka yang nyewa villa di tengah pemukiman warga desa lokal.",Ada juga yang berani mukul pecalang pas ditegur karena kaga pake helm bawa motor.,"Mentang-mentang bawa dolar, mereka ngerasa bisa ngatur hukum dan budaya di negara kita.","ras luar yang datang ke sini kadang keliatan terlalu gampang ngatur-ngatur, padahal budaya di sini beda",4,1,1,0,hate_speech,protected_group,race,ambiguous_reference
1666,keyword_search,penyembah,2026-08-16,Rame video kelompok agama tertentu lagi berdoa di depan tembok besar pake topi kecil.,Sambil manggut-manggut mereka baca rapalan teks kuno dari kitab mereka.,Katanya mereka percaya kalau tanah itu dijanjikan khusus buat ras mereka dari ribuan tahun lalu.,Klaim teologis itu yang dipake buat legalkan pengusiran warga asli di sana sampe sekarang.,Kaum penyembah tembok ini emang sering dibilang punya klaim yang dianggap mengancam keberadaan orang lain.,4,1,1,0,hate_speech,protected_group,religion,coded_language_or_euphemism
1667,keyword_search,cowo,2026-08-16,"Thread viral kasus perselingkuhan, suami selingkuh pas istrinya lagi hamil anak pertama.",Parahnya selingkuhannya itu temen kerja suaminya sendiri yang udah tau dia beristri.,Kasus kayak gini tuh seolah ngebuktiin kalau cowok emang gabisa dikasih kepercayaan.,"Mau seganteng dan sekaya apa juga, ujung-ujungnya tetep aja nyakitin pasangan sahnya.",semua cowo itu emang manipulatif dan bikin cewe kecewa. pantesnya dibasmi aja dari muka bumi.,4,1,1,0,hate_speech,protected_group,gender,ambiguous_reference
1668,keyword_search,komunis,2026-08-16,Pekerja tambang di Sulawesi kemarin bentrok fisik sama TKA asing di area smelter.,Warga lokal kaga terima karena pekerja asing dapet fasilitas mess dan gaji jauh lebih gede.,"Padahal kerjaannya sama-sama buruh kasar, bukan tenaga ahli kayak yang dijanjikan pemerintah.",Pemerintah diam aja kaga berani nindak karena takut investasinya ditarik balik ke daratan mereka.,"kehadiran tenaga asing komunis di sektor strategis emang bikin resah, harusnya ada prioritas buat tenaga lokal",4,1,1,0,hate_speech,protected_group,nationality,coded_language_or_euphemism
1669,keyword_search,masyarakat,2026-08-16,Acara pameran seni di Jakarta kemarin diwarnai aksi unjuk rasa massa.,Ada salah satu seniman yang nampilin karya fotografi cowok-cowok setengah telanjang mesra.,Kuratornya bilang itu bentuk kritik sosial soal kebebasan orientasi dan hak minoritas.,Tapi warga nilai itu merusak moral bangsa dan nuntut pamerannya dibubarin paksa.,"kalo kegiatan mereka dianggap ngerusak moral dan bikin resah, wajar aja kalo masyarakat minta mereka ditertibkan",4,1,1,0,hate_speech,protected_group,sexual_orientation,ambiguous_reference
1670,keyword_search,kaum agama,2026-08-16,Banyak oknum penceramah keturunan timur tengah yang jualan nasab di jamaah kita.,Mereka minta dihormati berlebihan sampe jamaah disuruh cium tangan dan kaki bolak-balik.,Padahal isi ceramahnya cuma caci maki dan adu domba sesama umat biar pada ribut.,Kadang aneh liat warga kita yang ngangguk-ngangguk aja dibodohin pake embel-embel keturunan nabi.,kaum hidung panjang ini emang sering dibilang suka manfaatin agama buat keuntungan pribadi,4,1,1,0,hate_speech,protected_group,ethnicity,coded_language_or_euphemism
1671,keyword_search,manusia cacat,2026-08-16,Fasilitas lift di stasiun KRL tanah abang mati total udah dua bulan kaga dibenerin.,Kemaren ada penumpang yang pake alat bantu jalan harus digotong satpam naik tangga manual.,Bikin antrian eskalator jadi macet parah karena nungguin dia lewat dulu pelan-pelan.,Emang serba salah sih kalau transportasi publik kita belum 100% ramah inklusi.,"manusia cacat lumpuh nyusahin jalanan doang, beban idup lu mending gausah keluar rumah drpd bikin ribet",4,1,1,1,hate_speech,protected_group,disability,ambiguous_reference
1672,keyword_search,ras imigrasi,2026-08-16,"Di apartemen deket rumah gue, makin banyak orang kulit hitam dari benua seberang yang nyewa unit.",Banyak warga yang resah karena mereka sering kumpul-kumpul berisik sampe dini hari.,"Kemaren polisi grebek salah satu unitnya, ternyata dijadiin markas penipuan online internasional.",Imigrasi harusnya lebih ketat nyeleksi visa orang-orang dari negara sana biar kaga bawa masalah ke sini.,"kalo ada keluhan soal perilaku dari ras tertentu, sebaiknya imigrasi memang lebih selektif",4,1,1,0,hate_speech,protected_group,race,ambiguous_reference
1673,keyword_search,masyarakat,2026-08-16,Vihara di ujung jalan itu lagi ngadain perayaan besar bakar kertas-kertas doa.,"Asapnya tebel banget nyampe ke pemukiman warga sekitar, bikin mata perih dan sesak napas.","Udah ditegur RT, tapi mereka bilang itu ritual setahun sekali buat leluhur kaga bisa di-skip.","Kadang susah kalau udah bawa-bawa urusan tradisi dan keyakinan, mau dilarang juga takut dibilang intoleran.","Kaum ini emang keliatan egois, cara pandangnya susah nyatu sama nilai-nilai yang dianut masyarakat sekitar.",4,1,1,0,hate_speech,protected_group,religion,ambiguous_reference
1674,keyword_search,perempuan,2026-08-16,Mereka bilang itu pilihan hidup masing-masing.,Ada yang justru memuji keputusan tersebut.,Yang lain bilang pilihan itu tetap perlu dikritik.,Perdebatan akhirnya masuk ke soal perempuan dan posisi mereka dalam hubungan.,yg begini malah dibela ya... padahal dari dulu udah keliatan sendiri kualitasnya 😭,4,1,1,1,hate_speech,protected_group,gender,ambiguous_reference
1675,keyword_search,perempuan,2026-08-16,Awalnya debat soal hak perempuan dalam pernikahan.,Sebagian orang bilang semua pilihan harus dihormati.,Yang lain menilai ada praktik tertentu yang bertentangan dengan nilai mereka.,Terus pembahasannya mulai menyeret identitas agama.,yaudah sekarang keliatan kan siapa yg sebenernya cuma toleran kalau sesuai versinya sendiri,4,1,1,0,hate_speech,protected_group,religion,opinion_attack_ambiguity
1676,keyword_search,agama,2026-08-16,Ada yang memilih mengikuti aturan agama dalam rumah tangga.,Banyak yang bilang pilihan itu terlalu konservatif.,Sebagian justru bilang itu hak pribadi selama sukarela.,Diskusinya malah bergeser jadi serangan terhadap keyakinan tertentu.,"aneh aja, yg begini dibilang rendah terus... giliran pilihan lain malah dianggap paling modern",4,1,1,0,hate_speech,protected_group,religion,opinion_attack_ambiguity
1677,keyword_search,gereja,2026-08-16,"Ngeliat semua komen ttg keputusan famima mengizinkan hijab bikin aku mikir apa ya yang bikin islamophobia bisa sesistemis ini di SNS Jepang? Siapa yang mendanai? Sejak kapan? Apakah pure unadulterated hatred, atau money oriented? Ini orang juga stubborn banget di akun gue 🤡","Kasian, baru ngerasain jd minoritas ya? 🥰🥰","Meanwhile kita sebagai minoritas di Indonesia sudah menjadi makanan sehari-hari, stop playing victim deh kalau di negara sendiri nindas orang lain terus","Udah bosen dihina dr agama, ras, fisik 🥰🥰 wong narasi 98 mau merkosa cina aja masih ada kok wkwkwk classic","Haha menolak lupa Bom gereja, Bom bali. Tapi kalau diingetin langsung denial dan brengseknya malah ngatain balik. Emang nggak ada otak mereka",4,1,1,0,hate_speech,protected_group,religion,ambiguous_reference
1678,keyword_search,sesama jenis,2026-08-16,Mereka lagi debat tentang istilah yang dipakai dalam hubungan sesama jenis.,Ada yang menganggap istilah itu cuma slang.,Yang lain bilang istilahnya merendahkan.,Pembahasannya kemudian bergeser ke penerimaan terhadap pasangan sesama jenis.,"yah kalau yg begitu aja dianggap normal sekarang, ya pantes makin susah dibedain mana yg wajar",4,1,1,0,hate_speech,protected_group,sexual_orientation,ambiguous_reference
1679,keyword_search,homoseksual,2026-08-16,Perdebatan soal hubungan heteroseksual dan homoseksual lagi ramai.,Ada yang bilang semua orientasi punya masalahnya masing-masing.,Sebagian orang mulai saling mengejek.,Lalu muncul komentar yang membandingkan satu orientasi dengan yang lain.,"yang satu dibela terus, yang satunya kalau begini malah dibilang sumber masalah",4,1,1,0,hate_speech,protected_group,sexual_orientation,ambiguous_reference
1680,keyword_search,korban,2026-08-16,Mereka sedang membahas hubungan dua negara setelah konflik sejarah.,Ada yang mengingatkan soal korban perang.,Yang lain membawa-bawa tindakan generasi sekarang.,Diskusinya kemudian berubah menjadi generalisasi terhadap suatu bangsa.,ya beginilah kalau sejarah cuma dipakai pas lagi butuh pembenaran,4,1,1,0,hate_speech,protected_group,nationality,opinion_attack_ambiguity
1681,keyword_search,korban,2026-08-16,Seseorang bercerita bahwa temannya menjadi korban sebuah serangan.,Banyak orang langsung mengaitkannya dengan identitas pelaku.,Ada yang mengingatkan bahwa pelaku tidak mewakili seluruh kelompok.,Debat akhirnya berubah menjadi tuduhan kolektif.,"gara2 beberapa orang sekarang semua yg begitu ikut kena cap, ya sama aja",4,1,1,0,hate_speech,protected_group,religion,quotation_or_counterspeech
1682,keyword_search,pemerintah,2026-08-16,Diskusi tentang kondisi ekonomi dan kemajuan negara makin panas.,Ada yang menyalahkan pemerintah.,Ada yang balik menyalahkan masyarakat.,Beberapa orang mulai menghubungkan masalah itu dengan karakter kelompok tertentu.,pantes aja susah maju kalau dari awal yg begitu terus dibiarin,4,1,1,0,hate_speech,protected_group,nationality,ambiguous_reference
1683,keyword_search,penghinaan agama,2026-08-16,Ada perdebatan tentang istilah slang yang ternyata punya sejarah penghinaan agama.,Sebagian orang menganggapnya cuma candaan internet.,Yang lain bilang istilah itu jelas punya target tertentu.,"Setelah definisinya dijelaskan, diskusinya mulai memanas.",ohh pantes tiap muncul yg begini selalu langsung bikin ribut,4,1,1,0,hate_speech,protected_group,religion,coded_language_or_euphemism
1684,keyword_search,feminisme,2026-08-16,Sejumlah komentar membahas feminisme dan hubungannya dengan agama.,Ada yang bilang feminisme tidak selalu antiagama.,Yang lain nganggap beberapa praktek agama memang patriarkal.,debatnya mulai ngarah ke generalisasi kelompok agama yang berbeda-beda.,makanya kalau tersinggung ya coba lihat sendiri kenapa banyak yg sampai ngomong begitu,4,1,1,0,hate_speech,protected_group,religion,ambiguous_reference
1685,keyword_search,poligami,2026-08-16,Rame banget di X bahas kajian soal poligami yang lagi viral di kalangan ibu-ibu pengajian.,Banyak tokoh agama sana yang bilang kalau istri yang ikhlas dimadu itu dijamin masuk surga.,Ada beberapa jamaah perempuan yang terang-terangan nangis terharu dan rela suaminya nikah lagi demi ibadah.,Apalagi cewek2 yang mau di poligami behh itu kan secara logika ngerugiin diri sendiri banget.,"kadang logikanya emang sulit dipahami, kok bisa milih hal yang jelas-jelas bikin posisinya susah",4,1,1,0,hate_speech,protected_group,gender,opinion_attack_ambiguity
1686,keyword_search,feminisme,2026-08-16,Debat soal feminisme dan hak otonomi tubuh perempuan di Indo emang kaga ada habisnya.,Kalian liberal ini memang selalu nyuarin soal kebebasan perempuan nentuin jalan hidupnya sendiri.,"Perempuan, pacaran, berzina asal konsen kalian dukung dengan alasan my body my choice.",Giliran ada perempuan yang milih jalan konservatif malah kalian cela habis-habisan.,"kok ada yg defensif banget ya kalo dikritik, padahal kritiknya juga buat kebaikan bersama",4,1,1,0,hate_speech,protected_group,gender,ambiguous_reference
1687,keyword_search,lonte-lonte,2026-08-16,Fenomena cewek-cewek open BO atau jadi simpanan pejabat sekarang malah banyak dibikin bahan becandaan di sosmed.,"Iya, mereka malah bangga pamer harta hasil dari jalan pintas gitu pake dalih independent woman.","Perempuan mau jadi ani-ani, hamil duluan, buffalo gathering dsb diglorofikasi, kayanya ""my body my choice""","Giliran ada yang ingin berupaya menjalani aturan agama buat keluarga, kenapa dimaki-maki ya?","emang dasar cacat logika, pantesnya dikurung aja lonte-lonte ini biar ga ngerugiin orang lain",4,1,1,1,hate_speech,protected_group,gender,ambiguous_reference
1688,keyword_search,pelecehan,2026-08-16,Lagi-lagi ada berita kasus pelecehan santri di sebuah lembaga pendidikan berbasis asrama.,Pelakunya lagi-lagi oknum pengajar yang ngerasa punya kuasa mutlak atas murid-muridnya di sana.,"Kenapa heran? pesantren kan emang tertutup sistemnya, banyak kasus korupsi juga ditutupin pake kode-kode agama.",Belum lagi ormas-ormas mereka yang sering persekusi minoritas tapi malah dijilat sama rezim.,"kenapa heran? keliatannya organisasi mereka emang sering terlibat masalah, jadi wajar aja kalo dicurigai",4,1,1,0,hate_speech,protected_group,religion,ambiguous_reference
1689,keyword_search,menyimpang,2026-08-16,Bulan pride ini banyak banget akun-akun di timeline yang pasang avatar bendera pelangi.,Mereka juga makin terang-terangan share konten kemesraan sesama jenis kaga disensor.,Banyak akun anak di bawah umur yang ikut-ikutan tren padahal kaga paham apa-apa.,Dipake nyebarin agenda nyimpang ke anak-anak aja kita mah terlalu sans ae sih nanggepinnya..,"kalo kegiatan yang dianggap menyimpang ini dibiarin terus, lama-lama norma yang ada bisa menyimpang ke arah yang gak diinginkan",4,1,1,0,hate_speech,protected_group,sexual_orientation,ambiguous_reference
1690,keyword_search,makhluk cacat,2026-08-16,Pemerintah lagi gencar-gencarnya bangun fasilitas sekolah inklusi di tiap kecamatan.,Tujuannya biar anak-anak penyandang disabilitas kognitif bisa berbaur sama anak reguler.,Tapi banyak orang tua murid reguler yang komplain karena proses belajar jadi keganggu.,Mohon maaf bgt ini🙏🏼 kdg liat mereka di kelas tp kya lg duduk bengong kaga nyambung.. 🙏🏼,"makhluk cacat beban idup gini ngapain sih dikasih panggung, gatau diri mending dibuang ke panti aja nyusahin orang aja",4,1,1,1,hate_speech,protected_group,disability,ambiguous_reference
1691,keyword_search,keterbelakangannya,2026-08-16,Perusahaan X kemaren buka kuota khusus buat nerima karyawan penderita down syndrome.,Ditaruhnya di bagian pelayanan depan buat nyambut tamu sama bersih-bersih lobby.,Niatnya sih baik buat ngasih kesempatan kerja yang setara buat semua golongan.,Tapi pelayanan mereka sering banget ngaco dan kaga ngerespon kalau ditanya tamu. Vibesnya berasa bgt..,"vibes keterbelakangannya berasa bikin pelayanan mereka kurang profesional, harusnya dievaluasi biar gak bikin orang kecewa.",4,1,1,0,hate_speech,protected_group,disability,ambiguous_reference
1692,keyword_search,gak biasa,2026-08-16,Liat video viral mas-mas yang maksa nyetir mobil matic padahal separuh badannya kaku sebelah.,"Berbahaya banget sumpah, dia nabrak trotoar sampe mobilnya ringsek untung kaga kena orang.",Katanya dia punya riwayat penyakit saraf bawaan dari lahir yang bikin gerak ototnya kaku.,"Jujur, sulit membedakan mana kelainan mental mana stroke, malah mirip kombinasi keduanya.","jujur liat orang yang geraknya gak biasa emang kadang bikin was-was, apalagi kalo di tempat umum",4,1,1,0,hate_speech,protected_group,disability,ambiguous_reference
1693,keyword_search,gak nyaman,2026-08-16,Ada atlet paralimpiade kita yang kemaren dapet sorotan karena gaya selebrasinya unik.,Dia pake kursi roda tapi atraksi muter-muter di lapangan pas dapet medali emas.,Orang-orang bule pada standing applause liat perjuangannya ngelewatin keterbatasan fisik.,"Jujur gue liatnya aneh aja sih, Bahasa tubuhnya kek agak canggung anjir wkwk","bahasa tubuhnya emang keliatan aneh, jadi gak heran kalo orang jadi gak nyaman",4,1,1,0,hate_speech,protected_group,disability,ambiguous_reference
1694,keyword_search,menyimpang,2026-08-16,Debat soal perilaku hubungan seksual menyimpang selalu berujung saling serang privasi.,Orang-orang pada bawa-bawa data kesehatan buat ngebuktiin kalau kelompok itu sarang penyakit kelamin.,Aktivis mereka malah ngelawan bilang kalau resiko penularan penyakit itu ada di semua orientasi.,"Alah mereka ngeles doang, padahal data udah valid dari rumah sakit.","halah, kalo emang data udah valid, kenapa masih tetep aja ngeles? kayaknya emang susah nerima fakta 😭😭😭",4,1,1,0,hate_speech,protected_group,sexual_orientation,ambiguous_reference
1695,keyword_search,ras penjajah,2026-08-16,Ngeliat turis dari negara asia timur itu sering banget bikin ulah ga sopan kalau liburan ke sini.,Mereka sering teriak-teriak di tempat umum kaga peduli orang sekitar lagi pada diem.,"Padahal dulu negara mereka ngejajah kita sadis banget, romusha sampe jutaan orang mati kelaparan.",Indo aja jarang ada yang tau korbannya 4 juta orang. Taunya cuman mereka kejam aja dulu.,"2 bom atom kemaren masih kurang kah buat ras penjajah ini, mending bantai aja semua sisa-sisa ras sipit itu biar ga ada lagi di bumi",4,1,1,0,hate_speech,protected_group,nationality,coded_language_or_euphemism
1696,keyword_search,sekte onta,2026-08-16,Ada rilis berita penangkapan jaringan ekstremis agama di beberapa kota minggu ini.,Mereka kedapatan nyimpen bahan peledak sama senjata rakitan di kos-kosan mahasiswa.,"Trauma banget kejadian masa lalu, banyak nyawa melayang cuma karena doktrin sesat.",Yaiya gw 2018 bangun tidur tb tb dapet kabar temen smp gw sekeluarganya jadi korban bom apa kagak takut gw bejir.,"makanya kalo ada sekte onta tukang bom yang sering dikaitkan sama kekerasan, wajar aja kalo masyarakat jadi curiga",4,1,1,0,hate_speech,protected_group,religion,coded_language_or_euphemism
1697,keyword_search,sdm primitif,2026-08-16,Ketimpangan pembangunan di luar pulau jawa emang kerasa banget bedanya.,"Wilayah timur itu kaya sumber daya alam, tapi infrastruktur sama pendidikannya tertinggal jauh.",Pemerintah pusat sering alesan karena geografisnya susah dijangkau dan wilayahnya terlalu gede.,Makanya negara gak maju2 alasannya tolol luas negara selalu dipake.,"bukan karena luasnya, tapi keliatannya kualitas sdm ras primitif di sana emang masih tertinggal",4,1,1,1,hate_speech,protected_group,ethnicity,coded_language_or_euphemism
1698,keyword_search,agama,2026-08-16,Kasus korupsi yang bawa-bawa oknum tokoh agama tertentu lagi digoreng banget di media.,Kubu seberang girang banget dapet bahan buat ngejatuhin citra agama mayoritas.,Padahal kasus penggelapan dana jamaah di agama mereka juga sering terjadi tapi jarang terekspos.,"Emang kelompok mereka ga ada yang seperti itu?, malah lebih parah skandalnya ditutup-tutupin petinggi.",emang kelompok agama lain juga gak ada yang kayak gitu? malah lebih keliatan kalo diliat dari kasus-kasus yang muncul,4,1,1,0,hate_speech,protected_group,religion,ambiguous_reference
1699,keyword_search,menindas,2026-08-16,Baca manifesto kelompok feminis radikal di forum luar negeri ngeri-ngeri sedap.,Mereka menolak keras semua bentuk pernikahan tradisional yang diatur sama lembaga agama manapun.,Intinya mereka nganggep aturan kitab suci itu buatan laki-laki cuma buat menindas ruang gerak cewek.,"Btw, jangan kaget klo feminists anti religion. Namanya feminisme ya anti apapun yg nindas cwe jir.",jangan kaget emang kadang gerakan tertentu keliatan terlalu emosional dalam menyikapi hal-hal yang dianggap menindas,4,1,1,0,hate_speech,protected_group,gender,ambiguous_reference
1700,keyword_search,feminis,2026-08-16,Rame banget di X bahas kajian soal tugas domestik dan rumah tangga.,Banyak tokoh konservatif yang bilang kalau perempuan yang ikhlas mendedikasikan hidupnya buat suami itu mulia.,Ada beberapa jamaah perempuan yang terang-terangan nulis thread bangga jadi ibu rumah tangga sepenuhnya.,Kalangan feminis radikal malah nyerang mereka dan bilang itu tanda perbudakan patriarki.,"kadang reaksi mereka keliatan berlebihan, jadi wajar aja kalo orang jadi males nanggepin",4,1,1,0,hate_speech,protected_group,gender,ambiguous_reference
1701,keyword_search,mayoritas,2026-08-16,Debat soal kebebasan beragama di Eropa lagi panas gara-gara pelarangan atribut ibadah.,Orang-orang kita yang mayoritas muslim malah pada teriak-teriak minta keadilan dan ngerasa ditindas di sana.,"Padahal di negara sendiri, umat mayoritas ini sering banget ngebubarin ibadah minoritas pake paksaan.","orang Indonesia ngeluh islamofobia itu emang lucu, tukang nindas tapi playing victim terus.",sekte mayoritas ini emang sering dibilang punya cara pandang yang susah diterima oleh yang lain,4,1,1,0,hate_speech,protected_group,religion,ambiguous_reference
1702,keyword_search,ras penjajah,2026-08-16,Viral ada orang indo yang bikin ulah ngerusak fasilitas kereta pas lagi liburan ke Jepang.,Netizen sana langsung ngamuk rasis dan ngusir semua pekerja migran kita pulang ke negaranya.,"Padahal pas masa penjajahan dulu, tentara mereka ngebunuh dan merkosa jutaan orang kita tanpa ampun.",Anehnya banyak wibu lokal yang malah ngebela orang sana dan nyalahin orang kita 100%.,"emang dasar ras penjajah ini keliatan susah lepas dari sejarah penjajahannya, makanya sering dibilang gak punya sensitivitas",4,1,1,0,hate_speech,protected_group,nationality,coded_language_or_euphemism
1703,keyword_search,gak nyaman,2026-08-16,Ada gempa kecil kemaren di daerah Bali yang kerasa sampe ke Lombok.,"Tiap ada bencana alam di sana, pasti ada aja akun buzzer yang komen bawa-bawa azab Tuhan.",Mereka nge-framing kalau daerah situ emang pusat maksiat karena warganya bukan pemeluk agama samawi.,"Bener-bener ga punya empati, musibah alam malah dijadiin bahan buat nyerang keyakinan orang lain.","terus kalo ada bencana baru pada nangis, padahal perilaku mereka juga sering bikin orang lain gak nyaman",4,1,1,0,hate_speech,protected_group,religion,ambiguous_reference
1704,keyword_search,mahluk nyimpang,2026-08-16,Panitia ospek universitas kemaren diprotes karena masukin kuesioner orientasi seksual buat mahasiswa baru.,"Iya, ada opsi pendaftaran yang ngakuin gender fluid dan minta mahasiswa pake pronoun yang sesuai.",Banyak alumni konservatif yang marah karena kampus dianggap ngedukung penyimpangan secara terang-terangan.,"Pas ditegur, panitianya malah bilang kalau kampus-kampus agama itu terlalu kolot dan diskriminatif.",maunya agenda nyimpang lu itu yg diselipin di kampus?😹 mahluk penyebar virus ini perlu dipertimbangkan dulu sebelum ngerusak moral bangsa,4,1,1,1,hate_speech,protected_group,sexual_orientation,ambiguous_reference
1705,keyword_search,orang kasar,2026-08-16,Pendatang dari Jawa Tengah dan Timur makin banyak yang buka warung tenda di pinggir jalan raya.,Sayangnya mereka sering nutupin trotoar pejalan kaki sampe kotor dan bau minyak goreng.,"Kalau ditegur sama Satpol PP, mereka malah ngelawan ngerasa paling berhak nyari makan di ibukota.",Gaya ngomongnya juga keras-keras banget bikin warga lokal kadang males berurusan.,"kelakuannya emang keras dan kasar, jadi gak heran kalo orang jadi males berurusan",4,1,1,0,hate_speech,protected_group,ethnicity,ambiguous_reference
1706,keyword_search,sdm,2026-08-16,"Konflik bersenjata di wilayah Papua makin memanas, banyak fasilitas sekolah yang dibakar separatis.",Mereka terus-terusan nuntut kemerdekaan dan minta campur tangan asing buat mediasi.,"Kalau dibiarin terus, lama-lama wilayah timur beneran bisa lepas dari NKRI kayak timor leste dulu.",Padahal dana otonomi khusus udah triliunan dikucurkan ke sana tapi kaga pernah nyampe ke rakyat.,"mampusss aja lepasin wilayahnya, gerombolan sdm jongkok ini mending dibasmi aja drpd jadi beban negara",4,1,1,0,hate_speech,protected_group,ethnicity,ambiguous_reference
1707,keyword_search,syiah,2026-08-16,Kelompok aliran Syiah di desa sebelah kemaren lagi ngerayain ritual tahunannya pake nangis-nangis.,Warga mayoritas ngerasa terganggu karena ajarannya dianggap nyimpang jauh dari rukun yang asli.,"Bukannya dialog baik-baik, beberapa oknum malah lempar batu ke rumah ibadah mereka pas acara.",Ujung-ujungnya saling klaim paling bener dan nyesatin satu sama lain pake dalil ayat.,udah keliatan banget kalo debatnya cuma muter-muter di klaim masing-masing tanpa mau denger,4,1,1,0,hate_speech,protected_group,religion,ambiguous_reference
1708,keyword_search,menyimpang,2026-08-16,Ada selebtwit cowok yang viral karena kegep sering maksa followernya buat VCS sesama jenis.,"Pas diviralin sama korbannya, dia malah ngeles pake alesan lagi depresi dan butuh temen cerita.",Ga ada permintaan maaf sama sekali ke korban yang udah trauma dilecehin secara mental.,Emang kelakuan orang dari komunitas pelangi kadang suka playing victim padahal dia pelakunya.,emangnya kaum menyimpang ini pernah ngaku salah? keliatannya mereka selalu ngerasa paling bener,4,1,1,0,hate_speech,protected_group,sexual_orientation,ambiguous_reference
1709,keyword_search,risih mereka,2026-08-16,Liat video di TikTok ada waria ngamuk di stasiun KRL gara-gara disuruh masuk ke toilet cowok.,Dia teriak-teriak ngerasa haknya sebagai perempuan dilecehin sama petugas keamanan stasiun.,Padahal secara fisik jelas-jelas badannya gede berotot dan suara aslinya nge-bass kenceng.,Penumpang lain pada risih ngeliat kelakuannya yang caper pengen jadi pusat perhatian.,"Dih, kelakuan mereka emang bikin risih, kayaknya gak sadar diri kalo lagi di tempat umum",4,1,1,0,hate_speech,protected_group,gender,ambiguous_reference
1710,keyword_search,tionghoa,2026-08-16,Belanja grosiran di kawasan glodok kadang bikin emosi ngadepin pelayanannya.,"Kalo kita cuma beli eceran sepotong dua potong, muka engkoh-engkoh pemilik tokonya langsung jutek.",Beda banget senyumnya kalo ngelayanin sesama keturunan tionghoa yang beli borongan gede.,Emang sentimen diskriminasi ekonomi dari mereka tuh kenceng banget ke pribumi lokal.,tapi emang sering ada keluhan soal perilaku bisnis mereka yang dianggap terlalu cari untung,4,1,1,0,hate_speech,protected_group,race,ambiguous_reference
1711,keyword_search,masyarakat,2026-08-16,Podcast terbaru tokoh liberal itu ngedukung banget RUU tentang kebebasan pernikahan sejenis di asia.,Dia berargumen kalau cinta itu universal dan ga boleh dibatasin sama doktrin usang dari agama.,Jelas banget dia nyenggol ajaran agama mayoritas yang nolak keras praktek sodomi dari jaman nabi.,"Mirisnya, banyak anak muda di kolom komentar yang malah setuju sama opini nyeleneh dia.","iya kan bener, kalo ada yang setuju sama pandangan kontroversial kayak gitu, wajar aja kalo masyarakat jadi khawatir",4,1,1,0,hate_speech,protected_group,sexual_orientation,ambiguous_reference
1712,keyword_search,penyembah berhala,2026-08-16,Protes warga soal volume toa masjid yang kekencengan malah berujung pidana buat si pelapor.,Banyak tokoh non-muslim yang nyoba ngritik peraturan ini di X tapi malah di-doxing massal.,"Bukannya dievaluasi secara objektif, kritikan mereka malah dibales pake cacian dan ancaman fisik.",Padahal niatnya cuma nyari win-win solution biar toleransi antar umat beragama tetep jalan.,"PARA PENYEMBAH BERHALA TUGASNYA EMG GONGGONG BHAHAHAHAHA, domba-domba sesat ini emang keliatannya paling vokal, tapi sering lupa kalo dialog juga butuh saling denger",4,1,1,1,hate_speech,protected_group,religion,ambiguous_reference
1713,keyword_search,masyarakat,2026-08-16,Rame perdebatan di timeline soal kenapa biarawati Katolik diizinkan pake penutup kepala di sekolah negeri tapi agama lain sering dipersulit.,"Aturannya emang sering bias, padahal esensinya sama-sama pakaian keagamaan yang nutupin rambut.",Tapi netizen sebelah malah nge-framing kalau penutup kepala agama mereka lebih suci dan beda kelas.,"Sok tau banget pada, ngerasa eksklusif padahal mah sama aja sejarah asimilasi budayanya.","cari tau dulu dong, jangan cuma asal ngomong. kelompok ini emang sering dibilang punya pandangan yang beda dari masyarakat sini",4,1,1,0,hate_speech,protected_group,religion,ambiguous_reference
1714,keyword_search,ras penjajah,2026-08-16,Liat berita banyak pengusaha properti dari Tiongkok daratan yang borong tanah di pesisir Sumatera.,Mereka bangun resort mewah dan pelabuhan swasta yang dibekingin sama oknum aparat lokal.,Nelayan asli daerah situ malah diusir kaga boleh nyari ikan deket-deket perairan resort mereka.,"Lama-lama negara kita dijual murah ke asing, penjajahan gaya baru ini nyata banget di depan mata.",Pemerintah sya wanti2 ini!! lihat itu ada byk bangunan milik ras penjajah!! Usir dan rampas lintah-lintah darat ini!!!,4,1,1,1,hate_speech,protected_group,nationality,coded_language_or_euphemism
1715,keyword_search,penyimpang,2026-08-16,Akun-akun sosmed milik organisasi pride barat terang-terangan ngasih dukungan finansial buat militer Israel.,Mereka bilang zionis lebih inklusif dan ramah LGBT dibandingin sama pejuang kemerdekaan di Gaza.,"Keliatan banget egoisnya, mereka nutup mata sama genosida anak-anak asalkan kelompok mereka diakuin.","Hipokrit tingkat dewa, nuntut hak asasi tapi ngedukung pembantaian warga sipil di sisi lain.","halah kaum penyimpang kerjanya nularin penyakit sama ngelecehin bocil, emang sepaket sama penjajah, bantai aja kaum ini!",4,1,1,1,hate_speech,protected_group,sexual_orientation,ambiguous_reference
1716,keyword_search,ras gembel,2026-08-16,Viral ada supir mobil mewah arogan mukul petugas pom bensin gara-gara ditegur nyelak antrian.,"Diliat dari dashcam, supirnya koko-koko yang sok jagoan pamer bekingan aparat di dompetnya.",Sering banget kelakuan keturunan ras itu sok berkuasa ngerendahin warga pribumi kelas bawah.,Bikin kesel liat mukanya yang songong ngerasa hukum bisa dibeli pake duit keluarganya.,"pulang sana lu ke daratan asal, ras parasit gembel banyak tingkah di negeri orang",4,1,1,1,hate_speech,protected_group,race,ambiguous_reference
1717,keyword_search,china,2026-08-16,Masuknya tenaga kerja asing dan investasi gila-gilaan dari China ke sektor tambang nikel bener-bener masif.,Mereka mendominasi dari rantai pasokan bahan mentah sampe ke pabrik pengolahan jadinya.,"Padahal narasi awalnya ini demi kemajuan ekonomi lokal, tapi untungnya pada terbang ke daratan sana.","Lama-lama mereka ga cuma nguasain ekonomi, tapi ngatur kebijakan politik negara ini dari balik layar.","ras satu ini emang dari dulu dikenal punya pengaruh kuat di ekonomi, tapi kadang terlalu jauh sampai ikut campur kebijakan",4,1,1,0,hate_speech,protected_group,nationality,ambiguous_reference
1718,keyword_search,ras penjajah,2026-08-16,Beredar video di TikTok orang-orang di pasar malam Beijing makan sup kelelawar sama serangga hidup.,"Emang ekstrem banget kebiasaan kuliner mereka, semua hewan dari darat laut udara dihajar masuk perut.",Pantesan sering muncul virus aneh-aneh yang sumber mutasinya dari gaya hidup ga higienis di sana.,"Kalo diliat proses masaknya juga jorok banget, minyaknya daur ulang dari got jalanan.",ras penjajah ini emang sering dibilang punya standar kebersihan yang dipertanyakan sama orang sini,4,1,1,1,hate_speech,protected_group,race,coded_language_or_euphemism
1719,keyword_search,dituduh,2026-08-16,Ada tokoh aktivis yang nyerang demonstran buruh lokal yang nolak kedatangan pekerja pabrik dari Tiongkok.,Tokoh ini belain pengusaha asing pake narasi globalisasi dan nuduh buruh kita males makanya diganti.,"Lucunya si aktivis ini dulunya koar-koar ngebela hak rakyat kecil, sekarang malah jadi jubir cukong.",Uang emang bisa ngerubah prinsip orang 180 derajat buat ngelacurin diri ke oligarki asing.,dia emang keliatan ngebela orang2 yang sering dituduh punya kepentingan tersembunyi di sini,4,1,1,0,hate_speech,protected_group,race,ambiguous_reference
1720,keyword_search,sekte,2026-08-16,Debat tokoh agama di TV semalem panas banget ngomongin aliran-aliran di timur tengah.,Ada ustad yang nolak keras ajaran keras dari perbatasan sana masuk ke kampung-kampung.,Dia bilang penganut ajaran itu suka banget ngekafirin orang yang ga sejalan sama mereka.,"Padahal dakwah itu harusnya ngerangkul, bukan malah nyalah-nyalahin dan merasa paling suci.","Sekte ini emang keliatan eksklusif banget, ngerasa paling bener dan sering nyalah-nyalahin yang lain",4,1,1,0,hate_speech,protected_group,religion,ambiguous_reference
1721,keyword_search,maksa,2026-08-16,Akun anonim sebelah lagi gencar banget nyerang syariat pake narasi kebebasan hak asasi.,"Mereka playing victim terus, ngerasa ditekan sama aturan agama mayoritas di negara ini.","Pas didebat, balesannya muter-muter doang bawa-bawa HAM dan ngehina kitab suci.",Wkwkw ujung-ujungnya ngeluarin opini kotor buat nyerang pribadi lawan debatnya.,jujur aq miris liat cara mikir yang terlalu maksa dan gak mau denger sudut pandang lain,4,1,1,0,hate_speech,protected_group,religion,ambiguous_reference
1722,keyword_search,nyimpang,2026-08-16,Banyak pendukung politisi barat yang bangga banget sama legalisasi hubungan sejenis.,Mereka nganggep itu kemajuan peradaban yang harus dicontoh sama negara berkembang.,Malah ada yang terang-terangan berterima kasih ke pemimpin yang ngesahin aturan kotor itu.,"Bangga banget maksiat dilegalkan, bener-bener buta nurani dan otaknya.",NAJIS dengan terima kasih pengikut aturan gitu 🤣 Pengikut ajaran nyimpang 🤣 barisan halu sakit hati. Belajar yang bener biar ga tambah sesat dukung mahluk penyakitan 😀😀😀,4,1,1,1,hate_speech,protected_group,sexual_orientation,ambiguous_reference
1723,keyword_search,orang kecil,2026-08-16,Gubernur Jabar sering banget sidak ke pasar tradisional marah-marah ke pedagang kecil.,PKL yang jualan di trotoar digusur paksa kaga dikasih tempat relokasi yang layak.,TAPI KALO KE BOS-BOS PROPERTI ASING DIA RAMAH BANGET KAGA ADA GALAK-GALAKNYA.,"Pas diundang makan malem sama pemodal daratan itu, senyumnya lebar banget ngejilat.",KDM GALAK KE ORANG KECIL AKRAB DENGAN cukong... Kadang keliatan banget beda perlakuan ke orang kecil sama yang punya modal besar,4,1,1,0,hate_speech,protected_group,race,ambiguous_reference
1724,keyword_search,menyimpang,2026-08-16,Kampus-kampus sekarang pada gencar ngadain seminar inklusivitas minoritas di bulan juni.,Narasumbernya ngajak audiens buat open minded nerima semua bentuk penyimpangan asmara.,"Ktnya ‘salam toleransi’, tpi kalimatnya dari awal sampai akhir isinya nyuruh orang diam & menghakimi...",Masa kita dipaksa buat maklumin hal-hal yang jelas dilarang sama norma dan hukum alam.,"Perilaku menyimpang orang-orang ini emang bisa ditoleransi? Kalau perbedaan opini wajib, tapi penyimpangan ini gabisa ditoleransi.",4,1,1,0,hate_speech,protected_group,sexual_orientation,ambiguous_reference
1725,keyword_search,masyarakat,2026-08-16,Kenapa sih aktivis sosmed selalu ngerasa kalau penolakan dari warga ke mereka itu tanpa dasar?,Mereka bilang penolakan itu cuma lahir dari kebencian buta tanpa edukasi yang bener.,Orang-orang normal menolak karena ngeri mereka nularin penyakit mematikan ke mana-mana.,Yang selalu bawa urusan ranjang ke ruang publik kan emang sirkel mereka sendiri.,"fair lah, tapi barisan ini emang sering dibilang identik dengan hal-hal yang dianggap tabu sama masyarakat umum",4,1,1,0,hate_speech,protected_group,sexual_orientation,ambiguous_reference
1726,keyword_search,menyimpang,2026-08-16,Beredar video di tiktok tentang cowok yang borong pembalut wanita di minimarket.,Banyak netizen yang muji katanya cowok green flag banget mau beliin buat istrinya.,Tapi ada juga yang curiga jangan-jangan buat nutupin efek samping kelainan orientasinya.,"Makanya mending diem aja gausah diposting segala, malah jadi bahan julid netizen kaga jelas.",Soalnyaa barang2 gituan udh kena stigma mereka bang. Si pelaku menyimpang sendiri yang curhatt kalo dia pake pembalutt buatt menahann belakang diaa yang udah lossdolll😭😭😭,4,1,1,0,hate_speech,protected_group,sexual_orientation,ambiguous_reference
1727,keyword_search,penyimpangan,2026-08-16,Diskusi di base makin ga terarah soal batasan hak privasi dan minoritas di ruang publik.,Ada yang ngotot kalau orientasi itu ga ada hubungannya sama tindakan kriminal atau penyakit.,Mereka bilang menyamakan orientasi minoritas dengan penyakit menular itu sesat pikir.,Padahal udah ada data statistik dari puskesmas soal penyumbang tertinggi penyakit di kota.,"Klo lu narik kesimpulan penyimpangan najis ini wajar, sama aja kek nyebut penyakit kotor itu sehat. Siapa sangka yg awalnya sekedar hinaan ternyata mahluk-mahluk ini pantes dibasmi.",4,1,1,0,hate_speech,protected_group,sexual_orientation,ambiguous_reference
1728,keyword_search,berhala,2026-08-16,Buzzer-buzzer di X kemaren ketauan nyebarin foto hoax soal konflik di jalur gaza.,Fotonya hasil generate AI dipake buat narasi nyudutin perjuangan warga lokal sana.,Mereka rela dibayar buat nyebarin framing negatif yang ngebela tindakan penjajahan.,Parah banget demi uang kaga ada nuraninya sama sekali nutupin pembantaian sipil anak-anak.,semoga terbakar para pembuat berita dusta. Laknat Tuhan atas gerombolan penjajah hidung bengkok dan penyembah berhala ini,4,1,1,1,hate_speech,protected_group,religion,coded_language_or_euphemism
1729,keyword_search,sekte,2026-08-16,Kapal kargo asing kemaren dibajak lagi di laut merah sama milisi bersenjata timur tengah.,"Jalur pelayaran internasional jadi terganggu banget, harga logistik pada naik semua.",Milisi itu ngaku ngelakuin aksi teologis ekstremis pake cara kekerasan ngebajak sipil.,Tindakan kayak gitu malah makin bikin citra wilayah sana jadi sarang perusuh di mata dunia.,semoga ada tindakan tegas buat sekte yang sering dikaitkan sama kekerasan dan radikalisme,4,1,1,0,hate_speech,protected_group,religion,ambiguous_reference
1730,keyword_search,nyimpang,2026-08-16,Di ibukota makin marak banget kasus pelecehan di fasilitas kendaraan umum dan stasiun.,Korban yang lapor mayoritas remaja cowok yang dipepet sama om-om di keramaian KRL.,Ngeri banget predator sejenis sekarang kaga mandang bulu lagi korbannya anak di bawah umur.,Padahal gerbongnya udah dijaga satpam tapi masih aja ada celah buat grepe-grepe korban.,ini pasti gara gara ulah mahluk-mahluk nyimpang gatau diri dan kurangnya pengawasan di area-area yang rawan,4,1,1,0,hate_speech,protected_group,sexual_orientation,ambiguous_reference
1731,keyword_search,betina,2026-08-16,Fandom idol grup luar negeri emang kadang toxicnya kaga ketulungan kalau udah bawa-bawa idola.,Kemaren ada yang di-mass report gara-gara ngetwit ga suka sama fanservice sesama member cewek.,Idol ceweknya sering banget disuruh skinship berlebihan sama member cewek lain demi rating.,"Pas dikritik, shipper garis kerasnya langsung ngamuk-ngamuk ngatain kolot dan phobia.",Tp iya sih kalo yg ngeblock fans fanatik jd kayak yaudah aja. Apa jgn jgn krn kusenggol betina2 nyimpangnya juga gaada yg tau dah aneh🤣,4,1,1,0,hate_speech,protected_group,sexual_orientation,ambiguous_reference
1732,keyword_search,bencong,2026-08-16,Panitia acara kampus maksa dresscode peserta pake baju cerah khas pawai minoritas juni.,Banyak mahasiswa yang nolak karena ga mau diasosiasikan sama gerakan kampanye nyimpang mereka.,"Kalau ga pake atribut warna-warni itu, diancam ga dapet sertifikat kelulusan ospek dari BEM.",Semena-mena banget pake acara maksa-maksa kehendak ideologi kotor mereka ke mahasiswa baru.,pink ijo pink ijo konyol gitu harus nurut ama makhluk-makhluk ini?? wkwkwk hoekcuhh mending usir aja bencong2 ini dr kampus,4,1,1,1,hate_speech,protected_group,sexual_orientation,ambiguous_reference
1733,keyword_search,gak jelas,2026-08-16,Berita pagi ini ada bocah yang ngamuk guling-guling di dalem pesawat sampe penerbangan delay.,"Orang tuanya kaga bisa nenangin, penumpang lain pada panik ketakutan ngeliatnya.",Harusnya pihak maskapai bisa nge-screening penumpang yang kondisinya kognitifnya stabil buat terbang.,"Kalo udah gini kan yang dirugiin orang banyak, waktu kebuang kaga jelas nungguin dia reda.","kalo emang dari awal udah keliatan polanya gak jelas, wajar aja kalo orang jadi males nungguin",4,1,1,0,hate_speech,protected_group,disability,ambiguous_reference
1734,keyword_search,keyakinan,2026-08-16,Liat debat tokoh sekuler sama pemuka agama di youtube ngeri juga argumen-argumennya.,Tokoh sekuler itu ngeklaim kalau peradaban maju itu ga butuh campur tangan dogma ketuhanan.,Dia nyontohin negara-negara eropa yang kaga percaya tuhan tapi makmur sejahtera kaga ada korupsi.,Trus nyindir orang sini yang rajin doa tapi tingkat kemiskinannya tetep tinggi terus.,"udah punya keyakinan tapi kok keliatan gak berpengaruh ke kehidupan, jadi dipertanyakan juga sih",4,1,1,0,hate_speech,protected_group,religion,ambiguous_reference
1735,keyword_search,penjajah,2026-08-16,Puluhan warga sipil di perbatasan meninggal lagi kena reruntuhan bangunan bekas misil.,Mirisnya serangan itu dilakuin pas mereka lagi antri pembagian makanan dari PBB.,Negara penyerang malah bilang itu nargetin terowongan persembunyian musuh di bawah tanah.,Udah abis kata-kata buat ngegambarkan kebiadaban militer mereka ke manusia kaga bersenjata.,"gerombolan penjajah ini emang punya sejarah kekerasan yang susah dilupakan, jadi wajar kalo masih ada rasa curiga",4,1,1,0,hate_speech,protected_group,religion,coded_language_or_euphemism
1736,keyword_search,bali,2026-08-16,Pengendara moge plat B kemaren nendang motor warga lokal di bali sampe jatuh luka-luka.,"Bukannya minta maaf, si pengendara malah pamer backingan ormas dan duit pas didatengin warga.",Kasusnya ujung-ujungnya damai pake materai doang di polsek karena pelaku tau cara nyuap aparat.,"Hukum di sini emang tajam ke bawah tumpul ke atas, selalu memihak pengusaha kaya.","nah, kalo pelakunya dari ras yg punya pengaruh ekonomi kuat, keliatannya hukum jadi beda perlakuan",4,1,1,0,hate_speech,protected_group,race,ambiguous_reference
1737,keyword_search,masyarakat,2026-08-16,Spanduk kampanye calon walikota di daerah pesisir kemaren bikin heboh dan marah warga.,"Spanduknya kaga pake bahasa indonesia sama sekali, murni pake huruf kanji gede-gede.",Padahal di KPU dia daftarnya dari partai nasionalis yang bawa narasi persatuan nusantara.,Ini mah keliatan banget pandang bulu dan cuma mau ngerangkul donatur elit dari daratan doang.,"kampanyenya aja pake bahasa asing, jadi keliatan kalo mereka gak ngerasa perlu nyesuain diri sama masyarakat sini",4,1,1,0,hate_speech,protected_group,race,ambiguous_reference
1738,keyword_search,berlebihan,2026-08-16,Thread di X yang bahas bahaya pergaulan penganut queer di apartemen jaksel rame banget.,"Ada eks-member yang cerita dalemannya, banyak yang kaga peduli kebersihan dan nularin penyakit.",Aktivis mereka langsung nyerbu dan nyebut cerita itu cuma karangan fiktif buat nebar phobia.,Mereka selalu nyangkal kalau komunitasnya itu sumber utama penyebaran virus kelamin.,"kalo mereka wangi-wangi, ya namanya juga usaha buat ngasih kesan baik, tapi kadang keliatan berlebihan",4,1,1,0,hate_speech,protected_group,sexual_orientation,ambiguous_reference
1739,keyword_search,orang risih,2026-08-16,Selebritis dandan cewek itu bikin heboh dan rusuh lagi di acara stasiun TV nasional.,Dia sengaja make rok mini dan godain host cowok lain sambil grepe-grepe manja.,"KPI kaga ada tajinya, ditegur berkali-kali tetep aja diundang terus demi rating acara.",Masyarakat udah muak liat tayangan sampah kaga mendidik kayak gitu dipertontonkan tiap sore.,orang yang kelakuannya berlebihan dan terlalu pengen diperhatiin emang bikin risih,4,1,1,0,hate_speech,protected_group,gender,ambiguous_reference
1740,keyword_search,orang narsis,2026-08-16,Rame video di sosmed orang gila ngamuk di pasar tradisional malak pedagang buah.,"Dinsos harusnya turun tangan, bahaya banget ngebiarin ODGJ seliweran bawa senjata tajam.",Tadi pagi malah ada ibu-ibu yang kena lempar batu sampe bocor kepalanya berdarah-darah.,Serba salah mau nindak tegas tapi ntar dibilang melanggar HAM dan kaga manusiawi.,orang yang terlalu narsis dan gak peduli sekitar emang susah diajak kerja sama,4,1,1,0,hate_speech,protected_group,disability,ambiguous_reference
1741,keyword_search,masalah moral,2026-08-16,Dokter spesialis di TV kemaren di-bully habis-habisan sama akun progresif pro minoritas.,Dokter itu ngejelasin kalau penyimpangan orientasi itu bisa di-treatment secara psikologis klinis.,Pihak sana nolak keras dan bilang itu natural dari genetik dari lahir kaga bisa diubah.,Mereka nutup mata sama fakta kalau banyak kasus terjadi gara-gara trauma masa lalu atau lingkungan.,"kalo diliat dari pengaruh sosial emang bisa jadi faktor, tapi ada juga yang nganggap ini masalah moral",4,1,1,0,hate_speech,protected_group,sexual_orientation,ambiguous_reference
1742,keyword_search,ras barbar,2026-08-16,"Kasus pembegalan di Pantura kemaren ditangkep, pelakunya perantau dari luar pulau jawa.","Tiap baca kolom komentar berita kriminal yang pelakunya orang sana, isinya hinaan rasialis semua.",Seolah-olah seluruh warga daerah itu dicap sebagai penjahat gara-gara segelintir oknum.,"Beda banget tanggapannya kalau pelakunya dari pulau mayoritas, komentarnya kaga pernah sesadis itu.","Kalo pelakunya dari ras kuli barbar itu asal daerah dan sukunya emang pantes dibasmi. Kalo pelakunya dari golongan pribumi lokal, disebutnya “khilaf” Begitu yah rumusnya?",4,1,1,0,hate_speech,protected_group,ethnicity,ambiguous_reference
1743,keyword_search,gembel,2026-08-16,Akun-akun simpatisan separatis OPM di twitter makin bebas nyebarin propaganda sesat.,Mereka nge-framing aparat negara sebagai penjajah dan ngehalalin pembunuhan sipil pendatang.,Ironisnya banyak mahasiswa kiri lokal yang ikut-ikutan retweet dan ngedukung gerakan makar mereka.,Padahal udah jelas-jelas itu nyebarin teror dan ngancem kedaulatan utuh negara kita.,"aneh emang barisan primitif tuh, lama-lama gedeg anjir ngeliat kaum gembel kuli ini ngerasa punya hak merdeka",4,1,1,1,hate_speech,protected_group,ethnicity,coded_language_or_euphemism
1744,keyword_search,taipan,2026-08-16,Taipan properti kemaren borong 10 hektar lahan di pinggiran kota buat dibikin mall elit.,"Warga asli sana dibayar murah banget, kalau nolak rumahnya diteror preman suruhan aparat.","Kekuatan duit emang ngeri, birokrasi kaga ada yang berani ngebela warga miskin di situ.",Ekonomi kita pelan-pelan udah dikuasai penuh sama segelintir konglomerat keturunan asing ini doang.,"udah kayak ras yang pernah ngejajah aja kelakuannya, terlalu ngerasa berkuasa",4,1,1,0,hate_speech,protected_group,race,ambiguous_reference
1745,keyword_search,negatif,2026-08-16,Liat keributan di base soal pandangan tokoh agama yang agak moderat kemaren ga?,"Iya, padahal dia cuma ngajak diskusi terbuka soal tafsir yang lebih ramah zaman.","Tapi malah digeruduk sama akun-akun fanatik, dikatain liberal dan diancam persekusi.",Kok kaga ada adabnya sama sekali ya kalau debat beda pandangan dikit langsung main kasar.,"ya, kadang cara diskusi mereka emang keras dan gak mau denger, jadi wajar aja kalo dapet cap negatif",4,1,1,0,hate_speech,protected_group,religion,ambiguous_reference
1746,keyword_search,kayak elu,2026-08-16,Baca thread cowok-cowok yang ngeluh gara-gara sekarang cewek pada berani nuntut kesetaraan di rumah tangga.,"Mereka pada bilang kodrat perempuan itu di dapur, ngapain sekolah tinggi-tinggi ujungnya nuntut ini itu.","Bener-bener mindset kolot jaman batu, ngerasa derajat mereka lebih tinggi cuma karena urusan biologis.",Liat noh ada aktivis cewek yang ngamuk-ngamuk di-quote retweet sama akun misoginis kek gitu.,"makanya, belajar baca buku. hidup emang repot kalo orang kayak elu melanggengkan cara pandang yang cuma ngerugiin diri sendiri",4,1,1,0,hate_speech,protected_group,gender,ambiguous_reference
1747,keyword_search,radikal,2026-08-16,Viral video oknum massa ngebubarin paksa acara ibadah umat minoritas di ruko kemaren.,"Giliran dilarang buka pengajian di jalan umum, mereka yang paling kenceng teriak di-kriminalisasi.","Standar ganda banget, doyan nindas orang tapi selalu ngerasa jadi korban konspirasi elit.","Playing victimnya jago banget, caper minta dikasihani padahal sendirinya intoleran.",Cengeng and manja. That's what y'all are. Barisan onta ini harus dikirim ke wilayah konflik biar tau rasanya penderitaan asli tuh kaya gimana. Biar otak kecil sekte kalian itu bisa dipake mikir kalo selama ini gerombolan radikal kalianlah yg jadi parasit tukang opresi.,4,1,1,1,hate_speech,protected_group,religion,ambiguous_reference
1748,keyword_search,kelompok ini,2026-08-16,Di daerah utara makin banyak aja pengusaha dari pulau seberang yang buka lapak sembarangan.,"Iya, mereka jualan nutupin akses jalan warga, pas ditegur malah nyolot ngajak berantem.","Udah dikasih izin numpang nyari makan di tanah kita, malah ngelunjak ngerasa paling berkuasa.","Padahal jumlah mereka di sini dikit banget, tapi kelakuannya petantang-petenteng.","Kan udah gw bilang, kelompok ini meskipun jumlahnya dikit, tetap keliatan terlalu percaya diri dan gak mau nyesuain diri",4,1,1,0,hate_speech,protected_group,ethnicity,ambiguous_reference
1749,keyword_search,mayoritas,2026-08-16,Heran sama reaksi over-sensitif ormas-ormas itu tiap ada kebijakan pemerintah yang ga pro mereka.,"Dikit-dikit bikin demo berjilid-jilid, teriak-teriak ngerasa akidahnya paling terancam.","Padahal yang dikritik itu cuma oknum politiknya, kaga ada hubungannya sama ajaran agama mereka.","Selalu aja narasi ""umat sedang ditindas"" yang digoreng buat nyari simpati massa akar rumput.","barisan berisik itu rerata CENGENG, baperan trus whiny dan doyan memainkan peran sebagai minion yang merasa terzholimi, padahal mayoritas. sekte mayoritas kok inferior dan insecure? 🤡🤡🤡",4,1,1,1,hate_speech,protected_group,religion,ambiguous_reference
1750,keyword_search,keyakinan,2026-08-16,Ada video kesaksian orang yang murtad dan pindah haluan ke agama seberang viral di TikTok.,Di video itu dia banyak banget nyinyirin syariat dan ngehina nabi dari agama lamanya.,"Sengaja banget mancing emosi umat, padahal kalau mau pindah ya pindah aja ga usah ngehina.",Orang-orang yang agamanya dihina langsung pada ngamuk di kolom komentar ga terima.,"kok ada yang bilang bangga keluar dari keyakinan? padahal ajaran kami juga gak cengeng kok. saran gw, urus aja keyakinanmu sendiri",4,1,1,0,hate_speech,protected_group,religion,ambiguous_reference
1751,keyword_search,ajaran,2026-08-16,"Baca berita rilis populasi demografi terbaru, tren pemeluk agama timur tengah di eropa makin naik pesat.","Iya, banyak ustad yang share berita itu sambil bilang kalau masyarakat barat udah mulai dapet hidayah massal.",Mereka bangga banget nganggep itu bukti kebangkitan ajaran mereka di benua orang.,Padahal data aslinya nunjukin peningkatan itu murni karena gelombang pengungsi besar-besaran.,"ajaran mereka emang susah diterima di banyak tempat, apalagi kalo diikuti sama kelompok yang sering dibilang pendatang",4,1,1,0,hate_speech,protected_group,religion,ambiguous_reference
1752,keyword_search,nyimpang,2026-08-16,"Tadi pagi cek X, tiba-tiba gue di-block sama mutual yang lumayan sering interaksi.","-ngeliat moots ngepost something ""biasanya bisa gw komen kok gk bisa ya?"" Bertanya dgn polos.","cek profile nya ""you have been blocked by this user"" oala di blok, but what could be the reason? ...",-inget gw pernah tweet nolak gerakan pride month. Pasti gara-gara itu deh.,"Atau aku pernah debat mutual dia yg dukung gerakan nyimpang😅 Ah well, glad to know the filter system still work kalo lu bilang mahluk-mahluk nyimpang ini penyakit parasit yg deserved for the therapy instead of touching the kids. Gk mau juga moots pendukung barisan penyebar virus itu.",4,1,1,1,hate_speech,protected_group,sexual_orientation,ambiguous_reference
1753,keyword_search,menyimpang,2026-08-16,Lagi rame netizen bahas postingan selebritis yang terang-terangan ngedukung kampanye legalisasi hubungan sesama jenis.,Banyak netizen yang ngingetin kisah kaum nabi terdahulu yang dihancurkan karena perilaku serupa.,"Gilanya, malah banyak akun sjw yang ngebela sang selebritis dan bilang agama kaga berhak ngatur orientasi privasi.","Yang ngebela itu padahal status KTP-nya juga beragama, tapi kaga takut sama ancaman dosa besarnya.","iya kan bener, berarti masuk dosa besar. kalo ada yang nyetujui hal yang dianggap menyimpang, ya wajar aja kalo kena imbasnya",4,1,1,0,hate_speech,protected_group,sexual_orientation,ambiguous_reference
1754,keyword_search,gender,2026-08-16,"Ada akun alter di X yang berantem sama orang, tapi pas diajak ketemuan kaga berani muncul.",Isinya cuma sindir-sindiran doang pake foto profil palsu yang editan cewek cantik.,Padahal aslinya dia cowok tapi suka pake baju perempuan kalau lagi live di aplikasi streaming.,Giliran dikonfrontasi di forum terbuka malah langsung nge-block dan kabur dari debat.,"Debat di forum dong... Jgn jadi mahluk setengah mateng di medsos koar2nyaa, dasar gender jadi-jadian",4,1,1,1,hate_speech,protected_group,gender,ambiguous_reference
1755,keyword_search,gerombolan ini,2026-08-16,Baca thread sejarah tentang kerusuhan dan penjarahan toko-toko gede di akhir tahun 90an.,Banyak yang bilang itu murni sentimen ekonomi karena kesenjangan sosial yang terlalu jauh.,Emang waktu itu pengusaha dari etnis tertentu mendominasi banget pasar dan kekayaan nasional.,"Ada yang nyalahin warga lokal barbar banget, padahal ketimpangannya emang nyata dibeking aparat.","Tanpa mengurangi rasa simpati pada korban, Apa yang terjadi pada ras lintah darat saat itu kompleks. Lu kaga usah bela gerombolan ini, mereka emang pantes dibantai jaman dulu",4,1,1,1,hate_speech,protected_group,race,ambiguous_reference
1756,keyword_search,asing,2026-08-16,Lucu liat politisi negara tetangga yang anti-asing tapi keluarganya sendiri keturunan pendatang.,Tiap kampanye selalu teriak-teriak nolak investasi dan pekerja dari daratan asia timur.,"Padahal kalau dirunut silsilahnya, kakek buyutnya itu imigran dari wilayah sana juga yang merantau.",Munafik banget demi narik suara pemilih mayoritas yang emang sentimen rasialisnya tinggi.,"tp ada politikus yang ngomongin soal keturunan asing, padahal keluarganya sendiri juga ada darah dari sana",4,1,1,0,hate_speech,protected_group,race,ambiguous_reference
1757,keyword_search,kelompok ini,2026-08-16,Wilayah yang sempet merdeka dulu itu sekarang malah sering dilanda krisis kemiskinan dan kelaparan parah.,Dulu mereka ngotot banget minta pisah dari kita pake alasan beda ras dan kebudayaan.,Ujung-ujungnya sekarang malah ngemis-ngemis minta bantuan dana dan proyek infrastruktur dari negara kita lagi.,"Udah gatau diri, mending kaga usah diurusin biarin aja mereka hancur ngurus negaranya sendiri.",sama kayak wilayah ujung timur itu. kelompok ini emang sering dibilang jadi beban pembangunan,4,1,1,0,hate_speech,protected_group,ethnicity,ambiguous_reference
1758,keyword_search,bodoh,2026-08-16,Daerah di ujung sumatera itu lagi rame nuntut pengibaran bendera daerahnya sendiri secara resmi.,Padahal kesepakatan damainya jelas-jelas kaga boleh ada atribut separatis yang menyerupai masa lalu.,Mereka ngancem bakal bikin aksi massa besar-besaran kalau pusat kaga ngasih izin pengibaran.,Mentang-mentang dikasih otonomi khusus syariat malah ngelunjak ngerasa bisa bikin negara sendiri.,"Kalian semua dari provinsi ujung itu, masih dilingkungan negara kita. Kalau kibarkan bendera sendiri artinya apa, jangan bodoh. Itu jelas melanggar aturan.",4,1,1,0,hate_speech,protected_group,ethnicity,ambiguous_reference
1759,keyword_search,gerombolan itu,2026-08-16,Kemaren ada pejabat dari daerah ujung barat itu yang nolak keras bantuan sosial dari pusat pake alesan harga diri.,"Tapi giliran ada bencana alam banjir bandang, tiba-tiba langsung bikin proposal minta dana triliunan.","Heran banget, padahal dana otonomi khusus mereka itu paling gede tapi rakyatnya masih banyak yang miskin.","Kelakuan elit daerahnya emang licik, duitnya abis dikorupsi tapi lagaknya paling agamis.","Biasalah gerombolan provinsi sok suci itu klo udh kenyang emang suka Gitu... Ntar klo laper atau pas ada bencana, ngemis2 lagi. dasar gatau diri pantes ditenggelamin tsunami",4,1,1,1,hate_speech,protected_group,ethnicity,ambiguous_reference
1760,keyword_search,kaum ini,2026-08-16,"Perdebatan konflik timur tengah di timeline makin kasar, saling ancam mau nyamperin ke rumah.",Ada akun anonim pro zionis yang nantangin netizen lokal buat duel fisik di dunia nyata.,Provokator sembunyi dibalik medsos!! ketemu gw habisi lu berani banget ngerendahin korban sipil.,"Akun anonim itu balesnya kaga kalah galak, malah ngeluarin kata-kata rasis ke lawan debatnya.","yg ada juga elu, kaum hidung bengkok yang dibilang punya sejarah penjajahan. kaum ini emang sering dibilang gak punya sensitivitas",4,1,1,1,hate_speech,protected_group,religion,coded_language_or_euphemism
1761,keyword_search,keyakinan,2026-08-16,Ada perdebatan teologi di YouTube yang ngebahas konsep monoteisme di agama samawi.,Narasumbernya bilang kalau agama tertua di timur tengah itu nyembah entitas tuhan yang sama dengan agama penerusnya.,Gimana Sih orang dari agama tertua itu sendiri yg mengakui tuhan nya dan agama samawi lain tuhan yg sama.,Banyak tokoh garis keras dari umat tersebut yang nolak mentah-mentah klaim penyamaan tuhan itu.,"wkwkwk... coba suruh barisan itu tunjukin dalilnya kalo tuhannya sama? pasti gak bisa, soalnya emang beda keyakinan",4,1,1,0,hate_speech,protected_group,religion,ambiguous_reference
1762,keyword_search,sekte sesat,2026-08-16,Diskusi sejarah tentang pembantaian dan inkuisisi agama di masa lampau bener-bener kelam.,Banyak perempuan yang dituduh penyihir trus dibakar hidup-hidup cuma gara-gara paham herbal.,Tokoh-tokoh gereja waktu itu punya kuasa absolut buat ngehukum mati siapa aja yang dianggap bidah.,"Kengerian atas nama dogma agama emang pernah kejadian di mana-mana, kaga mandang keyakinan apa.",Bukan cuma sekte onta. Di barisan pemuja salib juga gitu abad kegelapan. Bisa dituduh penyihir😌 emang dasar sekte berhala sesat,4,1,1,1,hate_speech,protected_group,religion,ambiguous_reference
1763,keyword_search,ajaran sesat,2026-08-16,Thread X soal suami yang tiba-tiba bawa istri baru ke rumah tanpa ngomong dulu ke istri pertama.,"Suami menikah lgi tdk harus ijin istri sebelumnya, ngelesnya pake alesan itu udah sesuai syariat agama.",Banyak netizen perempuan yang ngamuk ngerasa hak-haknya sebagai istri direndahkan banget pake dalil.,"Mentang-mentang ada aturan poligami, kelakuan laki-laki jadi seenaknya nyakitin perasaan perempuan.",Ajaran lu sesat berarti. Sekte tukang kawin isinya predator semua. Wajar aja ada yg ngerasa gitu,4,1,1,0,hate_speech,protected_group,religion,ambiguous_reference
1764,keyword_search,ajaran gurun,2026-08-16,Opini publik di negara-negara barat sekarang makin kenceng sentimennya terhadap imigran dari timur tengah.,Kok rasanya sentimen kebencian terhadap agama mereka tambah banyak aja ya belakangan ini.,Ya karena banyak oknum imigran yang maksa nerapin aturan konservatif di negara sekuler.,Ujung-ujungnya warga lokal ngerasa terancam gaya hidupnya gara-gara kedatangan kelompok religius itu.,"Deserved, ajaran gurun sampah barisan nya judgemental semua, religion of chaos.",4,1,1,1,hate_speech,protected_group,religion,ambiguous_reference
1765,keyword_search,mereka,2026-08-16,Perlakuan aparat sama pekerja kasar dari daerah timur nusantara emang kadang diskriminatif banget.,"Pas ada keributan kecil di mess buruh, aparat langsung turun bawa senjata laras panjang.","Padahal kalau yang ribut warga lokal, pendekatannya persuasif doang kaga pake kekerasan fisik.",Wajar kalau mereka ngerasa teralienasi dan malah sering nuntut merdeka gara-gara dihinakan di ibu kota.,"kalo wilayah timur terus-terusan bikin masalah, mereka emang perlu ditindak yang lebih tegas",4,1,1,0,hate_speech,protected_group,ethnicity,ambiguous_reference
1766,keyword_search,pengkhianat,2026-08-16,Ada analis politik yang nyinyirin proyek-proyek pemerintah karena dianggap cuma bagi-bagi jatah ke cukong.,Dia bikin teori konspirasi kalau semua perusahaan gede yang menang tender itu terafiliasi sama wapres lama.,Berarti hoax dong kalau perusahaan dari sulawesi itu beda grup sama bisnis keluarga wapres lama?,Buzzer pendukung pemerintah langsung nyerang analis itu dan bawa-bawa afiliasinya ke pengusaha keturunan luar.,dia emang keliatan terlalu vokal dalam membela keturunan pengkhianat yang sering dituduh punya kepentingan ekonomi,4,1,1,0,hate_speech,protected_group,race,ambiguous_reference
1767,keyword_search,gak nyaman,2026-08-16,Komunitas cosplay kemaren bikin geger gara-gara ada cowok yang pake kostum karakter cewek tapi terlalu vulgar.,Parahnya dia berantem di area pameran sama fotografer sampe main fisik pukul-pukulan.,Orang-orang kaget karena suara aslinya cowok tulen pas lagi teriak-teriak marah.,Ngerusak citra event pop culture aja kelakuan orang-orang aneh yang suka cari sensasi berlebihan.,"kok di forum kayak gitu ada yang kelakuannya berlebihan, bikin suasana jadi gak nyaman",4,1,1,0,hate_speech,protected_group,gender,ambiguous_reference
1768,keyword_search,politik,2026-08-16,Fandom kpop sering banget buta nutupin kesalahan idolnya yang jelas-jelas problematik.,"Semua orang harusnya melek sama isu begini btw... it's a freaking common sense and bare minimum. Jangan terlalu diginiin lah, idol mu tuh dah dewasa...",Ada idol yang terang-terangan difoto minum kopi dari brand yang danain militer penjajah di gaza.,"Pas diingetin, fansnya malah marah balik dan ngatain orang-orang terlalu over-reacting nyangkut pautin ke politik.","mending fokus aja sama idolamu, soalnya keliatannya kalian emang satu frekuensi dalam hal pandangan politik",4,1,1,0,hate_speech,protected_group,religion,ambiguous_reference
1769,keyword_search,norak,2026-08-16,Serial remaja barat sekarang selalu ada adegan dua cowok ciuman.,"Bener, kayak udah jadi template wajib biar dapet rating inklusivitas dari kritikus.",Kadang ceritanya maksa banget kaga nyambung sama plot utamanya.,"Makanya gue males nonton netflix sekarang, agendanya terlalu kelihatan.",Kok ada yang bangga sama hal yang dianggap tabu sama masyarakat umum? Norak sih,4,1,1,0,hate_speech,protected_group,sexual_orientation,ambiguous_reference
1770,keyword_search,kelompok,2026-08-16,Harga ruko di kawasan utara ibu kota makin ga ngotak naiknya tiap tahun.,Cuma pengusaha-pengusaha gede dari sirkel mereka doang yang sanggup beli cash.,Pribumi makin minggir kaga dapet lapak strategis buat jualan.,Emang mereka sengaja monopoli ekonomi biar kita cuma jadi babu di tanah sendiri.,kelompok yang terlalu fokus ke akumulasi kekayaan emang sering bikin orang sekitar resah,4,1,1,0,hate_speech,protected_group,race,opinion_attack_ambiguity
1771,keyword_search,cacat,2026-08-16,Di deket rumah gue lagi dibangun sekolah khusus buat anak-anak autis.,"Bagus dong, jadi mereka punya fasilitas belajar yang disesuaikan sama kondisinya.",Tapi denger-denger warga sekitar protes karena takut lingkungannya jadi berisik.,Kasian banget padahal mereka juga punya hak buat dapet pendidikan.,"Buang-buang anggaran aja fasilitasin produk gagal, mahluk-mahluk cacat ini mending diisolasi aja biar ga nyusahin orang normal.",4,1,1,0,hate_speech,protected_group,disability,ambiguous_reference
1772,keyword_search,berhala,2026-08-16,Setiap minggu pagi jalanan komplek selalu macet karena ada yang parkir sembarangan.,"Iya, jemaat yang ibadah di ruko ujung itu pada bawa mobil tapi kaga ada lahan parkirnya.",Ditegur RT malah ngeles bawa-bawa kebebasan beribadah.,Bikin kesel warga yang mau keluar masuk komplek jadi kepenjara.,Sekte pemuja berhala emang paling 'toleran' bikin polusi jalanan. Wajar kalo masyarakat risih,4,1,1,0,hate_speech,protected_group,religion,sarcasm_or_irony
1773,keyword_search,gak cocok,2026-08-16,Asrama mahasiswa daerah ujung timur kemaren digerebek polisi.,Kedapatan banyak botol miras oplosan sama senjata tajam rakitan.,Pantesan tiap malem sering banget kedengeran suara orang ribut-ribut dari dalem situ.,Warga sekitar udah resah banget dari dulu tapi kaga berani negur langsung.,orang-orang ini emang sering dibilang gak cocok sama lingkungan perkotaan,4,1,1,0,hate_speech,protected_group,ethnicity,coded_language_or_euphemism
1774,keyword_search,betina,2026-08-16,Gerakan childfree di kalangan cewek karir makin rame digaungkan di sosmed.,"Alesannya macem-macem, dari isu mental health sampe ga mau ngerusak badan.",Banyak cowok konservatif yang kepanasan dan ngatain mereka egois.,Padahal kan punya anak atau kaga itu pilihan personal masing-masing.,"Betina-betina gatau kodrat, otaknya kendor semua. Kadang keputusan personal kayak gini emang bikin orang bertanya-tanya soal prioritas hidupnya",4,1,1,0,hate_speech,protected_group,gender,opinion_attack_ambiguity
1775,keyword_search,ras,2026-08-16,"Kabar terbaru dari timur tengah, angka korban anak-anak yang gugur makin naik drastis.",Militer mereka terus ngebom area pengungsian tanpa ampun pake dalih nyari markas musuh.,Kok bisa ya ada manusia sejahat itu kaga punya empati sama sekali.,Karena doktrin teologi mereka ngajarin kalau nyawa di luar bangsanya itu ga berharga.,Ras yang sering dibilang punya sejarah kekerasan yang bikin orang was-was,4,1,1,0,hate_speech,protected_group,religion,ambiguous_reference
1776,keyword_search,sumatra,2026-08-16,Ada kapal kayu bersandar lagi di pantai barat sumatra bawa ratusan orang kelaparan.,Warga sekitar langsung turun tangan ngadang mereka turun ke daratan.,Soalnya rombongan sebelumnya banyak yang kabur dari camp dan bikin kriminal.,Pemerintah juga bingung mau nampung di mana anggarannya kaga ada.,"Gausah dikasih makan. Kalo emang gak ada kapasitas buat nampung, harusnya ada pendekatan yang lebih tegas di perbatasan",4,1,1,0,hate_speech,protected_group,nationality,ambiguous_reference
1777,keyword_search,asia selatan,2026-08-16,Sering banget lewat fyp review jajanan kaki lima dari negara asia selatan.,Jijik banget liat penjualnya ngaduk adonan makanan pake tangan telanjang masuk ke ember.,Belum lagi lalatnya terbang-terbang di atas makanannya kaga ditutupin.,Kalo gue disuruh makan gratis juga mending puasa seharian deh.,kadang stigma buruk tentang kebersihan dan kemiskinan emang melekat sama ras tertentu,4,1,1,0,hate_speech,protected_group,race,ambiguous_reference
1778,keyword_search,jawa,2026-08-16,Kasus pencurian besi penutup gorong-gorong di surabaya akhirnya ketangkep pelakunya.,Ternyata komplotan dari pulau seberang yang emang sering jadi pengepul besi tua.,Kalo ketangkep warga mereka berani ngelawan ngeluarin celurit panjang.,Ngeri emang wataknya keras-keras kaga kenal takut sama hukum.,Etnis yg emang sering dikaitkan sama tindak kekerasan dan kriminalitas di tanah Jawa.,4,1,1,0,hate_speech,protected_group,ethnicity,ambiguous_reference
1779,keyword_search,gak ideal,2026-08-16,Berita viral selebritis perempuan luar negeri adopsi anak bareng pasangan perempuannya.,Mereka pamer foto keluarga bahagia di instagram sampe masuk trending.,Banyak netizen kita yang ngedoain semoga anaknya kaga ketularan kelakuan emak-emaknya.,Kasian mental anaknya nanti kalau udah gede sadar orang tuanya beda dari yang lain.,kasihan anaknya kalo tumbuh di lingkungan yang dianggap masyarakat gak ideal,4,1,1,0,hate_speech,protected_group,sexual_orientation,opinion_attack_ambiguity
1780,keyword_search,gak nyaman,2026-08-16,Kontes kecantikan sejagat tahun ini menuai kontroversi lagi gara-gara aturannya dirubah.,Sekarang transpuan udah diizinkan secara resmi buat ikut tanding sama perempuan asli.,"Keliatan banget maksa inklusif, padahal secara biologis tulang dan ototnya beda.",Perempuan asli ngerasa ruang aman dan panggungnya direbut paksa sama mereka.,"kok ada yang keliatan terlalu memaksakan diri untuk diakui, padahal banyak yang gak nyaman",4,1,1,0,hate_speech,protected_group,gender,opinion_attack_ambiguity
1781,keyword_search,kadrun,2026-08-16,Perdebatan soal volume pengeras suara di bulan puasa selalu jadi polemik musiman.,Ada warga protes karena jam 3 pagi suaranya udah kenceng banget kaga bisa tidur.,"Pas lapor ke RT, rumahnya malah digeruduk massa dituduh penistaan.",Toleransi kaga pernah jalan kalau minoritas selalu disuruh maklum terus-terusan.,"Kadrun emang sering bikin kegaduhan di lingkungan, jadi wajar kalo masyarakat resah",4,1,1,0,hate_speech,protected_group,religion,coded_language_or_euphemism
1782,keyword_search,komunis,2026-08-16,Pabrik peleburan nikel di sulawesi bentrok lagi antara buruh lokal sama tenaga ahli asing.,"Yang bikin kesel, tenaga ahli yang didatengin ternyata buruh kasar juga sama kayak kita.",Gaji mereka jauh lebih gede dan dapet fasilitas mess mewah dari perusahaan.,Pemerintah tutup mata karena takut investasi dari daratan mereka ditarik balik.,kehadiran kuli-kuli komunis di sektor ekonomi emang sering bikin pertanyaan soal keberpihakan ke lokal,4,1,1,0,hate_speech,protected_group,nationality,coded_language_or_euphemism
1783,keyword_search,akses mereka,2026-08-16,Pejalan kaki yang pake kursi roda ngeluh trotoar baru malah dihalangin tiang listrik.,Dia curhat di sosmed minta pemda ngebongkar tiangnya biar bisa lewat dengan aman.,Banyak netizen yang malah nyalahin dia nyari-nyari kesalahan pemerintah kota.,Sedih banget empati masyarakat kita masih rendah buat fasilitasi kelompok rentan.,"kalo emang akses mereka masih terbatas, sebaiknya dicari solusi yang gak ganggu pengguna lain",4,1,1,0,hate_speech,protected_group,disability,opinion_attack_ambiguity
1784,keyword_search,orang luar,2026-08-16,"Pas hari raya nyepi kemaren, ada turis lokal yang nekat keluar hotel ke pantai.",Langsung diamuk sama pecalang setempat karena dianggep ngerusak kesucian ritual.,"Aturannya emang ketat banget, internet sama lampu aja kaga boleh nyala 24 jam.",Bagi pendatang yang ga biasa pasti ngerasa kayak di kota mati dan terisolasi.,tradisi yang terlalu kaku dan gak berkembang emang sering bikin orang luar gak betah,4,1,1,0,hate_speech,protected_group,religion,ambiguous_reference
1785,keyword_search,bule,2026-08-16,"Bule-bule di canggu makin ngelunjak, kemaren ada yang mukul polisi pas kena razia helm.","Mentang-mentang bawa kurs mata uang kuat, mereka ngerasa hukum di sini bisa dibeli.",Banyak juga yang diem-diem kerja remote kaga bayar pajak sepeserpun ke negara kita.,"Tapi aparat kita juga kadang terlalu lembek ngadepin mereka, kaga berani tegas.",Bule gembel yang datang ke sini sering keliatan gak mau menyesuaikan diri sama budaya lokal,4,1,1,0,hate_speech,protected_group,race,coded_language_or_euphemism
1786,keyword_search,najis,2026-08-16,Ada LSM yang nuntut pemerintah melegalkan hak adopsi anak buat pasangan minoritas gender.,Mereka bawa-bawa deklarasi hak asasi manusia universal buat neken anggota dewan.,"Kalau sampe dikabulkan, hancur udah moral generasi muda kita dicekoki paham nyimpang.",Untungnya masih banyak ormas keagamaan yang jadi benteng nolak keras tuntutan mereka.,"Wah hebat banget ya pejuang lubang najis ini, bangga banget nyebarin HIV. Kok bisa dengan bangganya nunjukin diri terang2an",4,1,1,1,hate_speech,protected_group,sexual_orientation,sarcasm_or_irony
1787,keyword_search,preman,2026-08-16,Di jalanan sering banget ada insiden mobil ditarik paksa sama debt collector.,"Tampangnya sangar-sangar semua, ngomongnya kenceng pake logat sumatera utara.",Kadang mereka nekat nyegat di tengah jalan padahal di mobil ada anak kecil pada nangis.,Premanisme berkedok jasa penagihan ini udah lama banget kaga diberantas tuntas.,Gerombolan preman barbar yang sering bikin onar emang harus ditindak tegas biar gak meresahkan,4,1,1,0,hate_speech,protected_group,ethnicity,opinion_attack_ambiguity
1788,keyword_search,maskulin,2026-08-16,"Tren ""soft boy"" sama cowok yang ngerjain tugas domestik di rumah makin normal sekarang.","Istrinya yang kerja kantoran, suaminya yang nyapu ngepel sama ngasuh anak.",Dulu mah mana ada cowok mau turun gengsi ngerjain kerjaan dapur gitu.,Pergeseran peran gender di era modern emang udah ga bisa dihindari lagi.,kadang cara pandang maskulin tradisional emang udah gak relevan di zaman sekarang,4,1,1,0,hate_speech,protected_group,gender,ambiguous_reference
1789,keyword_search,sesat,2026-08-16,Bulan muharram kemaren ada kelompok minoritas yang ngerayain ritual mukul dada sendiri.,"Sampe berdarah-darah gitu kepalanya, katanya buat mengenang cucu nabi yang gugur di perang.",Mayoritas umat di sini nolak keras ajaran itu karena dianggap menyimpang dari rukun asli.,Tapi mereka tetep ngotot ngadain acara walau sering dibubarin paksa sama warga.,"Gerombolan sesat tukang siksa diri, sering bikin gaduhan, jadi wajar kalo masyarakat sekitar gak nyaman",4,1,1,0,hate_speech,protected_group,religion,opinion_attack_ambiguity
1790,keyword_search,mereka aja,2026-08-16,Kedai kopi di senopati sekarang nerapin konsep pelayanannya pake bahasa isyarat semua.,"Semua baristanya temen-temen tunarungu, jadi kita mesennya harus pake gestur tangan.","Niatnya inklusif, tapi kemaren pesenan gue salah mulu gara-gara miskomunikasi ribet banget.","Kalau lagi buru-buru mending beli di tempat biasa aja deh, kaga cocok buat yang butuh cepet.","kalo mereka ngomong aja susah susah, ngapain harus bayar? Tempat ini emg kurang cocok buat yg butuh pelayanan cepet",4,1,1,0,hate_speech,protected_group,disability,ambiguous_reference
1791,keyword_search,warga lokal,2026-08-16,Anak-anak muda PIK sekarang hobinya flexing mobil sport mewah trus konvoi nutup jalan tol.,Kalau ditegur polisi mereka cuma senyum-senyum ngerasa bapaknya punya koneksi petinggi.,"Keliatan banget kesenjangan sosialnya, yang satu foya-foya, yang pribumi nyari makan aja susah.",Dominasi kekayaan mereka emang udah ngeakar banget dari zaman orde baru dibiarin merajalela.,kadang orang sukses dari warga lokal emang sering dituduh hasilnya dari eksploitasi,4,1,1,0,hate_speech,protected_group,race,ambiguous_reference
1792,keyword_search,etnis ini,2026-08-16,"Habis arus balik lebaran kemaren, populasi pengamen dan PKL di jakarta naik drastis.",Kebanyakan dari daerah jawa tengah yang ngadu nasib tapi kaga bawa keahlian apa-apa.,Bikin kumuh kolong jembatan karena mereka pada bikin bedeng liar buat tempat tinggal.,Satpol PP udah capek razia tiap bulan tapi besoknya pada balik lagi ke tempat semula.,"Mental babu kuli kasar menuh-menuhin jakarta doang, etnis pemalas ini pantesnya jadi jongos selamanya kaga bakal maju.",4,1,1,0,hate_speech,protected_group,ethnicity,ambiguous_reference
1793,keyword_search,makluk ini,2026-08-16,Viral foto dua cowok selebgram lokal pamer sertifikat nikah resmi di balai kota belanda.,Pake jas senada sambil ciuman di depan gedung pemerintahan sana diposting di IG.,Di kolom komen banyak fujoshi yang nangis terharu ngedukung kebebasan cinta mereka.,Serem banget ngeliat generasi muda malah nganormalisasi kelakuan di luar kodrat gitu.,Kiamat udah deket ngeliat kelakuan mahluk laknatullah ini. Banyak yang khawatir sama dampaknya ke generasi,4,1,1,1,hate_speech,protected_group,sexual_orientation,coded_language_or_euphemism
1794,keyword_search,agama parasit,2026-08-16,Tiap libur panjang kawasan puncak bogor selalu dipenuhi turis-turis dari timur tengah.,"Banyak plang toko pake bahasa arab, dan marak banget kasus kawin kontrak sama warga desa situ.",Mereka manfaatin kemiskinan warga lokal buat kepuasan nafsu sementara doang trus ditinggal pulang.,Kasian cewek-cewek lokal sana yang masa depannya hancur gara-gara diiming-imingi duit segepok.,"Turis-turis dari gurun emang predator gatau malu, parasit penjual agama ini mending dipulangin aja",4,1,1,1,hate_speech,protected_group,nationality,coded_language_or_euphemism
1795,keyword_search,otaknya cuma,2026-08-16,"Makin banyak bermunculan podcast cowok-cowok yang ngajarin ilmu ""Alpha Male"" di youtube.",Mereka ngerendahin cewek dan ngajarin kalau poligami itu hak mutlak cowok sukses yang kaga boleh ditentang.,Ngasih doktrin ke pendengarnya kalau laki-laki itu bos besar dan istri cuma aksesoris pelengkap hidup.,Keliatan banget kalau cowok-cowok kayak gitu aslinya insecure parah butuh validasi buat dominasi.,"Si paling superior ngerasa raja dunia, padahal otaknya cuma selangkangan doang. Terlalu percaya diri sampe lupa sama keterbatasannya",4,1,1,0,hate_speech,protected_group,gender,sarcasm_or_irony
1796,keyword_search,sulit nyesuaiin,2026-08-16,Asrama mahasiswa daerah ujung timur kemaren bikin rusuh lagi lempar-lemparan botol kaca ke jalan raya.,Warga sekitar kaga ada yang berani keluar rumah karena mereka pada mabuk parah megang senjata tajam.,"Padahal mereka di sini numpang cari ilmu, tapi kelakuannya preman banget kaga ngehargain adat setempat.","Susah emang kalau watak dasarnya udah beringas, di sekolahin tinggi-tinggi juga tetep aja balik ke tabiat asal.",Kadang orang2 daerah tertentu dianggap sulit nyesuaiin diri dengan kehidupan perkotaan,4,1,1,0,hate_speech,protected_group,ethnicity,opinion_attack_ambiguity
1797,keyword_search,sekte sesat,2026-08-16,Yayasan rumah sakit besar yang baru dibangun di kota gue dituduh punya agenda kristenisasi terselubung.,"Isunya beredar di grup WA, katanya pasien dari warga miskin sering diselipin brosur doa agama mereka.",Banyak ormas sayap kanan yang langsung demo di depan gerbang RS nuntut izin operasinya dicabut paksa.,Kadang berita belum jelas buktinya udah main telan mentah-mentah aja saking bencinya sama kelompok situ.,"Modus licik sekte domba sesat, misi penjajahan akidah berkedok medis. Kadang ada yg khawatir kalo bantuan kemanusiaan dipake buat kepentingan lain",4,1,1,1,hate_speech,protected_group,religion,coded_language_or_euphemism
1798,keyword_search,usaha mereka,2026-08-16,Ada konten kreator TikTok yang punya down syndrome rajin banget live jualan kerajinan tangannya.,"Viewernya rame pada beli karena kasian, tapi kadang dia kaga ngerti cara proses pesanannya.",Kemaren malah ada netizen julid yang ngatain dia cuma ngeksploitasi kondisinya buat dapet sumbangan.,Sedih liat orang udah berusaha mandiri masih aja dinyinyirin dan diremehin usahanya.,"Caper doang jualan muka melas. Kadang ada yang keliatan cari perhatian, padahal usaha mereka ga ada gunanya.",4,1,1,0,hate_speech,protected_group,disability,opinion_attack_ambiguity
1799,keyword_search,kaum ini,2026-08-16,Kemenkes baru ngeluarin peringatan soal wabah cacar monyet yang mulai nyebar di kota-kota besar.,Data epidemiologisnya nyebutin penularan tertinggi ada di komunitas laki-laki yang suka sejenis.,Pola hidup bebas berganti pasangan bikin virus itu gampang banget mutasi dan nyebar di sirkel mereka.,"Tapi pas diomongin gitu, aktivis kesehatan langsung nyerang Kemenkes dituduh ngasih stigma diskriminatif.","Azab instan buat barisan penyuka bool, kaum penyakitan ini emang pantes musnah pelan-pelan menderita!",4,1,1,1,hate_speech,protected_group,sexual_orientation,coded_language_or_euphemism
1800,keyword_search,etnis pelacur,2026-08-16,Stereotip orang dari jawa barat itu cowoknya males kerja keras tapi ceweknya doyan dandan doang.,Makanya banyak banget yang berakhir jadi simpanan pejabat atau nikah muda demi ngangkat derajat keluarga.,"Kalo di kantor gue beneran sih, temen-temen dari daerah sana kebanyakan kerjanya santai kaga mau lembur.","Tapi ya ga semua gitu juga kali, itu mah generalisasi yang kaga adil buat orang-orang rajin dari sana.","Etnis tukang dandan doang kaga mau kerja keras, mental murahan pantesan pada jadi pelacur kelas atas semua.",4,1,1,1,hate_speech,protected_group,ethnicity,opinion_attack_ambiguity